1,4,24,88,0.0296172808019,"[35, 'NewGudkova', 1497, array([-0.98056458,  0.72473467, -0.32030564]), array([-0.77340972,  0.59088503, -0.22954801])]"
0,0,24,84,0.0431005919387,"[35, 'NewGudkova', 346, array([-0.98242751,  0.71302989, -0.24080029]), array([-0.77340972,  0.59088503, -0.22954801])]"
5,160,72,52,0.0505254622621,"[35, 'NewGudkova', 46938, array([-0.96986602,  0.81013646, -0.33536954]), array([-0.77340972,  0.59088503, -0.22954801])]"
4,144,88,28,0.058866812238,"[35, 'NewGudkova', 42532, array([-0.97686591,  0.66374663, -0.25018646]), array([-0.77340972,  0.59088503, -0.22954801])]"
6,168,68,64,0.0660206978411,"[35, 'NewGudkova', 49191, array([-0.97099126,  0.84869618, -0.32627108]), array([-0.77340972,  0.59088503, -0.22954801])]"
2,8,24,92,0.0891254406977,"[35, 'NewGudkova', 2648, array([-0.97893321,  0.71383479, -0.3989527 ]), array([-0.77340972,  0.59088503, -0.22954801])]"
7,172,68,72,0.107223862115,"[35, 'NewGudkova', 50343, array([-0.98403564,  0.59897346, -0.23625731]), array([-0.77340972,  0.59088503, -0.22954801])]"
3,144,88,24,0.108929009125,"[35, 'NewGudkova', 42531, array([-0.95994944,  0.89376308, -0.38652229]), array([-0.77340972,  0.59088503, -0.22954801])]"
1,4,24,88,0.0297492124645,"[45, 'NewGudkova', 1497, array([-0.98008524,  0.78401865, -0.32316102]), array([-0.77340972,  0.59088503, -0.22954801])]"
0,0,24,84,0.0411641071462,"[45, 'NewGudkova', 346, array([-0.9819537 ,  0.77223377, -0.24387236]), array([-0.77340972,  0.59088503, -0.22954801])]"
4,144,88,28,0.0449827186689,"[45, 'NewGudkova', 42532, array([-0.97647513,  0.69890985, -0.24156528]), array([-0.77340972,  0.59088503, -0.22954801])]"
7,160,72,52,0.0723464835325,"[45, 'NewGudkova', 46938, array([-0.96937203,  0.85980973, -0.32392649]), array([-0.77340972,  0.59088503, -0.22954801])]"
9,172,68,72,0.0744891422144,"[45, 'NewGudkova', 50343, array([-0.98362078,  0.65538796, -0.22999802]), array([-0.77340972,  0.59088503, -0.22954801])]"
2,8,24,92,0.081462324424,"[45, 'NewGudkova', 2648, array([-0.97845902,  0.77304428, -0.40158794]), array([-0.77340972,  0.59088503, -0.22954801])]"
8,168,68,64,0.0949203094036,"[45, 'NewGudkova', 49191, array([-0.97046577,  0.90389948, -0.317826  ]), array([-0.77340972,  0.59088503, -0.22954801])]"
6,156,76,48,0.107688132754,"[45, 'NewGudkova', 45837, array([-0.98168584,  0.59218512, -0.29001328]), array([-0.77340972,  0.59088503, -0.22954801])]"
3,144,88,24,0.121670285853,"[45, 'NewGudkova', 42531, array([-0.95945472,  0.92862364, -0.37957484]), array([-0.77340972,  0.59088503, -0.22954801])]"
5,148,84,32,0.137601790728,"[45, 'NewGudkova', 43633, array([-0.97021535,  0.7175666 , -0.46584098]), array([-0.77340972,  0.59088503, -0.22954801])]"
6,172,84,72,0.0649894697894,"[35, 'TAYAK', 50543, array([-0.96959624,  0.84399518, -0.32974061]), array([-0.77340972,  0.59088503, -0.22954801])]"
7,176,84,76,0.10829015241,"[35, 'TAYAK', 51694, array([-0.97380695,  0.70287778, -0.42039013]), array([-0.77340972,  0.59088503, -0.22954801])]"
8,176,84,80,0.110251301187,"[35, 'TAYAK', 51695, array([-0.98126144,  0.67013246, -0.16086668]), array([-0.77340972,  0.59088503, -0.22954801])]"
4,160,88,56,0.122103573833,"[35, 'TAYAK', 47139, array([-0.9591674 ,  0.94052964, -0.35242492]), array([-0.77340972,  0.59088503, -0.22954801])]"
3,12,8,96,0.125777861478,"[35, 'TAYAK', 3599, array([-0.96834118,  0.95256939, -0.37037852]), array([-0.77340972,  0.59088503, -0.22954801])]"
2,8,8,92,0.127373296527,"[35, 'TAYAK', 2448, array([-0.9686281 ,  0.96387169, -0.33858511]), array([-0.77340972,  0.59088503, -0.22954801])]"
1,4,8,88,0.129312141171,"[35, 'TAYAK', 1297, array([-0.96915784,  0.96755303, -0.30648769]), array([-0.77340972,  0.59088503, -0.22954801])]"
0,0,8,84,0.131148051605,"[35, 'TAYAK', 146, array([-0.96993018,  0.96359634, -0.27410835]), array([-0.77340972,  0.59088503, -0.22954801])]"
5,164,88,64,0.138308801171,"[35, 'TAYAK', 48291, array([-0.98086694,  0.55203951, -0.29813867]), array([-0.77340972,  0.59088503, -0.22954801])]"
6,172,84,72,0.0519121274505,"[45, 'TAYAK', 50543, array([-0.97063617,  0.81486225, -0.33466744]), array([-0.77340972,  0.59088503, -0.22954801])]"
3,12,8,96,0.111185791957,"[45, 'TAYAK', 3599, array([-0.96949323,  0.92181227, -0.3699993 ]), array([-0.77340972,  0.59088503, -0.22954801])]"
4,160,88,56,0.111248588082,"[45, 'TAYAK', 47139, array([-0.96024436,  0.91609804, -0.36022759]), array([-0.77340972,  0.59088503, -0.22954801])]"
2,8,8,92,0.111443987084,"[45, 'TAYAK', 2448, array([-0.96979005,  0.93312076, -0.33808549]), array([-0.77340972,  0.59088503, -0.22954801])]"
1,4,8,88,0.112779599664,"[45, 'TAYAK', 1297, array([-0.970323  ,  0.93680413, -0.30586612]), array([-0.77340972,  0.59088503, -0.22954801])]"
0,0,8,84,0.1146439642,"[45, 'TAYAK', 146, array([-0.97109188,  0.93284526, -0.27336413]), array([-0.77340972,  0.59088503, -0.22954801])]"
8,176,84,80,0.118537902454,"[45, 'TAYAK', 51695, array([-0.98216192,  0.63966643, -0.16380961]), array([-0.77340972,  0.59088503, -0.22954801])]"
7,176,84,76,0.121362554025,"[45, 'TAYAK', 51694, array([-0.97473169,  0.67285962, -0.42409337]), array([-0.77340972,  0.59088503, -0.22954801])]"
5,160,88,60,0.129796407009,"[45, 'TAYAK', 47140, array([-0.97349506,  0.79124014, -0.1325202 ]), array([-0.77340972,  0.59088503, -0.22954801])]"
5,144,88,28,0.0472153762633,"[35, 'Combined', 42532, array([-0.97506861,  0.74109475, -0.22851441]), array([-0.77340972,  0.59088503, -0.22954801])]"
13,172,68,72,0.0554523446018,"[35, 'Combined', 50343, array([-0.98210783,  0.72615375, -0.22016699]), array([-0.77340972,  0.59088503, -0.22954801])]"
9,156,76,48,0.0658715096152,"[35, 'Combined', 45837, array([-0.98036192,  0.64918916, -0.27199297]), array([-0.77340972,  0.59088503, -0.22954801])]"
1,4,24,88,0.0667992026345,"[35, 'Combined', 1497, array([-0.97834324,  0.85775271, -0.32485811]), array([-0.77340972,  0.59088503, -0.22954801])]"
0,0,24,84,0.072770831054,"[35, 'Combined', 346, array([-0.98023117,  0.84593922, -0.24637428]), array([-0.77340972,  0.59088503, -0.22954801])]"
2,8,24,92,0.0921311835677,"[35, 'Combined', 2648, array([-0.97673516,  0.84675185, -0.40248123]), array([-0.77340972,  0.59088503, -0.22954801])]"
10,160,72,52,0.105280432345,"[35, 'Combined', 46938, array([-0.96758862,  0.92024668, -0.30658237]), array([-0.77340972,  0.59088503, -0.22954801])]"
6,148,84,32,0.119427986546,"[35, 'Combined', 43633, array([-0.96875899,  0.76285529, -0.45040417]), array([-0.77340972,  0.59088503, -0.22954801])]"
8,152,80,40,0.124547151637,"[35, 'Combined', 44735, array([-0.97631997,  0.64366265, -0.40944413]), array([-0.77340972,  0.59088503, -0.22954801])]"
14,176,68,76,0.129043072186,"[35, 'Combined', 51494, array([-0.98399814,  0.58811476, -0.35412256]), array([-0.77340972,  0.59088503, -0.22954801])]"
11,168,68,64,0.131725241258,"[35, 'Combined', 49191, array([-0.96856622,  0.97140676, -0.30451297]), array([-0.77340972,  0.59088503, -0.22954801])]"
12,172,68,68,0.134392368212,"[35, 'Combined', 50342, array([-0.97245717,  0.77675116, -0.47475465]), array([-0.77340972,  0.59088503, -0.22954801])]"
3,12,24,96,0.136112078046,"[35, 'Combined', 3799, array([-0.97538601,  0.81300819, -0.48018786]), array([-0.77340972,  0.59088503, -0.22954801])]"
7,148,84,36,0.136926958504,"[35, 'Combined', 43634, array([-0.98336528,  0.55266643, -0.27988736]), array([-0.77340972,  0.59088503, -0.22954801])]"
4,144,88,24,0.138341471331,"[35, 'Combined', 42531, array([-0.95768408,  0.96888409, -0.36785357]), array([-0.77340972,  0.59088503, -0.22954801])]"
5,144,88,28,0.0429887199729,"[45, 'Combined', 42532, array([-0.97590021,  0.71811949, -0.23603635]), array([-0.77340972,  0.59088503, -0.22954801])]"
1,4,24,88,0.0451708926953,"[45, 'Combined', 1497, array([-0.97937628,  0.8171955 , -0.32419796]), array([-0.77340972,  0.59088503, -0.22954801])]"
0,0,24,84,0.0531858253296,"[45, 'Combined', 346, array([-0.98125278,  0.80538726, -0.24519252]), array([-0.77340972,  0.59088503, -0.22954801])]"
10,172,68,72,0.0614945042042,"[45, 'Combined', 50343, array([-0.983006  ,  0.68714065, -0.22587623]), array([-0.77340972,  0.59088503, -0.22954801])]"
2,8,24,92,0.083825562554,"[45, 'Combined', 2648, array([-0.97775755,  0.80619945, -0.40234134]), array([-0.77340972,  0.59088503, -0.22954801])]"
8,160,72,52,0.0868465055497,"[45, 'Combined', 46938, array([-0.96864405,  0.88720166, -0.31658135]), array([-0.77340972,  0.59088503, -0.22954801])]"
7,156,76,48,0.0882397451193,"[45, 'Combined', 45837, array([-0.98114717,  0.61782153, -0.28234004]), array([-0.77340972,  0.59088503, -0.22954801])]"
9,168,68,64,0.111541362189,"[45, 'Combined', 49191, array([-0.96969084,  0.93444436, -0.31225005]), array([-0.77340972,  0.59088503, -0.22954801])]"
6,148,84,32,0.128950069582,"[45, 'Combined', 43633, array([-0.96962029,  0.73815971, -0.45946278]), array([-0.77340972,  0.59088503, -0.22954801])]"
4,144,88,24,0.12916095273,"[45, 'Combined', 42531, array([-0.95872912,  0.94719563, -0.37475503]), array([-0.77340972,  0.59088503, -0.22954801])]"
3,12,24,96,0.137711151124,"[45, 'Combined', 3799, array([-0.97637574,  0.77247143, -0.48056098]), array([-0.77340972,  0.59088503, -0.22954801])]"
3,2,24,86,0.0185979783285,"[35, 'NewGudkova', 5793, array([-0.98146786,  0.72170567, -0.28071823]), array([-0.77340972,  0.59088503, -0.22954801])]"
59,170,68,68,0.0205761629546,"[35, 'NewGudkova', 385984, array([-0.97831558,  0.71527396, -0.28774926]), array([-0.77340972,  0.59088503, -0.22954801])]"
6,4,24,88,0.0296172808019,"[35, 'NewGudkova', 10294, array([-0.98056458,  0.72473467, -0.32030564]), array([-0.77340972,  0.59088503, -0.22954801])]"
17,144,88,26,0.0308376941068,"[35, 'NewGudkova', 328463, array([-0.96899796,  0.77922954, -0.31854843]), array([-0.77340972,  0.59088503, -0.22954801])]"
33,152,78,40,0.0352731766268,"[35, 'NewGudkova', 345970, array([-0.96939113,  0.79768987, -0.29986255]), array([-0.77340972,  0.59088503, -0.22954801])]"
69,178,66,80,0.0361588735546,"[35, 'NewGudkova', 403890, array([-0.97861356,  0.77811333, -0.25446806]), array([-0.77340972,  0.59088503, -0.22954801])]"
11,8,24,94,0.0377411440896,"[35, 'NewGudkova', 19297, array([-0.98204687,  0.70679528, -0.25306028]), array([-0.77340972,  0.59088503, -0.22954801])]"
30,150,80,38,0.0384315700157,"[35, 'NewGudkova', 341569, array([-0.9738729 ,  0.73690673, -0.23924374]), array([-0.77340972,  0.59088503, -0.22954801])]"
13,10,24,96,0.0394470478413,"[35, 'NewGudkova', 23798, array([-0.98178304,  0.69005996, -0.29298886]), array([-0.77340972,  0.59088503, -0.22954801])]"
1,0,24,84,0.0431005919387,"[35, 'NewGudkova', 1292, array([-0.98242751,  0.71302989, -0.24080029]), array([-0.77340972,  0.59088503, -0.22954801])]"
26,148,82,34,0.0447828863915,"[35, 'NewGudkova', 337167, array([-0.97022063,  0.79006493, -0.25184808]), array([-0.77340972,  0.59088503, -0.22954801])]"
51,164,70,58,0.0474888569624,"[35, 'NewGudkova', 372579, array([-0.97176228,  0.78997548, -0.34530259]), array([-0.77340972,  0.59088503, -0.22954801])]"
52,164,70,60,0.05018202277,"[35, 'NewGudkova', 372580, array([-0.97740765,  0.74204098, -0.22523501]), array([-0.77340972,  0.59088503, -0.22954801])]"
45,160,72,52,0.0505254622621,"[35, 'NewGudkova', 363676, array([-0.96986602,  0.81013646, -0.33536954]), array([-0.77340972,  0.59088503, -0.22954801])]"
36,154,76,44,0.0515824865551,"[35, 'NewGudkova', 350372, array([-0.97150709,  0.79676935, -0.24500514]), array([-0.77340972,  0.59088503, -0.22954801])]"
46,160,72,54,0.0544974878226,"[35, 'NewGudkova', 363677, array([-0.97612652,  0.75033763, -0.22047   ]), array([-0.77340972,  0.59088503, -0.22954801])]"
66,176,66,76,0.0565258873603,"[35, 'NewGudkova', 399388, array([-0.97433694,  0.8366862 , -0.31718035]), array([-0.77340972,  0.59088503, -0.22954801])]"
8,6,24,90,0.0581681879438,"[35, 'NewGudkova', 14795, array([-0.97972002,  0.72210979, -0.35967848]), array([-0.77340972,  0.59088503, -0.22954801])]"
18,144,88,28,0.058866812238,"[35, 'NewGudkova', 328464, array([-0.97686591,  0.66374663, -0.25018646]), array([-0.77340972,  0.59088503, -0.22954801])]"
29,150,80,36,0.0602796336421,"[35, 'NewGudkova', 341568, array([-0.96612696,  0.82967887, -0.33223485]), array([-0.77340972,  0.59088503, -0.22954801])]"
42,158,74,50,0.0609462318396,"[35, 'NewGudkova', 359275, array([-0.97665783,  0.66781656, -0.32100696]), array([-0.77340972,  0.59088503, -0.22954801])]"
9,6,24,92,0.0616956455706,"[35, 'NewGudkova', 14796, array([-0.98235862,  0.71790304, -0.21331202]), array([-0.77340972,  0.59088503, -0.22954801])]"
56,168,68,64,0.0660206978411,"[35, 'NewGudkova', 381482, array([-0.97099126,  0.84869618, -0.32627108]), array([-0.77340972,  0.59088503, -0.22954801])]"
15,12,24,98,0.0678627903998,"[35, 'NewGudkova', 28299, array([-0.98155775,  0.66772858, -0.333207  ]), array([-0.77340972,  0.59088503, -0.22954801])]"
68,178,66,78,0.0693869784765,"[35, 'NewGudkova', 403889, array([-0.97492514,  0.78656805, -0.38218226]), array([-0.77340972,  0.59088503, -0.22954801])]"
34,152,78,42,0.0703890845094,"[35, 'NewGudkova', 345971, array([-0.97647102,  0.71155062, -0.20096871]), array([-0.77340972,  0.59088503, -0.22954801])]"
0,0,24,82,0.0825727666028,"[35, 'NewGudkova', 1291, array([-0.98003131,  0.70788268, -0.38729671]), array([-0.77340972,  0.59088503, -0.22954801])]"
57,168,68,66,0.083977105092,"[35, 'NewGudkova', 381483, array([-0.97600771,  0.81336578, -0.20324503]), array([-0.77340972,  0.59088503, -0.22954801])]"
35,154,76,42,0.0873033054475,"[35, 'NewGudkova', 350371, array([-0.96391337,  0.87468684, -0.34867707]), array([-0.77340972,  0.59088503, -0.22954801])]"
23,146,86,30,0.0882328196141,"[35, 'NewGudkova', 332865, array([-0.97411757,  0.66821673, -0.37160995]), array([-0.77340972,  0.59088503, -0.22954801])]"
10,8,24,92,0.0891254406977,"[35, 'NewGudkova', 19296, array([-0.97893321,  0.71383479, -0.3989527 ]), array([-0.77340972,  0.59088503, -0.22954801])]"
7,4,24,90,0.0919608966971,"[35, 'NewGudkova', 10295, array([-0.98272446,  0.72336256, -0.17363118]), array([-0.77340972,  0.59088503, -0.22954801])]"
20,146,84,30,0.0930910357393,"[35, 'NewGudkova', 332765, array([-0.96550729,  0.86633044, -0.23557792]), array([-0.77340972,  0.59088503, -0.22954801])]"
25,148,82,32,0.0932090781443,"[35, 'NewGudkova', 337166, array([-0.96180004,  0.88868016, -0.33827315]), array([-0.77340972,  0.59088503, -0.22954801])]"
58,170,68,66,0.0934140074008,"[35, 'NewGudkova', 385983, array([-0.9731315 ,  0.74610769, -0.41319596]), array([-0.77340972,  0.59088503, -0.22954801])]"
67,176,66,78,0.0956973215467,"[35, 'NewGudkova', 399389, array([-0.97783361,  0.82287734, -0.19035281]), array([-0.77340972,  0.59088503, -0.22954801])]"
53,166,70,62,0.0967601822157,"[35, 'NewGudkova', 377081, array([-0.98011091,  0.61789828, -0.32551734]), array([-0.77340972,  0.59088503, -0.22954801])]"
38,156,74,46,0.0983440536795,"[35, 'NewGudkova', 354773, array([-0.96537608,  0.90024002, -0.28004122]), array([-0.77340972,  0.59088503, -0.22954801])]"
27,148,82,36,0.101396979295,"[35, 'NewGudkova', 337168, array([-0.97745915,  0.69048713, -0.16511617]), array([-0.77340972,  0.59088503, -0.22954801])]"
64,174,66,74,0.101676936538,"[35, 'NewGudkova', 394887, array([-0.97313073,  0.8969712 , -0.24747986]), array([-0.77340972,  0.59088503, -0.22954801])]"
60,170,68,70,0.106476641073,"[35, 'NewGudkova', 385985, array([-0.98230772,  0.68356877, -0.16195198]), array([-0.77340972,  0.59088503, -0.22954801])]"
21,146,84,32,0.106757297273,"[35, 'NewGudkova', 332766, array([-0.97344699,  0.76174635, -0.15590391]), array([-0.77340972,  0.59088503, -0.22954801])]"
62,172,68,72,0.107223862115,"[35, 'NewGudkova', 390486, array([-0.98403564,  0.59897346, -0.23625731]), array([-0.77340972,  0.59088503, -0.22954801])]"
2,2,24,84,0.108067163646,"[35, 'NewGudkova', 5792, array([-0.97859264,  0.71936805, -0.42719183]), array([-0.77340972,  0.59088503, -0.22954801])]"
61,172,68,70,0.10841096205,"[35, 'NewGudkova', 390485, array([-0.97985647,  0.6257399 , -0.36422568]), array([-0.77340972,  0.59088503, -0.22954801])]"
32,152,78,38,0.108735939158,"[35, 'NewGudkova', 345969, array([-0.96113019,  0.88285726, -0.39839105]), array([-0.77340972,  0.59088503, -0.22954801])]"
16,144,88,24,0.108929009125,"[35, 'NewGudkova', 328462, array([-0.95994944,  0.89376308, -0.38652229]), array([-0.77340972,  0.59088503, -0.22954801])]"
63,174,66,72,0.10919095434,"[35, 'NewGudkova', 394886, array([-0.96863008,  0.91486124, -0.37270548]), array([-0.77340972,  0.59088503, -0.22954801])]"
41,158,74,48,0.110092373971,"[35, 'NewGudkova', 359274, array([-0.96971479,  0.73614946, -0.43295201]), array([-0.77340972,  0.59088503, -0.22954801])]"
39,156,74,48,0.111340361323,"[35, 'NewGudkova', 354774, array([-0.97228556,  0.8300345 , -0.17216005]), array([-0.77340972,  0.59088503, -0.22954801])]"
49,162,72,56,0.112237939753,"[35, 'NewGudkova', 368178, array([-0.97943917,  0.60422621, -0.34258134]), array([-0.77340972,  0.59088503, -0.22954801])]"
43,158,74,52,0.115356807836,"[35, 'NewGudkova', 359276, array([-0.98241096,  0.59867004, -0.20867081]), array([-0.77340972,  0.59088503, -0.22954801])]"
22,146,86,28,0.117350909494,"[35, 'NewGudkova', 332864, array([-0.96577246,  0.77905321, -0.4476125 ]), array([-0.77340972,  0.59088503, -0.22954801])]"
37,154,76,46,0.117400271395,"[35, 'NewGudkova', 350373, array([-0.97791719,  0.71788111, -0.14103472]), array([-0.77340972,  0.59088503, -0.22954801])]"
65,176,66,74,0.118767627425,"[35, 'NewGudkova', 399387, array([-0.96965319,  0.84947568, -0.44362147]), array([-0.77340972,  0.59088503, -0.22954801])]"
14,10,24,98,0.118872198274,"[35, 'NewGudkova', 23799, array([-0.98417001,  0.67935493, -0.14737803]), array([-0.77340972,  0.59088503, -0.22954801])]"
12,10,24,94,0.12154516455,"[35, 'NewGudkova', 23797, array([-0.97819992,  0.69992425, -0.43824273]), array([-0.77340972,  0.59088503, -0.22954801])]"
48,162,70,56,0.123016249156,"[35, 'NewGudkova', 368078, array([-0.96808655,  0.92319872, -0.23099025]), array([-0.77340972,  0.59088503, -0.22954801])]"
4,2,24,88,0.123643180194,"[35, 'NewGudkova', 5794, array([-0.98314731,  0.72316401, -0.13390261]), array([-0.77340972,  0.59088503, -0.22954801])]"
31,150,80,40,0.12883894945,"[35, 'NewGudkova', 341570, array([-0.98043232,  0.64323678, -0.14596115]), array([-0.77340972,  0.59088503, -0.22954801])]"
44,160,72,50,0.129093087965,"[35, 'NewGudkova', 363675, array([-0.96242389,  0.86894826, -0.44986049]), array([-0.77340972,  0.59088503, -0.22954801])]"
55,168,68,62,0.130646632967,"[35, 'NewGudkova', 381481, array([-0.9647918 ,  0.88299257, -0.44889963]), array([-0.77340972,  0.59088503, -0.22954801])]"
70,178,66,82,0.131064219645,"[35, 'NewGudkova', 403891, array([-0.98110969,  0.7687106 , -0.12644383]), array([-0.77340972,  0.59088503, -0.22954801])]"
50,164,70,56,0.131662546594,"[35, 'NewGudkova', 372578, array([-0.96493296,  0.83694751, -0.46494947]), array([-0.77340972,  0.59088503, -0.22954801])]"
28,150,80,34,0.134583430001,"[35, 'NewGudkova', 341567, array([-0.95720395,  0.92144018, -0.42482118]), array([-0.77340972,  0.59088503, -0.22954801])]"
24,146,86,32,0.134623365147,"[35, 'NewGudkova', 332866, array([-0.98127587,  0.55656613, -0.29515465]), array([-0.77340972,  0.59088503, -0.22954801])]"
54,166,70,64,0.135002999546,"[35, 'NewGudkova', 377082, array([-0.98470552,  0.57306706, -0.20189824]), array([-0.77340972,  0.59088503, -0.22954801])]"
5,4,24,86,0.135176110978,"[35, 'NewGudkova', 10293, array([-0.97721003,  0.7252238 , -0.46658986]), array([-0.77340972,  0.59088503, -0.22954801])]"
40,156,76,46,0.135255063197,"[35, 'NewGudkova', 354873, array([-0.97565041,  0.62388322, -0.41049978]), array([-0.77340972,  0.59088503, -0.22954801])]"
47,162,70,54,0.136286791849,"[35, 'NewGudkova', 368077, array([-0.96137465,  0.97341232, -0.34739744]), array([-0.77340972,  0.59088503, -0.22954801])]"
19,146,84,28,0.136384738022,"[35, 'NewGudkova', 332764, array([-0.95639127,  0.96985903, -0.31496492]), array([-0.77340972,  0.59088503, -0.22954801])]"
13,10,24,96,0.00218342395545,"[45, 'NewGudkova', 23798, array([-0.98131984,  0.74920083, -0.29399453]), array([-0.77340972,  0.59088503, -0.22954801])]"
60,170,68,68,0.0180944451659,"[45, 'NewGudkova', 385984, array([-0.97784914,  0.77114724, -0.28037096]), array([-0.77340972,  0.59088503, -0.22954801])]"
3,2,24,86,0.0214779239523,"[45, 'NewGudkova', 5793, array([-0.98098995,  0.78096893, -0.28368324]), array([-0.77340972,  0.59088503, -0.22954801])]"
43,158,74,50,0.0267347878826,"[45, 'NewGudkova', 359275, array([-0.97623355,  0.71553648, -0.30917688]), array([-0.77340972,  0.59088503, -0.22954801])]"
6,4,24,88,0.0297492124645,"[45, 'NewGudkova', 10294, array([-0.98008524,  0.78401865, -0.32316102]), array([-0.77340972,  0.59088503, -0.22954801])]"
11,8,24,94,0.0318743119926,"[45, 'NewGudkova', 19297, array([-0.98157576,  0.76605119, -0.25416891]), array([-0.77340972,  0.59088503, -0.22954801])]"
15,12,24,98,0.0383154363434,"[45, 'NewGudkova', 28299, array([-0.98110511,  0.72671534, -0.33411517]), array([-0.77340972,  0.59088503, -0.22954801])]"
1,0,24,84,0.0411641071462,"[45, 'NewGudkova', 1292, array([-0.9819537 ,  0.77223377, -0.24387236]), array([-0.77340972,  0.59088503, -0.22954801])]"
18,144,88,28,0.0449827186689,"[45, 'NewGudkova', 328464, array([-0.97647513,  0.69890985, -0.24156528]), array([-0.77340972,  0.59088503, -0.22954801])]"
17,144,88,26,0.0462973744799,"[45, 'NewGudkova', 328463, array([-0.96855494,  0.81426277, -0.31075937]), array([-0.77340972,  0.59088503, -0.22954801])]"
8,6,24,90,0.0539914955293,"[45, 'NewGudkova', 14795, array([-0.97924192,  0.78137587, -0.36242337]), array([-0.77340972,  0.59088503, -0.22954801])]"
30,150,80,38,0.0555752517836,"[45, 'NewGudkova', 341569, array([-0.97343365,  0.77808374, -0.22721617]), array([-0.77340972,  0.59088503, -0.22954801])]"
55,166,70,62,0.0578771279484,"[45, 'NewGudkova', 377081, array([-0.97969558,  0.67108196, -0.3163035 ]), array([-0.77340972,  0.59088503, -0.22954801])]"
33,152,78,40,0.0615541893771,"[45, 'NewGudkova', 345970, array([-0.96892001,  0.84053721, -0.28779251]), array([-0.77340972,  0.59088503, -0.22954801])]"
9,6,24,92,0.0641964431596,"[45, 'NewGudkova', 14796, array([-0.98188226,  0.7772351 , -0.2145274 ]), array([-0.77340972,  0.59088503, -0.22954801])]"
52,164,70,58,0.0646365886416,"[45, 'NewGudkova', 372579, array([-0.97127045,  0.84243301, -0.33517969]), array([-0.77340972,  0.59088503, -0.22954801])]"
22,146,86,30,0.0663606301782,"[45, 'NewGudkova', 332865, array([-0.97372184,  0.70453496, -0.36261634]), array([-0.77340972,  0.59088503, -0.22954801])]"
71,178,66,80,0.0664447883012,"[45, 'NewGudkova', 403890, array([-0.97811076,  0.83706305, -0.25183238]), array([-0.77340972,  0.59088503, -0.22954801])]"
53,164,70,60,0.0695151440348,"[45, 'NewGudkova', 372580, array([-0.97693639,  0.79499103, -0.2148211 ]), array([-0.77340972,  0.59088503, -0.22954801])]"
25,148,82,34,0.0703237284184,"[45, 'NewGudkova', 337167, array([-0.96976204,  0.8293159 , -0.24067698]), array([-0.77340972,  0.59088503, -0.22954801])]"
46,160,72,52,0.0723464835325,"[45, 'NewGudkova', 363676, array([-0.96937203,  0.85980973, -0.32392649]), array([-0.77340972,  0.59088503, -0.22954801])]"
62,172,68,70,0.0736297096867,"[45, 'NewGudkova', 390485, array([-0.97943033,  0.68179633, -0.3581258 ]), array([-0.77340972,  0.59088503, -0.22954801])]"
0,0,24,82,0.0744394709983,"[45, 'NewGudkova', 1291, array([-0.97956034,  0.76689031, -0.39189562]), array([-0.77340972,  0.59088503, -0.22954801])]"
63,172,68,72,0.0744891422144,"[45, 'NewGudkova', 390486, array([-0.98362078,  0.65538796, -0.22999802]), array([-0.77340972,  0.59088503, -0.22954801])]"
49,162,72,56,0.074656738834,"[45, 'NewGudkova', 368178, array([-0.97903699,  0.65466256, -0.33187777]), array([-0.77340972,  0.59088503, -0.22954801])]"
47,160,72,54,0.075842403573,"[45, 'NewGudkova', 363677, array([-0.97565845,  0.8005294 , -0.20863764]), array([-0.77340972,  0.59088503, -0.22954801])]"
29,150,80,36,0.0796035033079,"[45, 'NewGudkova', 341568, array([-0.96564653,  0.87044135, -0.32089253]), array([-0.77340972,  0.59088503, -0.22954801])]"
36,154,76,44,0.0802800469396,"[45, 'NewGudkova', 350372, array([-0.97103073,  0.84186233, -0.23241662]), array([-0.77340972,  0.59088503, -0.22954801])]"
34,152,78,42,0.0803974027088,"[45, 'NewGudkova', 345971, array([-0.976038  ,  0.75484173, -0.18827892]), array([-0.77340972,  0.59088503, -0.22954801])]"
70,178,66,78,0.0811580445538,"[45, 'NewGudkova', 403889, array([-0.97441919,  0.84524235, -0.37961805]), array([-0.77340972,  0.59088503, -0.22954801])]"
10,8,24,92,0.081462324424,"[45, 'NewGudkova', 19296, array([-0.97845902,  0.77304428, -0.40158794]), array([-0.77340972,  0.59088503, -0.22954801])]"
59,170,68,66,0.0875350407252,"[45, 'NewGudkova', 385983, array([-0.97265213,  0.80154326, -0.40599883]), array([-0.77340972,  0.59088503, -0.22954801])]"
68,176,66,76,0.088546246549,"[45, 'NewGudkova', 399388, array([-0.97380849,  0.89523454, -0.31327898]), array([-0.77340972,  0.59088503, -0.22954801])]"
57,168,68,64,0.0949203094036,"[45, 'NewGudkova', 381482, array([-0.97046577,  0.90389948, -0.317826  ]), array([-0.77340972,  0.59088503, -0.22954801])]"
44,158,74,52,0.0952479973159,"[45, 'NewGudkova', 359276, array([-0.98201699,  0.6468508 , -0.19638881]), array([-0.77340972,  0.59088503, -0.22954801])]"
7,4,24,90,0.0953435297433,"[45, 'NewGudkova', 10295, array([-0.98224553,  0.78273198, -0.17495542]), array([-0.77340972,  0.59088503, -0.22954801])]"
42,158,74,48,0.0981652874835,"[45, 'NewGudkova', 359274, array([-0.96926071,  0.7833504 , -0.42158826]), array([-0.77340972,  0.59088503, -0.22954801])]"
2,2,24,84,0.102668942347,"[45, 'NewGudkova', 5792, array([-0.97811624,  0.77845429, -0.43168472]), array([-0.77340972,  0.59088503, -0.22954801])]"
40,156,76,46,0.105727589773,"[45, 'NewGudkova', 354873, array([-0.9752522 ,  0.66919449, -0.39890895]), array([-0.77340972,  0.59088503, -0.22954801])]"
23,146,86,32,0.106273790317,"[45, 'NewGudkova', 332866, array([-0.98093051,  0.59306448, -0.28536728]), array([-0.77340972,  0.59088503, -0.22954801])]"
61,170,68,70,0.1068756545,"[45, 'NewGudkova', 385985, array([-0.98185479,  0.7398117 , -0.15440149]), array([-0.77340972,  0.59088503, -0.22954801])]"
26,148,82,36,0.107165571804,"[45, 'NewGudkova', 337168, array([-0.97704506,  0.7300677 , -0.15321426]), array([-0.77340972,  0.59088503, -0.22954801])]"
35,154,76,42,0.107618686814,"[45, 'NewGudkova', 350371, array([-0.96340285,  0.91926126, -0.33665276]), array([-0.77340972,  0.59088503, -0.22954801])]"
41,156,76,48,0.107688132754,"[45, 'NewGudkova', 354874, array([-0.98168584,  0.59218512, -0.29001328]), array([-0.77340972,  0.59088503, -0.22954801])]"
56,166,70,64,0.108017470677,"[45, 'NewGudkova', 377082, array([-0.98430955,  0.6266674 , -0.19242283]), array([-0.77340972,  0.59088503, -0.22954801])]"
12,10,24,94,0.110732180708,"[45, 'NewGudkova', 23797, array([-0.9777323 ,  0.75903838, -0.44077087]), array([-0.77340972,  0.59088503, -0.22954801])]"
58,168,68,66,0.111726111325,"[45, 'NewGudkova', 381483, array([-0.97549717,  0.86901909, -0.19460342]), array([-0.77340972,  0.59088503, -0.22954801])]"
24,148,82,32,0.11230087721,"[45, 'NewGudkova', 337166, array([-0.96129752,  0.92755371, -0.32784648]), array([-0.77340972,  0.59088503, -0.22954801])]"
14,10,24,98,0.113088622172,"[45, 'NewGudkova', 23799, array([-0.9837118,  0.7384505, -0.14686  ]), array([-0.77340972,  0.59088503, -0.22954801])]"
21,146,86,28,0.113252575844,"[45, 'NewGudkova', 332864, array([-0.96532685,  0.81514708, -0.43942361]), array([-0.77340972,  0.59088503, -0.22954801])]"
50,162,72,58,0.115445557622,"[45, 'NewGudkova', 368179, array([-0.9842269 ,  0.5975419 , -0.21247833]), array([-0.77340972,  0.59088503, -0.22954801])]"
19,146,84,30,0.116587850115,"[45, 'NewGudkova', 332765, array([-0.9650183 ,  0.90387171, -0.22543292]), array([-0.77340972,  0.59088503, -0.22954801])]"
66,174,68,74,0.118579935361,"[45, 'NewGudkova', 394987, array([-0.98473709,  0.58058651, -0.29868888]), array([-0.77340972,  0.59088503, -0.22954801])]"
54,166,70,60,0.118993605752,"[45, 'NewGudkova', 377080, array([-0.973888  ,  0.7146789 , -0.43979881]), array([-0.77340972,  0.59088503, -0.22954801])]"
69,176,66,78,0.121251047303,"[45, 'NewGudkova', 399389, array([-0.97731072,  0.88171482, -0.18637153]), array([-0.77340972,  0.59088503, -0.22954801])]"
32,152,78,38,0.121559717236,"[45, 'NewGudkova', 345969, array([-0.96062155,  0.92520863, -0.38695547]), array([-0.77340972,  0.59088503, -0.22954801])]"
16,144,88,24,0.121670285853,"[45, 'NewGudkova', 328462, array([-0.95945472,  0.92862364, -0.37957484]), array([-0.77340972,  0.59088503, -0.22954801])]"
20,146,84,32,0.122101175108,"[45, 'NewGudkova', 332766, array([-0.97300488,  0.79957593, -0.14497484]), array([-0.77340972,  0.59088503, -0.22954801])]"
28,148,84,34,0.125455036059,"[45, 'NewGudkova', 337267, array([-0.97794691,  0.61180971, -0.38126571]), array([-0.77340972,  0.59088503, -0.22954801])]"
4,2,24,88,0.12585813413,"[45, 'NewGudkova', 5794, array([-0.98266847,  0.78253207, -0.13533614]), array([-0.77340972,  0.59088503, -0.22954801])]"
38,156,74,46,0.126225112246,"[45, 'NewGudkova', 354773, array([-0.964848  ,  0.94716571, -0.26764944]), array([-0.77340972,  0.59088503, -0.22954801])]"
31,150,80,40,0.127671500961,"[45, 'NewGudkova', 341570, array([-0.9800348 ,  0.68477815, -0.13326297]), array([-0.77340972,  0.59088503, -0.22954801])]"
48,162,72,54,0.128092772321,"[45, 'NewGudkova', 368177, array([-0.97265427,  0.71098562, -0.45087287]), array([-0.77340972,  0.59088503, -0.22954801])]"
37,154,76,46,0.129284581261,"[45, 'NewGudkova', 350373, array([-0.97747557,  0.76343773, -0.12789732]), array([-0.77340972,  0.59088503, -0.22954801])]"
5,4,24,86,0.130080310767,"[45, 'NewGudkova', 10293, array([-0.97673086,  0.78435012, -0.4709729 ]), array([-0.77340972,  0.59088503, -0.22954801])]"
67,176,66,74,0.130714078281,"[45, 'NewGudkova', 399387, array([-0.96911982,  0.90766355, -0.43980474]), array([-0.77340972,  0.59088503, -0.22954801])]"
65,174,66,74,0.133665717139,"[45, 'NewGudkova', 394887, array([-0.97257524,  0.95536151, -0.24225099]), array([-0.77340972,  0.59088503, -0.22954801])]"
64,174,66,72,0.134760071252,"[45, 'NewGudkova', 394886, array([-0.96806739,  0.97287714, -0.36757237]), array([-0.77340972,  0.59088503, -0.22954801])]"
51,164,70,56,0.135362606367,"[45, 'NewGudkova', 372578, array([-0.96442115,  0.88884861, -0.45512991]), array([-0.77340972,  0.59088503, -0.22954801])]"
45,160,72,50,0.136839770933,"[45, 'NewGudkova', 363675, array([-0.96190459,  0.91804251, -0.43882068]), array([-0.77340972,  0.59088503, -0.22954801])]"
39,156,74,48,0.136897847112,"[45, 'NewGudkova', 354774, array([-0.9717881 ,  0.87749081, -0.15927889]), array([-0.77340972,  0.59088503, -0.22954801])]"
27,148,84,32,0.137601790728,"[45, 'NewGudkova', 337266, array([-0.97021535,  0.7175666 , -0.46584098]), array([-0.77340972,  0.59088503, -0.22954801])]"
35,174,84,76,0.0306802256831,"[35, 'TAYAK', 395788, array([-0.9763827 ,  0.74678917, -0.2503782 ]), array([-0.77340972,  0.59088503, -0.22954801])]"
18,162,88,60,0.036663467663,"[35, 'TAYAK', 368980, array([-0.97126043,  0.7411797 , -0.33586073]), array([-0.77340972,  0.59088503, -0.22954801])]"
38,176,84,78,0.0396717886432,"[35, 'TAYAK', 400289, array([-0.97813004,  0.68692358, -0.29080556]), array([-0.77340972,  0.59088503, -0.22954801])]"
24,166,86,66,0.040921519803,"[35, 'TAYAK', 377883, array([-0.97322156,  0.77597134, -0.24719101]), array([-0.77340972,  0.59088503, -0.22954801])]"
27,168,86,68,0.0579949725316,"[35, 'TAYAK', 382384, array([-0.97660376,  0.66729812, -0.31272761]), array([-0.77340972,  0.59088503, -0.22954801])]"
32,172,84,72,0.0649894697894,"[35, 'TAYAK', 391286, array([-0.96959624,  0.84399518, -0.32974061]), array([-0.77340972,  0.59088503, -0.22954801])]"
19,162,88,62,0.0658028300919,"[35, 'TAYAK', 368981, array([-0.97717345,  0.68213395, -0.21809141]), array([-0.77340972,  0.59088503, -0.22954801])]"
34,174,84,74,0.0668057240674,"[35, 'TAYAK', 395787, array([-0.97197818,  0.76836249, -0.37850296]), array([-0.77340972,  0.59088503, -0.22954801])]"
23,166,86,64,0.0715771118457,"[35, 'TAYAK', 377882, array([-0.96735711,  0.82113375, -0.36913684]), array([-0.77340972,  0.59088503, -0.22954801])]"
40,178,84,80,0.0829805665949,"[35, 'TAYAK', 404790, array([-0.97939348,  0.63815515, -0.32590722]), array([-0.77340972,  0.59088503, -0.22954801])]"
33,172,84,74,0.0855223360702,"[35, 'TAYAK', 391287, array([-0.97409283,  0.81706512, -0.20346648]), array([-0.77340972,  0.59088503, -0.22954801])]"
16,160,88,58,0.0980771589866,"[35, 'TAYAK', 364479, array([-0.96643075,  0.87914811, -0.23887249]), array([-0.77340972,  0.59088503, -0.22954801])]"
41,178,84,82,0.105627168065,"[35, 'TAYAK', 404791, array([-0.98244987,  0.62725615, -0.1948834 ]), array([-0.77340972,  0.59088503, -0.22954801])]"
37,176,84,76,0.10829015241,"[35, 'TAYAK', 400288, array([-0.97380695,  0.70287778, -0.42039013]), array([-0.77340972,  0.59088503, -0.22954801])]"
28,168,86,70,0.109817423879,"[35, 'TAYAK', 382385, array([-0.98116293,  0.62587636, -0.18738993]), array([-0.77340972,  0.59088503, -0.22954801])]"
39,176,84,80,0.110251301187,"[35, 'TAYAK', 400290, array([-0.98126144,  0.67013246, -0.16086668]), array([-0.77340972,  0.59088503, -0.22954801])]"
30,170,84,70,0.11465575144,"[35, 'TAYAK', 386785, array([-0.9665884 ,  0.92890958, -0.27307149]), array([-0.77340972,  0.59088503, -0.22954801])]"
2,2,6,86,0.119491687143,"[35, 'TAYAK', 4893, array([-0.98358755,  0.57625679, -0.28182093]), array([-0.77340972,  0.59088503, -0.22954801])]"
26,168,86,66,0.119650418597,"[35, 'TAYAK', 382383, array([-0.97085475,  0.70790688, -0.43768427]), array([-0.77340972,  0.59088503, -0.22954801])]"
20,164,86,62,0.119904201482,"[35, 'TAYAK', 373381, array([-0.96303437,  0.94057634, -0.28923749]), array([-0.77340972,  0.59088503, -0.22954801])]"
4,4,6,88,0.12009559323,"[35, 'TAYAK', 9394, array([-0.98332674,  0.5770281 , -0.29479903]), array([-0.77340972,  0.59088503, -0.22954801])]"
0,0,6,84,0.120913852704,"[35, 'TAYAK', 392, array([-0.98387925,  0.57404765, -0.26879628]), array([-0.77340972,  0.59088503, -0.22954801])]"
17,162,88,58,0.121724898176,"[35, 'TAYAK', 368979, array([-0.96416409,  0.79932244, -0.45322086]), array([-0.77340972,  0.59088503, -0.22954801])]"
15,160,88,56,0.122103573833,"[35, 'TAYAK', 364478, array([-0.9591674 ,  0.94052964, -0.35242492]), array([-0.77340972,  0.59088503, -0.22954801])]"
6,6,6,90,0.122681672779,"[35, 'TAYAK', 13895, array([-0.9830972 ,  0.57636061, -0.30772388]), array([-0.77340972,  0.59088503, -0.22954801])]"
14,14,8,98,0.125384708896,"[35, 'TAYAK', 31999, array([-0.96828723,  0.94407567, -0.38615392]), array([-0.77340972,  0.59088503, -0.22954801])]"
12,12,8,96,0.125777861478,"[35, 'TAYAK', 27498, array([-0.96834118,  0.95256939, -0.37037852]), array([-0.77340972,  0.59088503, -0.22954801])]"
11,10,8,94,0.126485523562,"[35, 'TAYAK', 22997, array([-0.96845451,  0.95917067, -0.35452123]), array([-0.77340972,  0.59088503, -0.22954801])]"
8,8,6,92,0.127147922771,"[35, 'TAYAK', 18396, array([-0.98289914,  0.57425512, -0.32058885]), array([-0.77340972,  0.59088503, -0.22954801])]"
9,8,8,92,0.127373296527,"[35, 'TAYAK', 18496, array([-0.9686281 ,  0.96387169, -0.33858511]), array([-0.77340972,  0.59088503, -0.22954801])]"
7,6,8,90,0.12833904645,"[35, 'TAYAK', 13995, array([-0.9688625 ,  0.9666669 , -0.32257301]), array([-0.77340972,  0.59088503, -0.22954801])]"
5,4,8,88,0.129312141171,"[35, 'TAYAK', 9494, array([-0.96915784,  0.96755303, -0.30648769]), array([-0.77340972,  0.59088503, -0.22954801])]"
25,166,86,68,0.130048080849,"[35, 'TAYAK', 377884, array([-0.97790029,  0.72986354, -0.12494402]), array([-0.77340972,  0.59088503, -0.22954801])]"
3,2,8,86,0.130252206951,"[35, 'TAYAK', 4993, array([-0.96951393,  0.96652908, -0.29033187]), array([-0.77340972,  0.59088503, -0.22954801])]"
1,0,8,84,0.131148051605,"[35, 'TAYAK', 492, array([-0.96993018,  0.96359634, -0.27410835]), array([-0.77340972,  0.59088503, -0.22954801])]"
31,172,84,70,0.131755029364,"[35, 'TAYAK', 391285, array([-0.96391835,  0.86989696, -0.455613  ]), array([-0.77340972,  0.59088503, -0.22954801])]"
36,174,84,78,0.132755166821,"[35, 'TAYAK', 395789, array([-0.97959766,  0.72430599, -0.12194838]), array([-0.77340972,  0.59088503, -0.22954801])]"
10,10,6,94,0.133353748171,"[35, 'TAYAK', 22897, array([-0.98273257,  0.57071415, -0.33338731]), array([-0.77340972,  0.59088503, -0.22954801])]"
21,164,86,64,0.13644537245,"[35, 'TAYAK', 373382, array([-0.96903475,  0.89131358, -0.17054433]), array([-0.77340972,  0.59088503, -0.22954801])]"
22,164,88,64,0.138308801171,"[35, 'TAYAK', 373482, array([-0.98086694,  0.55203951, -0.29813867]), array([-0.77340972,  0.59088503, -0.22954801])]"
29,170,84,68,0.13844912084,"[35, 'TAYAK', 386784, array([-0.96080913,  0.95975627, -0.39680353]), array([-0.77340972,  0.59088503, -0.22954801])]"
13,12,8,98,0.13896542333,"[35, 'TAYAK', 27499, array([-0.97100259,  0.94952916, -0.2200064 ]), array([-0.77340972,  0.59088503, -0.22954801])]"
21,166,86,66,0.028113749237,"[45, 'TAYAK', 377883, array([-0.9741855 ,  0.74841907, -0.25366078]), array([-0.77340972,  0.59088503, -0.22954801])]"
33,174,84,76,0.0312568906626,"[45, 'TAYAK', 395788, array([-0.97734477,  0.71690125, -0.25434857]), array([-0.77340972,  0.59088503, -0.22954801])]"
16,162,88,60,0.0486959568824,"[45, 'TAYAK', 368980, array([-0.97217557,  0.71541055, -0.34328795]), array([-0.77340972,  0.59088503, -0.22954801])]"
30,172,84,72,0.0519121274505,"[45, 'TAYAK', 391286, array([-0.97063617,  0.81486225, -0.33466744]), array([-0.77340972,  0.59088503, -0.22954801])]"
36,176,84,78,0.0612334565831,"[45, 'TAYAK', 400289, array([-0.97904322,  0.65666305, -0.29413067]), array([-0.77340972,  0.59088503, -0.22954801])]"
20,166,86,64,0.0685645924587,"[45, 'TAYAK', 377882, array([-0.96835638,  0.79401449, -0.37586801]), array([-0.77340972,  0.59088503, -0.22954801])]"
32,174,84,74,0.0721312240171,"[45, 'TAYAK', 395787, array([-0.9729564 ,  0.7387522 , -0.38283785]), array([-0.77340972,  0.59088503, -0.22954801])]"
31,172,84,74,0.0721770682621,"[45, 'TAYAK', 391287, array([-0.97511224,  0.78762029, -0.20804516]), array([-0.77340972,  0.59088503, -0.22954801])]"
17,162,88,62,0.073807023817,"[45, 'TAYAK', 368981, array([-0.97804144,  0.65589087, -0.22532791]), array([-0.77340972,  0.59088503, -0.22954801])]"
24,168,86,68,0.0791534746198,"[45, 'TAYAK', 382384, array([-0.97747869,  0.63909364, -0.31874836]), array([-0.77340972,  0.59088503, -0.22954801])]"
13,160,88,58,0.0815141215009,"[45, 'TAYAK', 364479, array([-0.96745906,  0.85418944, -0.24652407]), array([-0.77340972,  0.59088503, -0.22954801])]"
27,170,84,70,0.0975860564177,"[45, 'TAYAK', 386785, array([-0.96769751,  0.9003215 , -0.27854454]), array([-0.77340972,  0.59088503, -0.22954801])]"
18,164,86,62,0.104431531906,"[45, 'TAYAK', 373381, array([-0.96413126,  0.91419442, -0.29632854]), array([-0.77340972,  0.59088503, -0.22954801])]"
38,178,84,80,0.104954229283,"[45, 'TAYAK', 404790, array([-0.98026679,  0.60759405, -0.32855662]), array([-0.77340972,  0.59088503, -0.22954801])]"
7,10,8,94,0.111123758653,"[45, 'TAYAK', 22997, array([-0.96961234,  0.92841715, -0.35408206]), array([-0.77340972,  0.59088503, -0.22954801])]"
9,12,8,96,0.111185791957,"[45, 'TAYAK', 27498, array([-0.96949323,  0.92181227, -0.3699993 ]), array([-0.77340972,  0.59088503, -0.22954801])]"
12,160,88,56,0.111248588082,"[45, 'TAYAK', 364478, array([-0.96024436,  0.91609804, -0.36022759]), array([-0.77340972,  0.59088503, -0.22954801])]"
6,8,8,92,0.111443987084,"[45, 'TAYAK', 18496, array([-0.96979005,  0.93312076, -0.33808549]), array([-0.77340972,  0.59088503, -0.22954801])]"
11,14,8,98,0.111784751126,"[45, 'TAYAK', 31999, array([-0.96943186,  0.91331397, -0.38583404]), array([-0.77340972,  0.59088503, -0.22954801])]"
5,6,8,90,0.112024758538,"[45, 'TAYAK', 13995, array([-0.97002688,  0.93591752, -0.32201256]), array([-0.77340972,  0.59088503, -0.22954801])]"
4,4,8,88,0.112779599664,"[45, 'TAYAK', 9494, array([-0.970323  ,  0.93680413, -0.30586612]), array([-0.77340972,  0.59088503, -0.22954801])]"
3,2,8,86,0.113657774771,"[45, 'TAYAK', 4993, array([-0.9706782 ,  0.93577962, -0.289649  ]), array([-0.77340972,  0.59088503, -0.22954801])]"
1,0,8,84,0.1146439642,"[45, 'TAYAK', 492, array([-0.97109188,  0.93284526, -0.27336413]), array([-0.77340972,  0.59088503, -0.22954801])]"
37,176,84,80,0.118537902454,"[45, 'TAYAK', 400290, array([-0.98216192,  0.63966643, -0.16380961]), array([-0.77340972,  0.59088503, -0.22954801])]"
19,164,86,64,0.121265082188,"[45, 'TAYAK', 373382, array([-0.97009297,  0.86447152, -0.17740059]), array([-0.77340972,  0.59088503, -0.22954801])]"
35,176,84,76,0.121362554025,"[45, 'TAYAK', 400288, array([-0.97473169,  0.67285962, -0.42409337]), array([-0.77340972,  0.59088503, -0.22954801])]"
39,178,84,82,0.121809732447,"[45, 'TAYAK', 404791, array([-0.98331531,  0.596526  , -0.19714069]), array([-0.77340972,  0.59088503, -0.22954801])]"
25,168,86,70,0.122574034857,"[45, 'TAYAK', 382385, array([-0.98200518,  0.59730195, -0.19311736]), array([-0.77340972,  0.59088503, -0.22954801])]"
10,12,8,98,0.123500117011,"[45, 'TAYAK', 27499, array([-0.97215254,  0.91871584, -0.21997954]), array([-0.77340972,  0.59088503, -0.22954801])]"
22,166,86,68,0.126722937003,"[45, 'TAYAK', 377884, array([-0.97882772,  0.70191181, -0.1311445 ]), array([-0.77340972,  0.59088503, -0.22954801])]"
15,162,88,58,0.126965400258,"[45, 'TAYAK', 368979, array([-0.96512524,  0.77405861, -0.46082975]), array([-0.77340972,  0.59088503, -0.22954801])]"
26,170,84,68,0.128093851378,"[45, 'TAYAK', 386784, array([-0.96194152,  0.93154806, -0.4025991 ]), array([-0.77340972,  0.59088503, -0.22954801])]"
29,172,84,70,0.129656192221,"[45, 'TAYAK', 391285, array([-0.96497753,  0.84111143, -0.46088199]), array([-0.77340972,  0.59088503, -0.22954801])]"
14,160,88,60,0.129796407009,"[45, 'TAYAK', 364480, array([-0.97349506,  0.79124014, -0.1325202 ]), array([-0.77340972,  0.59088503, -0.22954801])]"
0,0,8,82,0.131162250371,"[45, 'TAYAK', 491, array([-0.96842511,  0.92905424, -0.4236264 ]), array([-0.77340972,  0.59088503, -0.22954801])]"
34,174,84,78,0.132424739855,"[45, 'TAYAK', 395789, array([-0.98054239,  0.69417687, -0.1255494 ]), array([-0.77340972,  0.59088503, -0.22954801])]"
23,168,86,66,0.13271275001,"[45, 'TAYAK', 382383, array([-0.9717613 ,  0.68010669, -0.44399101]), array([-0.77340972,  0.59088503, -0.22954801])]"
8,10,8,96,0.134043938759,"[45, 'TAYAK', 22998, array([-0.97207792,  0.92627986, -0.20387932]), array([-0.77340972,  0.59088503, -0.22954801])]"
28,170,84,72,0.136468042096,"[45, 'TAYAK', 386786, array([-0.97227452,  0.86799803, -0.15415062]), array([-0.77340972,  0.59088503, -0.22954801])]"
2,2,8,84,0.139053348494,"[45, 'TAYAK', 4992, array([-0.96781504,  0.93293891, -0.43988314]), array([-0.77340972,  0.59088503, -0.22954801])]"
54,166,70,62,0.0118504272006,"[35, 'Combined', 377081, array([-0.97818432,  0.73744248, -0.3019769 ]), array([-0.77340972,  0.59088503, -0.22954801])]"
44,158,74,50,0.0185067172574,"[35, 'Combined', 359275, array([-0.97469656,  0.77432846, -0.29141355]), array([-0.77340972,  0.59088503, -0.22954801])]"
49,162,72,56,0.0295624729716,"[35, 'Combined', 368178, array([-0.97757468,  0.71747422, -0.3154664 ]), array([-0.77340972,  0.59088503, -0.22954801])]"
15,12,24,98,0.0410033000954,"[35, 'Combined', 28299, array([-0.97945703,  0.80043324, -0.33314851]), array([-0.77340972,  0.59088503, -0.22954801])]"
63,172,68,70,0.0432144262244,"[35, 'Combined', 390485, array([-0.9778782 ,  0.7519105 , -0.34767261]), array([-0.77340972,  0.59088503, -0.22954801])]"
21,146,86,30,0.0451156576012,"[35, 'Combined', 332865, array([-0.97229679,  0.74822031, -0.34828136]), array([-0.77340972,  0.59088503, -0.22954801])]"
12,10,24,96,0.0455247052355,"[35, 'Combined', 23798, array([-0.9796346 ,  0.82297497, -0.29341894]), array([-0.77340972,  0.59088503, -0.22954801])]"
18,144,88,28,0.0472153762633,"[35, 'Combined', 328464, array([-0.97506861,  0.74109475, -0.22851441]), array([-0.77340972,  0.59088503, -0.22954801])]"
64,172,68,72,0.0554523446018,"[35, 'Combined', 390486, array([-0.98210783,  0.72615375, -0.22016699]), array([-0.77340972,  0.59088503, -0.22954801])]"
60,170,68,68,0.0626495874108,"[35, 'Combined', 385984, array([-0.97615592,  0.84042575, -0.26872208]), array([-0.77340972,  0.59088503, -0.22954801])]"
3,2,24,86,0.0653430140159,"[35, 'Combined', 5793, array([-0.97925299,  0.85469559, -0.28578337]), array([-0.77340972,  0.59088503, -0.22954801])]"
66,174,68,74,0.0657174357941,"[35, 'Combined', 394987, array([-0.98334237,  0.65203432, -0.29014562]), array([-0.77340972,  0.59088503, -0.22954801])]"
42,156,76,48,0.0658715096152,"[35, 'Combined', 354874, array([-0.98036192,  0.64918916, -0.27199297]), array([-0.77340972,  0.59088503, -0.22954801])]"
10,8,24,94,0.0664009744574,"[35, 'Combined', 19297, array([-0.97986268,  0.83986689, -0.25398973]), array([-0.77340972,  0.59088503, -0.22954801])]"
5,4,24,88,0.0667992026345,"[35, 'Combined', 10294, array([-0.97834324,  0.85775271, -0.32485811]), array([-0.77340972,  0.59088503, -0.22954801])]"
17,144,88,26,0.0701779454586,"[35, 'Combined', 328463, array([-0.9669654 ,  0.85551057, -0.29836575]), array([-0.77340972,  0.59088503, -0.22954801])]"
1,0,24,84,0.072770831054,"[35, 'Combined', 1292, array([-0.98023117,  0.84593922, -0.24637428]), array([-0.77340972,  0.59088503, -0.22954801])]"
41,156,76,46,0.0733517743429,"[35, 'Combined', 354873, array([-0.97380912,  0.72508669, -0.38087981]), array([-0.77340972,  0.59088503, -0.22954801])]"
22,146,86,32,0.073500590489,"[35, 'Combined', 332866, array([-0.97968188,  0.63772794, -0.27047857]), array([-0.77340972,  0.59088503, -0.22954801])]"
7,6,24,90,0.076415999744,"[35, 'Combined', 14795, array([-0.97750429,  0.8551036 , -0.36371767]), array([-0.77340972,  0.59088503, -0.22954801])]"
0,0,24,82,0.0862399311132,"[35, 'Combined', 1291, array([-0.97784797,  0.84036989, -0.39546635]), array([-0.77340972,  0.59088503, -0.22954801])]"
30,150,80,38,0.0862588213502,"[35, 'Combined', 341569, array([-0.971851  ,  0.82775062, -0.20972364]), array([-0.77340972,  0.59088503, -0.22954801])]"
45,158,74,52,0.0891060461265,"[35, 'Combined', 359276, array([-0.98058582,  0.70671124, -0.17875829]), array([-0.77340972,  0.59088503, -0.22954801])]"
50,162,72,58,0.0894873996102,"[35, 'Combined', 368179, array([-0.98285207,  0.66132592, -0.19637118]), array([-0.77340972,  0.59088503, -0.22954801])]"
27,148,84,34,0.0898505902079,"[35, 'Combined', 337267, array([-0.97665709,  0.65816179, -0.36536834]), array([-0.77340972,  0.59088503, -0.22954801])]"
8,6,24,92,0.0913656680132,"[35, 'Combined', 14796, array([-0.9801507 ,  0.85107809, -0.2147485 ]), array([-0.77340972,  0.59088503, -0.22954801])]"
55,166,70,64,0.0920391974273,"[35, 'Combined', 377082, array([-0.98286573,  0.69387681, -0.17855468]), array([-0.77340972,  0.59088503, -0.22954801])]"
9,8,24,92,0.0921311835677,"[35, 'Combined', 19296, array([-0.97673516,  0.84675185, -0.40248123]), array([-0.77340972,  0.59088503, -0.22954801])]"
34,152,78,40,0.0950308267105,"[35, 'Combined', 345970, array([-0.96722386,  0.8920142 , -0.26984898]), array([-0.77340972,  0.59088503, -0.22954801])]"
43,158,74,48,0.0953754597482,"[35, 'Combined', 359274, array([-0.96761979,  0.84100228, -0.40371376]), array([-0.77340972,  0.59088503, -0.22954801])]"
51,164,70,58,0.0969337996294,"[35, 'Combined', 372579, array([-0.96949172,  0.90669185, -0.31951988]), array([-0.77340972,  0.59088503, -0.22954801])]"
59,170,68,66,0.0975612195403,"[35, 'Combined', 385983, array([-0.97091402,  0.87003769, -0.39377307]), array([-0.77340972,  0.59088503, -0.22954801])]"
40,154,78,44,0.0994230438739,"[35, 'Combined', 350472, array([-0.97884965,  0.62897945, -0.35058055]), array([-0.77340972,  0.59088503, -0.22954801])]"
53,166,70,60,0.0996320639711,"[35, 'Combined', 377080, array([-0.97231115,  0.78010968, -0.4250312 ]), array([-0.77340972,  0.59088503, -0.22954801])]"
24,148,82,34,0.102076651557,"[35, 'Combined', 337167, array([-0.96811356,  0.87607924, -0.22423706]), array([-0.77340972,  0.59088503, -0.22954801])]"
52,164,70,60,0.105217804029,"[35, 'Combined', 372580, array([-0.97522931,  0.8602198 , -0.19955762]), array([-0.77340972,  0.59088503, -0.22954801])]"
46,160,72,52,0.105280432345,"[35, 'Combined', 363676, array([-0.96758862,  0.92024668, -0.30658237]), array([-0.77340972,  0.59088503, -0.22954801])]"
35,152,78,42,0.105394013924,"[35, 'Combined', 345971, array([-0.97447494,  0.80747712, -0.17015831]), array([-0.77340972,  0.59088503, -0.22954801])]"
29,150,80,36,0.106547824298,"[35, 'Combined', 341568, array([-0.96391991,  0.91894462, -0.3037023 ]), array([-0.77340972,  0.59088503, -0.22954801])]"
48,162,72,54,0.106621613907,"[35, 'Combined', 368177, array([-0.97110627,  0.77274838, -0.43417728]), array([-0.77340972,  0.59088503, -0.22954801])]"
72,178,66,80,0.107501488514,"[35, 'Combined', 403890, array([-0.97628688,  0.91000077, -0.24668343]), array([-0.77340972,  0.59088503, -0.22954801])]"
71,178,66,78,0.108698418008,"[35, 'Combined', 403889, array([-0.97258452,  0.91775921, -0.37373213]), array([-0.77340972,  0.59088503, -0.22954801])]"
47,160,72,54,0.110946468718,"[35, 'Combined', 363677, array([-0.97396535,  0.86204931, -0.19152599]), array([-0.77340972,  0.59088503, -0.22954801])]"
2,2,24,84,0.111369776119,"[35, 'Combined', 5792, array([-0.97638476,  0.85196195, -0.4348552 ]), array([-0.77340972,  0.59088503, -0.22954801])]"
11,10,24,94,0.11229886041,"[35, 'Combined', 23797, array([-0.97603158,  0.83271174, -0.44126641]), array([-0.77340972,  0.59088503, -0.22954801])]"
20,146,86,28,0.113017304706,"[35, 'Combined', 332864, array([-0.96372711,  0.8578011 , -0.42565982]), array([-0.77340972,  0.59088503, -0.22954801])]"
58,168,70,66,0.115506868125,"[35, 'Combined', 381583, array([-0.98502592,  0.58212509, -0.26786352]), array([-0.77340972,  0.59088503, -0.22954801])]"
38,154,76,44,0.116148368825,"[35, 'Combined', 350372, array([-0.96931387,  0.89632026, -0.21414341]), array([-0.77340972,  0.59088503, -0.22954801])]"
6,4,24,90,0.116971783151,"[35, 'Combined', 10295, array([-0.98050488,  0.85658831, -0.17557915]), array([-0.77340972,  0.59088503, -0.22954801])]"
65,174,68,72,0.118154965814,"[35, 'Combined', 394986, array([-0.97891716,  0.67262679, -0.41939876]), array([-0.77340972,  0.59088503, -0.22954801])]"
26,148,84,32,0.119427986546,"[35, 'Combined', 337266, array([-0.96875899,  0.76285529, -0.45040417]), array([-0.77340972,  0.59088503, -0.22954801])]"
13,10,24,98,0.124129974049,"[35, 'Combined', 23799, array([-0.98204409,  0.81223552, -0.14521398]), array([-0.77340972,  0.59088503, -0.22954801])]"
25,148,82,36,0.124443751367,"[35, 'Combined', 337168, array([-0.97555225,  0.7779272 , -0.13637092]), array([-0.77340972,  0.59088503, -0.22954801])]"
36,152,80,40,0.124547151637,"[35, 'Combined', 346070, array([-0.97631997,  0.64366265, -0.40944413]), array([-0.77340972,  0.59088503, -0.22954801])]"
61,170,68,70,0.125096623551,"[35, 'Combined', 385985, array([-0.98020852,  0.80978989, -0.1433437 ]), array([-0.77340972,  0.59088503, -0.22954801])]"
33,150,82,38,0.125169407819,"[35, 'Combined', 341669, array([-0.98019279,  0.59094777, -0.35177191]), array([-0.77340972,  0.59088503, -0.22954801])]"
67,174,68,76,0.125887091349,"[35, 'Combined', 394988, array([-0.98656953,  0.63064745, -0.16053898]), array([-0.77340972,  0.59088503, -0.22954801])]"
57,168,70,64,0.127455142015,"[35, 'Combined', 381582, array([-0.98018318,  0.62131912, -0.3942244 ]), array([-0.77340972,  0.59088503, -0.22954801])]"
19,144,88,30,0.127600987233,"[35, 'Combined', 328465, array([-0.98198386,  0.62577602, -0.15838466]), array([-0.77340972,  0.59088503, -0.22954801])]"
68,176,66,76,0.127853838134,"[35, 'Combined', 399388, array([-0.97189508,  0.96725257, -0.30604482]), array([-0.77340972,  0.59088503, -0.22954801])]"
69,176,68,76,0.129043072186,"[35, 'Combined', 399488, array([-0.98399814,  0.58811476, -0.35412256]), array([-0.77340972,  0.59088503, -0.22954801])]"
32,150,82,36,0.129367099061,"[35, 'Combined', 341668, array([-0.97293821,  0.68975659, -0.44400791]), array([-0.77340972,  0.59088503, -0.22954801])]"
70,176,68,78,0.130168338822,"[35, 'Combined', 399489, array([-0.98743518,  0.57221527, -0.22309808]), array([-0.77340972,  0.59088503, -0.22954801])]"
39,154,78,42,0.130472050434,"[35, 'Combined', 350471, array([-0.97165886,  0.71283601, -0.45463806]), array([-0.77340972,  0.59088503, -0.22954801])]"
56,168,68,64,0.131725241258,"[35, 'Combined', 381482, array([-0.96856622,  0.97140676, -0.30451297]), array([-0.77340972,  0.59088503, -0.22954801])]"
62,172,68,68,0.134392368212,"[35, 'Combined', 390484, array([-0.97245717,  0.77675116, -0.47475465]), array([-0.77340972,  0.59088503, -0.22954801])]"
37,154,76,42,0.13502499423,"[35, 'Combined', 350371, array([-0.96156675,  0.97251614, -0.31845192]), array([-0.77340972,  0.59088503, -0.22954801])]"
4,4,24,86,0.135470031596,"[35, 'Combined', 10293, array([-0.97498965,  0.85787208, -0.47374128]), array([-0.77340972,  0.59088503, -0.22954801])]"
14,12,24,96,0.136112078046,"[35, 'Combined', 28298, array([-0.97538601,  0.81300819, -0.48018786]), array([-0.77340972,  0.59088503, -0.22954801])]"
23,148,82,32,0.136633276318,"[35, 'Combined', 337166, array([-0.95949537,  0.97316391, -0.31183   ]), array([-0.77340972,  0.59088503, -0.22954801])]"
28,148,84,36,0.136926958504,"[35, 'Combined', 337268, array([-0.98336528,  0.55266643, -0.27988736]), array([-0.77340972,  0.59088503, -0.22954801])]"
31,150,80,40,0.137771350653,"[35, 'Combined', 341570, array([-0.97859804,  0.73554813, -0.11548946]), array([-0.77340972,  0.59088503, -0.22954801])]"
16,144,88,24,0.138341471331,"[35, 'Combined', 328462, array([-0.95768408,  0.96888409, -0.36785357]), array([-0.77340972,  0.59088503, -0.22954801])]"
44,158,74,50,0.00989220633107,"[45, 'Combined', 359275, array([-0.97560712,  0.74207258, -0.30163395]), array([-0.77340972,  0.59088503, -0.22954801])]"
13,10,24,96,0.0204960764767,"[45, 'Combined', 23798, array([-0.98063433,  0.78236355, -0.29400478]), array([-0.77340972,  0.59088503, -0.22954801])]"
16,12,24,98,0.0321133591836,"[45, 'Combined', 28299, array([-0.98043494,  0.75983279, -0.33398923]), array([-0.77340972,  0.59088503, -0.22954801])]"
55,166,70,62,0.0365377200161,"[45, 'Combined', 377081, array([-0.97908087,  0.70090955, -0.31027996]), array([-0.77340972,  0.59088503, -0.22954801])]"
60,170,68,68,0.0382319007461,"[45, 'Combined', 385984, array([-0.97715969,  0.80235078, -0.27549405]), array([-0.77340972,  0.59088503, -0.22954801])]"
3,2,24,86,0.0413242690052,"[45, 'Combined', 5793, array([-0.98028307,  0.81413973, -0.28486221]), array([-0.77340972,  0.59088503, -0.22954801])]"
19,144,88,28,0.0429887199729,"[45, 'Combined', 328464, array([-0.97590021,  0.71811949, -0.23603635]), array([-0.77340972,  0.59088503, -0.22954801])]"
6,4,24,88,0.0451708926953,"[45, 'Combined', 10294, array([-0.97937628,  0.8171955 , -0.32419796]), array([-0.77340972,  0.59088503, -0.22954801])]"
11,8,24,94,0.0451892687712,"[45, 'Combined', 19297, array([-0.98087876,  0.79924758, -0.25431796]), array([-0.77340972,  0.59088503, -0.22954801])]"
1,0,24,84,0.0531858253296,"[45, 'Combined', 1292, array([-0.98125278,  0.80538726, -0.24519252]), array([-0.77340972,  0.59088503, -0.22954801])]"
49,162,72,56,0.053992293983,"[45, 'Combined', 368178, array([-0.97844199,  0.68291278, -0.3249504 ]), array([-0.77340972,  0.59088503, -0.22954801])]"
24,146,86,30,0.0556253777846,"[45, 'Combined', 332865, array([-0.97313949,  0.72441031, -0.35663065]), array([-0.77340972,  0.59088503, -0.22954801])]"
18,144,88,26,0.0568386722681,"[45, 'Combined', 328463, array([-0.96790429,  0.83316511, -0.30558184]), array([-0.77340972,  0.59088503, -0.22954801])]"
62,172,68,70,0.0570099360956,"[45, 'Combined', 390485, array([-0.97879927,  0.71328625, -0.35384501]), array([-0.77340972,  0.59088503, -0.22954801])]"
63,172,68,72,0.0614945042042,"[45, 'Combined', 390486, array([-0.983006  ,  0.68714065, -0.22587623]), array([-0.77340972,  0.59088503, -0.22954801])]"
8,6,24,90,0.0615195611273,"[45, 'Combined', 14795, array([-0.97853476,  0.81454752, -0.36331819]), array([-0.77340972,  0.59088503, -0.22954801])]"
32,150,80,38,0.0688188782924,"[45, 'Combined', 341569, array([-0.97278706,  0.80065957, -0.21971896]), array([-0.77340972,  0.59088503, -0.22954801])]"
9,6,24,92,0.0743800905512,"[45, 'Combined', 14796, array([-0.98117763,  0.81045371, -0.21481712]), array([-0.77340972,  0.59088503, -0.22954801])]"
35,152,78,40,0.0766689242119,"[45, 'Combined', 345970, array([-0.96822679,  0.86396693, -0.28015108]), array([-0.77340972,  0.59088503, -0.22954801])]"
0,0,24,82,0.0771464885073,"[45, 'Combined', 1291, array([-0.97886358,  0.79993949, -0.39381906]), array([-0.77340972,  0.59088503, -0.22954801])]"
52,164,70,58,0.078493698042,"[45, 'Combined', 372579, array([-0.97054496,  0.87149168, -0.32858614]), array([-0.77340972,  0.59088503, -0.22954801])]"
10,8,24,92,0.083825562554,"[45, 'Combined', 19296, array([-0.97775755,  0.80619945, -0.40234134]), array([-0.77340972,  0.59088503, -0.22954801])]"
27,148,82,34,0.0846927307621,"[45, 'Combined', 337167, array([-0.96908784,  0.85066019, -0.23365525]), array([-0.77340972,  0.59088503, -0.22954801])]"
53,164,70,60,0.0848597209762,"[45, 'Combined', 372580, array([-0.97624064,  0.82443343, -0.2082941 ]), array([-0.77340972,  0.59088503, -0.22954801])]"
70,178,66,80,0.0849290698598,"[45, 'Combined', 403890, array([-0.97736786,  0.86993771, -0.24979143]), array([-0.77340972,  0.59088503, -0.22954801])]"
46,160,72,52,0.0868465055497,"[45, 'Combined', 363676, array([-0.96864405,  0.88720166, -0.31658135]), array([-0.77340972,  0.59088503, -0.22954801])]"
42,156,76,48,0.0882397451193,"[45, 'Combined', 354874, array([-0.98114717,  0.61782153, -0.28234004]), array([-0.77340972,  0.59088503, -0.22954801])]"
45,158,74,52,0.0894660652922,"[45, 'Combined', 359276, array([-0.98143443,  0.67379462, -0.18880321]), array([-0.77340972,  0.59088503, -0.22954801])]"
59,170,68,66,0.0899272381668,"[45, 'Combined', 385983, array([-0.97194402,  0.83242934, -0.40098061]), array([-0.77340972,  0.59088503, -0.22954801])]"
41,156,76,46,0.0903224849702,"[45, 'Combined', 354873, array([-0.97466415,  0.69441167, -0.39132947]), array([-0.77340972,  0.59088503, -0.22954801])]"
36,152,78,42,0.0904721417659,"[45, 'Combined', 345971, array([-0.97539992,  0.77870324, -0.18047029]), array([-0.77340972,  0.59088503, -0.22954801])]"
25,146,86,32,0.0910259197818,"[45, 'Combined', 332866, array([-0.98042117,  0.61326873, -0.27906854]), array([-0.77340972,  0.59088503, -0.22954801])]"
47,160,72,54,0.0910892406046,"[45, 'Combined', 363677, array([-0.97496793,  0.82834402, -0.20129145]), array([-0.77340972,  0.59088503, -0.22954801])]"
31,150,80,36,0.0915615907749,"[45, 'Combined', 341568, array([-0.9649403 ,  0.89258917, -0.31361242]), array([-0.77340972,  0.59088503, -0.22954801])]"
69,178,66,78,0.0925062669047,"[45, 'Combined', 403889, array([-0.97367177,  0.87793919, -0.37736725]), array([-0.77340972,  0.59088503, -0.22954801])]"
65,174,68,74,0.0945779912034,"[45, 'Combined', 394987, array([-0.98417125,  0.61257122, -0.29519563]), array([-0.77340972,  0.59088503, -0.22954801])]"
43,158,74,48,0.0951832419833,"[45, 'Combined', 359274, array([-0.96859119,  0.80944644, -0.4140972 ]), array([-0.77340972,  0.59088503, -0.22954801])]"
38,154,76,44,0.0964935800896,"[45, 'Combined', 350372, array([-0.97032939,  0.86660562, -0.22458039]), array([-0.77340972,  0.59088503, -0.22954801])]"
56,166,70,64,0.0977953964082,"[45, 'Combined', 377082, array([-0.98372282,  0.65682819, -0.18649003]), array([-0.77340972,  0.59088503, -0.22954801])]"
50,162,72,58,0.101372317888,"[45, 'Combined', 368179, array([-0.98366817,  0.62616809, -0.20557781]), array([-0.77340972,  0.59088503, -0.22954801])]"
7,4,24,90,0.103301659069,"[45, 'Combined', 10295, array([-0.98153715,  0.81596148, -0.17538691]), array([-0.77340972,  0.59088503, -0.22954801])]"
2,2,24,84,0.10471307189,"[45, 'Combined', 5792, array([-0.97741159,  0.81152639, -0.43346763]), array([-0.77340972,  0.59088503, -0.22954801])]"
67,176,66,76,0.106430315434,"[45, 'Combined', 399388, array([-0.97302848,  0.92775738, -0.31037513]), array([-0.77340972,  0.59088503, -0.22954801])]"
54,166,70,60,0.10861772255,"[45, 'Combined', 377080, array([-0.97324606,  0.74413695, -0.43369187]), array([-0.77340972,  0.59088503, -0.22954801])]"
30,148,84,34,0.109396976076,"[45, 'Combined', 337267, array([-0.97742079,  0.63277449, -0.37460891]), array([-0.77340972,  0.59088503, -0.22954801])]"
12,10,24,94,0.109435709526,"[45, 'Combined', 23797, array([-0.97704038,  0.79216571, -0.44138431]), array([-0.77340972,  0.59088503, -0.22954801])]"
57,168,68,64,0.111541362189,"[45, 'Combined', 381482, array([-0.96969084,  0.93444436, -0.31225005]), array([-0.77340972,  0.59088503, -0.22954801])]"
23,146,86,28,0.112539250195,"[45, 'Combined', 332864, array([-0.96467219,  0.83466931, -0.43375826]), array([-0.77340972,  0.59088503, -0.22954801])]"
61,170,68,70,0.113076473778,"[45, 'Combined', 385985, array([-0.98118483,  0.77129468, -0.14967184]), array([-0.77340972,  0.59088503, -0.22954801])]"
28,148,82,36,0.11379864104,"[45, 'Combined', 337168, array([-0.97643532,  0.75180402, -0.14593649]), array([-0.77340972,  0.59088503, -0.22954801])]"
14,10,24,98,0.115818873624,"[45, 'Combined', 23799, array([-0.98303353,  0.77160821, -0.14626705]), array([-0.77340972,  0.59088503, -0.22954801])]"
48,162,72,54,0.117144863804,"[45, 'Combined', 368177, array([-0.97202372,  0.73882545, -0.44392708]), array([-0.77340972,  0.59088503, -0.22954801])]"
37,154,76,42,0.119825923943,"[45, 'Combined', 350371, array([-0.96265208,  0.94354552, -0.32894186]), array([-0.77340972,  0.59088503, -0.22954801])]"
26,148,82,32,0.123269694234,"[45, 'Combined', 337166, array([-0.96055968,  0.94847996, -0.32108933]), array([-0.77340972,  0.59088503, -0.22954801])]"
40,154,78,44,0.123524624254,"[45, 'Combined', 350472, array([-0.97960708,  0.599255  , -0.36098932]), array([-0.77340972,  0.59088503, -0.22954801])]"
58,168,68,66,0.128291344188,"[45, 'Combined', 381483, array([-0.97474381,  0.89989762, -0.18915503]), array([-0.77340972,  0.59088503, -0.22954801])]"
29,148,84,32,0.128950069582,"[45, 'Combined', 337266, array([-0.96962029,  0.73815971, -0.45946278]), array([-0.77340972,  0.59088503, -0.22954801])]"
17,144,88,24,0.12916095273,"[45, 'Combined', 328462, array([-0.95872912,  0.94719563, -0.37475503]), array([-0.77340972,  0.59088503, -0.22954801])]"
21,146,84,30,0.12945939005,"[45, 'Combined', 332765, array([-0.96430039,  0.92406452, -0.21904264]), array([-0.77340972,  0.59088503, -0.22954801])]"
34,152,78,38,0.129983859524,"[45, 'Combined', 345969, array([-0.95987403,  0.948178  , -0.37949054]), array([-0.77340972,  0.59088503, -0.22954801])]"
33,150,80,40,0.130747381531,"[45, 'Combined', 341570, array([-0.97944862,  0.70775449, -0.12555781]), array([-0.77340972,  0.59088503, -0.22954801])]"
5,4,24,86,0.131048570761,"[45, 'Combined', 10293, array([-0.9760222 ,  0.81743389, -0.47261402]), array([-0.77340972,  0.59088503, -0.22954801])]"
4,2,24,88,0.131829520768,"[45, 'Combined', 5794, array([-0.98196022,  0.81576117, -0.13590973]), array([-0.77340972,  0.59088503, -0.22954801])]"
22,146,84,32,0.132181290636,"[45, 'Combined', 332766, array([-0.97235489,  0.8201467 , -0.13828351]), array([-0.77340972,  0.59088503, -0.22954801])]"
20,144,88,30,0.134061413926,"[45, 'Combined', 328465, array([-0.98270715,  0.60219896, -0.16620329]), array([-0.77340972,  0.59088503, -0.22954801])]"
68,176,66,78,0.136922090277,"[45, 'Combined', 399389, array([-0.9765387 ,  0.91443422, -0.18367087]), array([-0.77340972,  0.59088503, -0.22954801])]"
15,12,24,96,0.137711151124,"[45, 'Combined', 28298, array([-0.97637574,  0.77247143, -0.48056098]), array([-0.77340972,  0.59088503, -0.22954801])]"
39,154,76,46,0.138894417755,"[45, 'Combined', 350373, array([-0.9768245 ,  0.78860989, -0.1199453 ]), array([-0.77340972,  0.59088503, -0.22954801])]"
64,174,68,72,0.139568523658,"[45, 'Combined', 394986, array([-0.97976412,  0.63352043, -0.42492875]), array([-0.77340972,  0.59088503, -0.22954801])]"
66,176,66,74,0.139830249365,"[45, 'Combined', 399387, array([-0.96833277,  0.93995021, -0.43670125]), array([-0.77340972,  0.59088503, -0.22954801])]"
51,164,70,56,0.140009269131,"[45, 'Combined', 372578, array([-0.96366681,  0.91748815, -0.44847785]), array([-0.77340972,  0.59088503, -0.22954801])]"
