Strike,Dip,Rake,Misfit,Extra
0,0,-80,0.0612504935979,"[2, array([ 0.80080313,  3.53898934,  0.09691155]), array([ 0.16662171,  0.98602089,  0.        ])]"
0,0,-70,0.104794018829,"[3, array([ 0.79424658,  3.51001401, -0.3217384 ]), array([ 0.16662171,  0.98602089,  0.        ])]"
0,70,90,0.133890329035,"[299, array([ 0.23875682,  5.37953451, -0.28518787]), array([ 0.16662171,  0.98602089,  0.        ])]"
0,75,90,0.091408253507,"[319, array([ 0.39725368,  5.1193665 , -0.08335404]), array([ 0.16662171,  0.98602089,  0.        ])]"
0,80,90,0.058226528046,"[339, array([ 0.54368017,  4.70364914,  0.12101246]), array([ 0.16662171,  0.98602089,  0.        ])]"
0,85,80,0.128734174212,"[358, array([ 0.72352289,  3.93694923, -0.51492745]), array([ 0.16662171,  0.98602089,  0.        ])]"
0,85,90,0.076716604701,"[359, array([ 0.67358723,  4.14501378,  0.32170205]), array([ 0.16662171,  0.98602089,  0.        ])]"
5,0,-80,0.101052261567,"[362, array([ 0.79494039,  3.51308013,  0.30592837]), array([ 0.16662171,  0.98602089,  0.        ])]"
5,0,-70,0.0632886680949,"[363, array([ 0.80057127,  3.5379647 , -0.11284283]), array([ 0.16662171,  0.98602089,  0.        ])]"
5,5,-70,0.142730600549,"[383, array([ 0.88891486,  2.77410796, -0.0095886 ]), array([ 0.16662171,  0.98602089,  0.        ])]"
5,70,90,0.139906946063,"[659, array([ 0.24719028,  5.2588932 , -0.37641333]), array([ 0.16662171,  0.98602089,  0.        ])]"
5,75,90,0.0900440591941,"[679, array([ 0.39898564,  5.00418739, -0.09953218]), array([ 0.16662171,  0.98602089,  0.        ])]"
5,80,80,0.13928718824,"[698, array([ 0.61529568,  4.3483503 , -0.60408265]), array([ 0.16662171,  0.98602089,  0.        ])]"
5,80,90,0.0639773443125,"[699, array([ 0.53865801,  4.59743187,  0.18037322]), array([ 0.16662171,  0.98602089,  0.        ])]"
5,85,80,0.0829541040388,"[718, array([ 0.73404395,  3.79193794, -0.30758877]), array([ 0.16662171,  0.98602089,  0.        ])]"
5,85,90,0.11048164001,"[719, array([ 0.66196354,  4.05098572,  0.45479806]), array([ 0.16662171,  0.98602089,  0.        ])]"
10,0,-70,0.0612504935979,"[723, array([ 0.80080313,  3.53898934,  0.09691155]), array([ 0.16662171,  0.98602089,  0.        ])]"
10,0,-60,0.104794018829,"[724, array([ 0.79424658,  3.51001401, -0.3217384 ]), array([ 0.16662171,  0.98602089,  0.        ])]"
10,70,90,0.145438548892,"[1019, array([ 0.25758407,  5.10108373, -0.44372087]), array([ 0.16662171,  0.98602089,  0.        ])]"
10,75,90,0.0874006859132,"[1039, array([ 0.40066931,  4.85314433, -0.09857633]), array([ 0.16662171,  0.98602089,  0.        ])]"
10,80,80,0.104904856793,"[1058, array([ 0.62865609,  4.16968053, -0.43756041]), array([ 0.16662171,  0.98602089,  0.        ])]"
10,80,90,0.0738550818329,"[1059, array([ 0.53158041,  4.45774459,  0.2495634 ]), array([ 0.16662171,  0.98602089,  0.        ])]"
10,85,80,0.0393390583939,"[1078, array([ 0.73821214,  3.6236885 , -0.07589409]), array([ 0.16662171,  0.98602089,  0.        ])]"
10,85,90,0.147270189564,"[1079, array([ 0.64633972,  3.92689853,  0.59012027]), array([ 0.16662171,  0.98602089,  0.        ])]"
15,0,-70,0.101052261567,"[1083, array([ 0.79494039,  3.51308013,  0.30592837]), array([ 0.16662171,  0.98602089,  0.        ])]"
15,0,-60,0.0632886680949,"[1084, array([ 0.80057127,  3.5379647 , -0.11284283]), array([ 0.16662171,  0.98602089,  0.        ])]"
15,5,-60,0.136494756826,"[1104, array([ 0.88353591,  2.83181438,  0.059349  ]), array([ 0.16662171,  0.98602089,  0.        ])]"
15,70,90,0.148922827264,"[1379, array([ 0.269209  ,  4.90907419, -0.48162256]), array([ 0.16662171,  0.98602089,  0.        ])]"
15,75,90,0.0831747819512,"[1399, array([ 0.4017862 ,  4.66876138, -0.0766234 ]), array([ 0.16662171,  0.98602089,  0.        ])]"
15,80,80,0.0602341154962,"[1418, array([ 0.63671864,  3.9676404 , -0.24003422]), array([ 0.16662171,  0.98602089,  0.        ])]"
15,80,90,0.0892818009908,"[1419, array([ 0.52215533,  4.28659062,  0.33070392]), array([ 0.16662171,  0.98602089,  0.        ])]"
15,85,80,0.0666270160637,"[1438, array([ 0.73540012,  3.43510037,  0.17749991]), array([ 0.16662171,  0.98602089,  0.        ])]"
20,0,-60,0.0612504935979,"[1444, array([ 0.80080313,  3.53898934,  0.09691155]), array([ 0.16662171,  0.98602089,  0.        ])]"
20,0,-50,0.104794018829,"[1445, array([ 0.79424658,  3.51001401, -0.3217384 ]), array([ 0.16662171,  0.98602089,  0.        ])]"
20,5,-50,0.138162076525,"[1465, array([ 0.87494809,  2.86532945, -0.14905985]), array([ 0.16662171,  0.98602089,  0.        ])]"
20,70,90,0.148773739996,"[1739, array([ 0.28120001,  4.68643675, -0.48564518]), array([ 0.16662171,  0.98602089,  0.        ])]"
20,75,80,0.121983311336,"[1758, array([ 0.53596024,  4.1423638 , -0.48543369]), array([ 0.16662171,  0.98602089,  0.        ])]"
20,75,90,0.0777543743962,"[1759, array([ 0.40172374,  4.45408378, -0.03058529]), array([ 0.16662171,  0.98602089,  0.        ])]"
20,80,70,0.144327144185,"[1777, array([ 0.74788046,  3.29144693, -0.45186116]), array([ 0.16662171,  0.98602089,  0.        ])]"
20,80,80,0.00382982859629,"[1778, array([ 0.63866361,  3.74582889, -0.01343269]), array([ 0.16662171,  0.98602089,  0.        ])]"
20,80,90,0.111615536853,"[1779, array([ 0.51004129,  4.08639573,  0.42540392]), array([ 0.16662171,  0.98602089,  0.        ])]"
20,85,70,0.122707129516,"[1797, array([ 0.82524212,  2.76561303,  0.0161452 ]), array([ 0.16662171,  0.98602089,  0.        ])]"
20,85,80,0.145036557544,"[1798, array([ 0.72506721,  3.22913667,  0.44912961]), array([ 0.16662171,  0.98602089,  0.        ])]"
25,0,-60,0.101052261567,"[1804, array([ 0.79494039,  3.51308013,  0.30592837]), array([ 0.16662171,  0.98602089,  0.        ])]"
25,0,-50,0.0632886680949,"[1805, array([ 0.80057127,  3.5379647 , -0.11284283]), array([ 0.16662171,  0.98602089,  0.        ])]"
25,5,-50,0.131286170482,"[1825, array([ 0.87563038,  2.9109304 ,  0.12432532]), array([ 0.16662171,  0.98602089,  0.        ])]"
25,70,90,0.143394370881,"[2099, array([ 0.2925864 ,  4.43725636, -0.45249135]), array([ 0.16662171,  0.98602089,  0.        ])]"
25,75,80,0.0742212839149,"[2118, array([ 0.54477962,  3.89384151, -0.27007762]), array([ 0.16662171,  0.98602089,  0.        ])]"
25,75,90,0.073444478498,"[2119, array([ 0.3997983 ,  4.21260487,  0.04172873]), array([ 0.16662171,  0.98602089,  0.        ])]"
25,80,70,0.0774777854267,"[2137, array([ 0.75336364,  3.04932263, -0.06341826]), array([ 0.16662171,  0.98602089,  0.        ])]"
25,80,80,0.0679695285227,"[2138, array([ 0.63374104,  3.50793244,  0.23926631]), array([ 0.16662171,  0.98602089,  0.        ])]"
25,80,90,0.14221438089,"[2139, array([ 0.49486254,  3.85995551,  0.53468089]), array([ 0.16662171,  0.98602089,  0.        ])]"
30,0,-50,0.0612504935979,"[2165, array([ 0.80080313,  3.53898934,  0.09691155]), array([ 0.16662171,  0.98602089,  0.        ])]"
30,0,-40,0.104794018829,"[2166, array([ 0.79424658,  3.51001401, -0.3217384 ]), array([ 0.16662171,  0.98602089,  0.        ])]"
30,5,-40,0.120511767569,"[2186, array([ 0.8663405 ,  2.95811391, -0.08274361]), array([ 0.16662171,  0.98602089,  0.        ])]"
30,70,80,0.149790363977,"[2458, array([ 0.45958168,  3.89149366, -0.55744939]), array([ 0.16662171,  0.98602089,  0.        ])]"
30,70,90,0.131265872436,"[2459, array([ 0.30232587,  4.16602701, -0.38016392]), array([ 0.16662171,  0.98602089,  0.        ])]"
30,75,70,0.0694610732491,"[2477, array([ 0.68200827,  3.20676647, -0.18123775]), array([ 0.16662171,  0.98602089,  0.        ])]"
30,75,80,0.018779530426,"[2478, array([ 0.5469542 ,  3.63266305, -0.02016621]), array([ 0.16662171,  0.98602089,  0.        ])]"
30,75,90,0.0764275889703,"[2479, array([ 0.3952812 ,  3.948183  ,  0.14151806]), array([ 0.16662171,  0.98602089,  0.        ])]"
30,80,70,0.152600501433,"[2497, array([ 0.74749351,  2.80591536,  0.35367232]), array([ 0.16662171,  0.98602089,  0.        ])]"
35,0,-50,0.101052261567,"[2525, array([ 0.79494039,  3.51308013,  0.30592837]), array([ 0.16662171,  0.98602089,  0.        ])]"
35,0,-40,0.0632886680949,"[2526, array([ 0.80057127,  3.5379647 , -0.11284283]), array([ 0.16662171,  0.98602089,  0.        ])]"
35,5,-40,0.126904580398,"[2546, array([ 0.8652905 ,  3.00851279,  0.18351431]), array([ 0.16662171,  0.98602089,  0.        ])]"
35,5,-30,0.142968118268,"[2547, array([ 0.85036622,  2.98986191, -0.28638296]), array([ 0.16662171,  0.98602089,  0.        ])]"
35,70,60,0.144250958934,"[2816, array([ 0.74283939,  2.78610728, -0.31932481]), array([ 0.16662171,  0.98602089,  0.        ])]"
35,70,70,0.095862485766,"[2817, array([ 0.61556526,  3.25246465, -0.31152366]), array([ 0.16662171,  0.98602089,  0.        ])]"
35,70,80,0.0891162565538,"[2818, array([ 0.46958749,  3.61999753, -0.29425701]), array([ 0.16662171,  0.98602089,  0.        ])]"
35,70,90,0.111485769923,"[2819, array([ 0.30934153,  3.87753861, -0.26804951]), array([ 0.16662171,  0.98602089,  0.        ])]"
35,75,70,0.0988471701564,"[2837, array([ 0.67932365,  2.95919059,  0.24312061]), array([ 0.16662171,  0.98602089,  0.        ])]"
35,75,80,0.0765603787674,"[2838, array([ 0.54160339,  3.36316471,  0.25997418]), array([ 0.16662171,  0.98602089,  0.        ])]"
35,75,90,0.0956737408332,"[2839, array([ 0.38742679,  3.66495078,  0.26892856]), array([ 0.16662171,  0.98602089,  0.        ])]"
40,0,-40,0.0612504935979,"[2886, array([ 0.80080313,  3.53898934,  0.09691155]), array([ 0.16662171,  0.98602089,  0.        ])]"
40,0,-30,0.104794018829,"[2887, array([ 0.79424658,  3.51001401, -0.3217384 ]), array([ 0.16662171,  0.98602089,  0.        ])]"
40,5,-30,0.104814090915,"[2907, array([ 0.85527443,  3.06664128, -0.02222011]), array([ 0.16662171,  0.98602089,  0.        ])]"
40,65,60,0.125243249327,"[3156, array([ 0.69232624,  2.82482598, -0.2973924 ]), array([ 0.16662171,  0.98602089,  0.        ])]"
40,65,70,0.131423642383,"[3157, array([ 0.55697264,  3.20951816, -0.43034739]), array([ 0.16662171,  0.98602089,  0.        ])]"
40,70,60,0.144490973372,"[3176, array([ 0.74240722,  2.58944809,  0.24773988]), array([ 0.16662171,  0.98602089,  0.        ])]"
40,70,70,0.0541515841004,"[3177, array([ 0.6163876 ,  3.01348172,  0.12884478]), array([ 0.16662171,  0.98602089,  0.        ])]"
40,70,80,0.0274251025165,"[3178, array([ 0.47163936,  3.34595224,  0.0060348 ]), array([ 0.16662171,  0.98602089,  0.        ])]"
40,70,90,0.0865803948181,"[3179, array([ 0.31256059,  3.57675769, -0.11695855]), array([ 0.16662171,  0.98602089,  0.        ])]"
40,75,90,0.136335203429,"[3199, array([ 0.37550189,  3.36721921,  0.42302388]), array([ 0.16662171,  0.98602089,  0.        ])]"
45,0,-40,0.101052261567,"[3246, array([ 0.79494039,  3.51308013,  0.30592837]), array([ 0.16662171,  0.98602089,  0.        ])]"
45,0,-30,0.0632886680949,"[3247, array([ 0.80057127,  3.5379647 , -0.11284283]), array([ 0.16662171,  0.98602089,  0.        ])]"
45,5,-30,0.122892821109,"[3267, array([ 0.85267505,  3.12099944,  0.23507183]), array([ 0.16662171,  0.98602089,  0.        ])]"
45,5,-20,0.118793308866,"[3268, array([ 0.83861385,  3.10642495, -0.22463924]), array([ 0.16662171,  0.98602089,  0.        ])]"
45,10,-20,0.148613622943,"[3288, array([ 0.88560433,  2.72297893,  0.06198168]), array([ 0.16662171,  0.98602089,  0.        ])]"
45,60,50,0.135179150761,"[3495, array([ 0.76563803,  2.45277893,  0.00510565]), array([ 0.16662171,  0.98602089,  0.        ])]"
45,60,60,0.106833164482,"[3496, array([ 0.64651779,  2.82266301, -0.26110056]), array([ 0.16662171,  0.98602089,  0.        ])]"
45,65,60,0.133729611249,"[3516, array([ 0.69135719,  2.66120006,  0.28111087]), array([ 0.16662171,  0.98602089,  0.        ])]"
45,65,70,0.0206653510953,"[3517, array([ 0.56100555,  2.99378294,  0.03177565]), array([ 0.16662171,  0.98602089,  0.        ])]"
45,65,80,0.0780584497004,"[3518, array([ 0.41360804,  3.23540125, -0.21852505]), array([ 0.16662171,  0.98602089,  0.        ])]"
45,70,80,0.109305576181,"[3538, array([ 0.46481834,  3.07389889,  0.33684415]), array([ 0.16662171,  0.98602089,  0.        ])]"
45,70,90,0.0756942166852,"[3539, array([ 0.31095343,  3.26870543,  0.07087963]), array([ 0.16662171,  0.98602089,  0.        ])]"
50,0,-30,0.0612504935979,"[3607, array([ 0.80080313,  3.53898934,  0.09691155]), array([ 0.16662171,  0.98602089,  0.        ])]"
50,0,-20,0.104794018829,"[3608, array([ 0.79424658,  3.51001401, -0.3217384 ]), array([ 0.16662171,  0.98602089,  0.        ])]"
50,5,-20,0.0913426380827,"[3628, array([ 0.84193818,  3.18701903,  0.03049117]), array([ 0.16662171,  0.98602089,  0.        ])]"
50,10,-10,0.132147568637,"[3649, array([ 0.85979848,  2.84773086, -0.1205812 ]), array([ 0.16662171,  0.98602089,  0.        ])]"
50,50,50,0.150944123161,"[3815, array([ 0.68799   ,  2.62696507, -0.33368129]), array([ 0.16662171,  0.98602089,  0.        ])]"
50,55,50,0.125720930833,"[3835, array([ 0.72591793,  2.54743979,  0.1608128 ]), array([ 0.16662171,  0.98602089,  0.        ])]"
50,55,60,0.0852072776505,"[3836, array([ 0.60629292,  2.80403612, -0.20703174]), array([ 0.16662171,  0.98602089,  0.        ])]"
50,60,60,0.134298368802,"[3856, array([ 0.64473555,  2.70346527,  0.32566845]), array([ 0.16662171,  0.98602089,  0.        ])]"
50,60,70,0.0131152027827,"[3857, array([ 0.5142483 ,  2.92937474, -0.03408935]), array([ 0.16662171,  0.98602089,  0.        ])]"
50,60,80,0.135238340466,"[3858, array([ 0.36813587,  3.06627663, -0.39281137]), array([ 0.16662171,  0.98602089,  0.        ])]"
50,65,80,0.0571542868001,"[3878, array([ 0.41276967,  2.98304269,  0.14681797]), array([ 0.16662171,  0.98602089,  0.        ])]"
50,65,90,0.11061117595,"[3879, array([ 0.26117272,  3.08098088, -0.22731925]), array([ 0.16662171,  0.98602089,  0.        ])]"
50,70,90,0.11747783329,"[3899, array([ 0.30357202,  2.95833646,  0.29186649]), array([ 0.16662171,  0.98602089,  0.        ])]"
55,0,-30,0.101052261567,"[3967, array([ 0.79494039,  3.51308013,  0.30592837]), array([ 0.16662171,  0.98602089,  0.        ])]"
55,0,-20,0.0632886680949,"[3968, array([ 0.80057127,  3.5379647 , -0.11284283]), array([ 0.16662171,  0.98602089,  0.        ])]"
55,5,-20,0.118678615238,"[3988, array([ 0.83802515,  3.24438463,  0.27720693]), array([ 0.16662171,  0.98602089,  0.        ])]"
55,5,-10,0.0970332335713,"[3989, array([ 0.82463096,  3.23157504, -0.1709998 ]), array([ 0.16662171,  0.98602089,  0.        ])]"
55,10,-10,0.127117164994,"[4009, array([ 0.85996112,  2.97959828,  0.17761051]), array([ 0.16662171,  0.98602089,  0.        ])]"
55,10,0,0.143032359232,"[4010, array([ 0.82695206,  2.94965565, -0.29586935]), array([ 0.16662171,  0.98602089,  0.        ])]"
55,15,0,0.135776346356,"[4030, array([ 0.86142974,  2.75628698,  0.02452383]), array([ 0.16662171,  0.98602089,  0.        ])]"
55,35,30,0.147894477407,"[4113, array([ 0.79275615,  2.48891395, -0.11743536]), array([ 0.16662171,  0.98602089,  0.        ])]"
55,40,40,0.127696030714,"[4134, array([ 0.73140835,  2.58331725, -0.18139956]), array([ 0.16662171,  0.98602089,  0.        ])]"
55,45,50,0.098147493812,"[4155, array([ 0.65745863,  2.6939471 , -0.18549052]), array([ 0.16662171,  0.98602089,  0.        ])]"
55,50,50,0.140117649936,"[4175, array([ 0.68860376,  2.65298562,  0.30362985]), array([ 0.16662171,  0.98602089,  0.        ])]"
55,50,60,0.059855294265,"[4176, array([ 0.57197767,  2.79155135, -0.13911976]), array([ 0.16662171,  0.98602089,  0.        ])]"
55,55,60,0.143803257889,"[4196, array([ 0.60336413,  2.73915412,  0.38126395]), array([ 0.16662171,  0.98602089,  0.        ])]"
55,55,70,0.0221281873094,"[4197, array([ 0.47623385,  2.85025354, -0.06373248]), array([ 0.16662171,  0.98602089,  0.        ])]"
55,60,80,0.0378672639678,"[4218, array([ 0.37195947,  2.85196519,  0.00984342]), array([ 0.16662171,  0.98602089,  0.        ])]"
55,65,90,0.0756677062148,"[4239, array([ 0.2615972 ,  2.78955704,  0.04562073]), array([ 0.16662171,  0.98602089,  0.        ])]"
60,0,-20,0.0612504935979,"[4328, array([ 0.80080313,  3.53898934,  0.09691155]), array([ 0.16662171,  0.98602089,  0.        ])]"
60,0,-10,0.104794018829,"[4329, array([ 0.79424658,  3.51001401, -0.3217384 ]), array([ 0.16662171,  0.98602089,  0.        ])]"
60,5,-10,0.0799061988524,"[4349, array([ 0.826616  ,  3.31505576,  0.07345608]), array([ 0.16662171,  0.98602089,  0.        ])]"
60,5,0,0.132096377231,"[4350, array([ 0.80097294,  3.25194758, -0.36806282]), array([ 0.16662171,  0.98602089,  0.        ])]"
60,10,0,0.094513510591,"[4370, array([  8.32292741e-01,   3.10475719e+00,  -2.71196844e-03]), array([ 0.16662171,  0.98602089,  0.        ])]"
60,15,10,0.111273663804,"[4391, array([ 0.81867403,  2.93349878, -0.11458971]), array([ 0.16662171,  0.98602089,  0.        ])]"
60,20,10,0.148787299994,"[4411, array([ 0.84423659,  2.82079444,  0.24594131]), array([ 0.16662171,  0.98602089,  0.        ])]"
60,20,20,0.133444914974,"[4412, array([ 0.78708206,  2.81509123, -0.24086114]), array([ 0.16662171,  0.98602089,  0.        ])]"
60,25,20,0.127540183927,"[4432, array([ 0.81379547,  2.75937452,  0.12947449]), array([ 0.16662171,  0.98602089,  0.        ])]"
60,30,30,0.10577643849,"[4453, array([ 0.76718723,  2.74450283,  0.03213662]), array([ 0.16662171,  0.98602089,  0.        ])]"
60,35,40,0.083643224953,"[4474, array([ 0.70569969,  2.76131543, -0.03363829]), array([ 0.16662171,  0.98602089,  0.        ])]"
60,40,50,0.0594807504527,"[4495, array([ 0.63068818,  2.7886064 , -0.06464691]), array([ 0.16662171,  0.98602089,  0.        ])]"
60,45,60,0.0339835796048,"[4516, array([ 0.5436773 ,  2.80302357, -0.06820166]), array([ 0.16662171,  0.98602089,  0.        ])]"
60,50,70,0.0234141606635,"[4537, array([ 0.44652305,  2.78349273, -0.06168832]), array([ 0.16662171,  0.98602089,  0.        ])]"
60,55,80,0.0494634011713,"[4558, array([ 0.34159361,  2.71522567, -0.07041037]), array([ 0.16662171,  0.98602089,  0.        ])]"
60,60,90,0.0915085857999,"[4579, array([ 0.23192075,  2.59272722, -0.12397539]), array([ 0.16662171,  0.98602089,  0.        ])]"
65,0,-20,0.101052261567,"[4688, array([ 0.79494039,  3.51308013,  0.30592837]), array([ 0.16662171,  0.98602089,  0.        ])]"
65,0,-10,0.0632886680949,"[4689, array([ 0.80057127,  3.5379647 , -0.11284283]), array([ 0.16662171,  0.98602089,  0.        ])]"
65,5,-10,0.113709160274,"[4709, array([ 0.82167493,  3.37440935,  0.30827753]), array([ 0.16662171,  0.98602089,  0.        ])]"
65,5,0,0.0779813753136,"[4710, array([ 0.80875095,  3.36106622, -0.12750702]), array([ 0.16662171,  0.98602089,  0.        ])]"
65,10,0,0.116533914366,"[4730, array([ 0.82946961,  3.24120272,  0.27414171]), array([ 0.16662171,  0.98602089,  0.        ])]"
65,10,10,0.0937596922983,"[4731, array([ 0.79778521,  3.20021718, -0.17721755]), array([ 0.16662171,  0.98602089,  0.        ])]"
65,15,10,0.110760728882,"[4751, array([ 0.81867991,  3.13029195,  0.21651534]), array([ 0.16662171,  0.98602089,  0.        ])]"
65,15,20,0.110256439947,"[4752, array([ 0.76860913,  3.06879987, -0.2472521 ]), array([ 0.16662171,  0.98602089,  0.        ])]"
65,20,20,0.0985079134282,"[4772, array([ 0.79006327,  3.04863133,  0.15061814]), array([ 0.16662171,  0.98602089,  0.        ])]"
65,20,30,0.12680794022,"[4773, array([ 0.72249508,  2.96992531, -0.32211945]), array([ 0.16662171,  0.98602089,  0.        ])]"
65,25,30,0.0818027078478,"[4793, array([ 0.74465398,  2.99330665,  0.0901221 ]), array([ 0.16662171,  0.98602089,  0.        ])]"
65,25,40,0.142072037024,"[4794, array([ 0.6609401 ,  2.89715871, -0.38926471]), array([ 0.16662171,  0.98602089,  0.        ])]"
65,30,40,0.0618191970392,"[4814, array([ 0.68371119,  2.95307899,  0.04374178]), array([ 0.16662171,  0.98602089,  0.        ])]"
65,35,50,0.0389670668281,"[4835, array([ 0.60874226,  2.91119359,  0.01272985]), array([ 0.16662171,  0.98602089,  0.        ])]"
65,40,60,0.0141246815793,"[4856, array([ 0.52158733,  2.84901392, -0.01031087]), array([ 0.16662171,  0.98602089,  0.        ])]"
65,45,70,0.0205028867755,"[4877, array([ 0.42453796,  2.74993198, -0.04107463]), array([ 0.16662171,  0.98602089,  0.        ])]"
65,50,80,0.0593012975946,"[4898, array([ 0.32045329,  2.6029692 , -0.10165527]), array([ 0.16662171,  0.98602089,  0.        ])]"
65,55,80,0.151281001422,"[4918, array([ 0.33619204,  2.58071639,  0.38402525]), array([ 0.16662171,  0.98602089,  0.        ])]"
65,55,90,0.119598353963,"[4919, array([ 0.21283441,  2.40552531, -0.21732357]), array([ 0.16662171,  0.98602089,  0.        ])]"
65,60,90,0.120849624706,"[4939, array([ 0.22868387,  2.36072436,  0.23317249]), array([ 0.16662171,  0.98602089,  0.        ])]"
70,0,-10,0.0612504935979,"[5049, array([ 0.80080313,  3.53898934,  0.09691155]), array([ 0.16662171,  0.98602089,  0.        ])]"
70,0,0,0.104794018829,"[5050, array([ 0.79424658,  3.51001401, -0.3217384 ]), array([ 0.16662171,  0.98602089,  0.        ])]"
70,5,0,0.0699281711357,"[5070, array([ 0.80969409,  3.44645289,  0.10493995]), array([ 0.16662171,  0.98602089,  0.        ])]"
70,5,10,0.111208558851,"[5071, array([ 0.78468164,  3.37970713, -0.32437505]), array([ 0.16662171,  0.98602089,  0.        ])]"
70,10,10,0.0717599221288,"[5091, array([ 0.80012361,  3.3596316 ,  0.09407195]), array([ 0.16662171,  0.98602089,  0.        ])]"
70,10,20,0.119392403258,"[5092, array([ 0.75695652,  3.2605203 , -0.34553408]), array([ 0.16662171,  0.98602089,  0.        ])]"
70,15,20,0.0674194357946,"[5112, array([ 0.7726128 ,  3.28353477,  0.07462458]), array([ 0.16662171,  0.98602089,  0.        ])]"
70,15,30,0.127546478966,"[5113, array([ 0.71212794,  3.15454274, -0.37458406]), array([ 0.16662171,  0.98602089,  0.        ])]"
70,20,30,0.0578207597631,"[5133, array([ 0.72804128,  3.21482446,  0.05564374]), array([ 0.16662171,  0.98602089,  0.        ])]"
70,20,40,0.135239182205,"[5134, array([ 0.6515759 ,  3.05582157, -0.40330638]), array([ 0.16662171,  0.98602089,  0.        ])]"
70,25,40,0.0438744553352,"[5154, array([ 0.66763369,  3.14319706,  0.04190542]), array([ 0.16662171,  0.98602089,  0.        ])]"
70,25,50,0.143812181756,"[5155, array([ 0.57699867,  2.95229769, -0.42860921]), array([ 0.16662171,  0.98602089,  0.        ])]"
70,30,50,0.0264349283114,"[5175, array([ 0.59300131,  3.05392673,  0.0317385 ]), array([ 0.16662171,  0.98602089,  0.        ])]"
70,35,60,0.00649420312952,"[5196, array([ 0.50622136,  2.93117495,  0.01605184]), array([ 0.16662171,  0.98602089,  0.        ])]"
70,40,70,0.0214321173235,"[5217, array([ 0.40992681,  2.76156304, -0.02122653]), array([ 0.16662171,  0.98602089,  0.        ])]"
70,45,80,0.0613451458028,"[5238, array([ 0.30737355,  2.53746448, -0.10129565]), array([ 0.16662171,  0.98602089,  0.        ])]"
70,50,80,0.149879886529,"[5258, array([ 0.31621877,  2.54033944,  0.36977842]), array([ 0.16662171,  0.98602089,  0.        ])]"
70,50,90,0.133672065084,"[5259, array([ 0.20245176,  2.25950753, -0.24742136]), array([ 0.16662171,  0.98602089,  0.        ])]"
70,55,90,0.109450340139,"[5279, array([ 0.21208744,  2.23956694,  0.18405826]), array([ 0.16662171,  0.98602089,  0.        ])]"
75,0,-10,0.101052261567,"[5409, array([ 0.79494039,  3.51308013,  0.30592837]), array([ 0.16662171,  0.98602089,  0.        ])]"
75,0,0,0.0632886680949,"[5410, array([ 0.80057127,  3.5379647 , -0.11284283]), array([ 0.16662171,  0.98602089,  0.        ])]"
75,5,0,0.107537268469,"[5430, array([ 0.80405434,  3.50675332,  0.32689902]), array([ 0.16662171,  0.98602089,  0.        ])]"
75,5,10,0.0616705023032,"[5431, array([ 0.79141357,  3.49068649, -0.09594507]), array([ 0.16662171,  0.98602089,  0.        ])]"
75,10,10,0.111356885577,"[5451, array([ 0.79493649,  3.49860937,  0.34654212]), array([ 0.16662171,  0.98602089,  0.        ])]"
75,10,20,0.0560903163944,"[5452, array([ 0.76430116,  3.44206182, -0.08159824]), array([ 0.16662171,  0.98602089,  0.        ])]"
75,15,20,0.114888584241,"[5472, array([ 0.76780403,  3.48478846,  0.37150998]), array([ 0.16662171,  0.98602089,  0.        ])]"
75,15,30,0.0459755921378,"[5473, array([ 0.71999893,  3.38611406, -0.06390633]), array([ 0.16662171,  0.98602089,  0.        ])]"
75,20,30,0.120673756513,"[5493, array([ 0.72331202,  3.45477511,  0.40496875]), array([ 0.16662171,  0.98602089,  0.        ])]"
75,20,40,0.0317225681507,"[5494, array([ 0.65970524,  3.31094081, -0.04128354]), array([ 0.16662171,  0.98602089,  0.        ])]"
75,25,40,0.130290076745,"[5514, array([ 0.66262   ,  3.39351132,  0.44429429]), array([ 0.16662171,  0.98602089,  0.        ])]"
75,25,50,0.0145201721359,"[5515, array([ 0.58511636,  3.20125132, -0.01836019]), array([ 0.16662171,  0.98602089,  0.        ])]"
75,30,50,0.143144247718,"[5535, array([ 0.58748546,  3.28440815,  0.47980573]), array([ 0.16662171,  0.98602089,  0.        ])]"
75,30,60,0.00540926381637,"[5536, array([ 0.49850866,  3.04161121, -0.00671901]), array([ 0.16662171,  0.98602089,  0.        ])]"
75,35,70,0.0269022639935,"[5557, array([ 0.40280999,  2.81990968, -0.0242739 ]), array([ 0.16662171,  0.98602089,  0.        ])]"
75,40,80,0.0609613974564,"[5578, array([ 0.30162874,  2.53052415, -0.09330275]), array([ 0.16662171,  0.98602089,  0.        ])]"
75,45,80,0.151519537487,"[5598, array([ 0.30368497,  2.55303365,  0.37131927]), array([ 0.16662171,  0.98602089,  0.        ])]"
75,45,90,0.132186930431,"[5599, array([ 0.1992121 ,  2.17668795, -0.23734832]), array([ 0.16662171,  0.98602089,  0.        ])]"
75,50,90,0.111991291087,"[5619, array([ 0.20271722,  2.17248424,  0.18331439]), array([ 0.16662171,  0.98602089,  0.        ])]"
80,0,0,0.0612504935979,"[5770, array([ 0.80080313,  3.53898934,  0.09691155]), array([ 0.16662171,  0.98602089,  0.        ])]"
80,0,10,0.104794018829,"[5771, array([ 0.79424658,  3.51001401, -0.3217384 ]), array([ 0.16662171,  0.98602089,  0.        ])]"
80,5,10,0.0606284790369,"[5791, array([ 0.79165721,  3.57698777,  0.12352525]), array([ 0.16662171,  0.98602089,  0.        ])]"
80,5,20,0.0946129752604,"[5792, array([ 0.76711376,  3.50452114, -0.29306809]), array([ 0.16662171,  0.98602089,  0.        ])]"
80,10,20,0.061052406404,"[5812, array([ 0.7643142 ,  3.60394458,  0.1648595 ]), array([ 0.16662171,  0.98602089,  0.        ])]"
80,10,30,0.0799392041515,"[5813, array([ 0.72262518,  3.48369652, -0.25235537]), array([ 0.16662171,  0.98602089,  0.        ])]"
80,15,30,0.0673643174757,"[5833, array([ 0.7193655 ,  3.60530868,  0.22287899]), array([ 0.16662171,  0.98602089,  0.        ])]"
80,15,40,0.0615487690636,"[5834, array([ 0.66194408,  3.4319724 , -0.19958761]), array([ 0.16662171,  0.98602089,  0.        ])]"
80,20,40,0.0821824057601,"[5854, array([ 0.65799978,  3.56249465,  0.29321083]), array([ 0.16662171,  0.98602089,  0.        ])]"
80,20,50,0.0423694076044,"[5855, array([ 0.58683094,  3.331056  , -0.14143491]), array([ 0.16662171,  0.98602089,  0.        ])]"
80,25,50,0.103493210669,"[5875, array([ 0.58211508,  3.45610022,  0.36401665]), array([ 0.16662171,  0.98602089,  0.        ])]"
80,25,60,0.0306035966241,"[5876, array([ 0.49973631,  3.1633553 , -0.09182706]), array([ 0.16662171,  0.98602089,  0.        ])]"
80,30,60,0.126394070724,"[5896, array([ 0.49441146,  3.26955327,  0.4162043 ]), array([ 0.16662171,  0.98602089,  0.        ])]"
80,30,70,0.0383354799842,"[5897, array([ 0.40386225,  2.91559535, -0.07115118]), array([ 0.16662171,  0.98602089,  0.        ])]"
80,35,70,0.144164025225,"[5917, array([ 0.39843128,  2.99266223,  0.42504745]), array([ 0.16662171,  0.98602089,  0.        ])]"
80,35,80,0.0644454324618,"[5918, array([ 0.30316166,  2.58209108, -0.10409668]), array([ 0.16662171,  0.98602089,  0.        ])]"
80,40,80,0.146875143912,"[5938, array([ 0.29851821,  2.62453929,  0.36307497]), array([ 0.16662171,  0.98602089,  0.        ])]"
80,40,90,0.123803903171,"[5939, array([ 0.20224993,  2.16717268, -0.21637706]), array([ 0.16662171,  0.98602089,  0.        ])]"
80,45,90,0.1200054924,"[5959, array([ 0.19967397,  2.17543251,  0.20389826]), array([ 0.16662171,  0.98602089,  0.        ])]"
85,0,0,0.101052261567,"[6130, array([ 0.79494039,  3.51308013,  0.30592837]), array([ 0.16662171,  0.98602089,  0.        ])]"
85,0,10,0.0632886680949,"[6131, array([ 0.80057127,  3.5379647 , -0.11284283]), array([ 0.16662171,  0.98602089,  0.        ])]"
85,5,10,0.0998556616461,"[6151, array([ 0.78568265,  3.63721502,  0.33205115]), array([ 0.16662171,  0.98602089,  0.        ])]"
85,5,20,0.0480515498536,"[6152, array([ 0.77315492,  3.61642416, -0.07772003]), array([ 0.16662171,  0.98602089,  0.        ])]"
85,5,30,0.141369026316,"[6153, array([ 0.73713528,  3.48575008, -0.48512973]), array([ 0.16662171,  0.98602089,  0.        ])]"
85,10,20,0.106919191907,"[6172, array([ 0.75751191,  3.74353304,  0.39076619]), array([ 0.16662171,  0.98602089,  0.        ])]"
85,10,30,0.0286926046316,"[6173, array([ 0.72771898,  3.66780753, -0.01360801]), array([ 0.16662171,  0.98602089,  0.        ])]"
85,10,40,0.119725614847,"[6174, array([ 0.67581467,  3.48063755, -0.41756874]), array([ 0.16662171,  0.98602089,  0.        ])]"
85,15,30,0.124708747131,"[6193, array([ 0.71094081,  3.80853303,  0.4810472 ]), array([ 0.16662171,  0.98602089,  0.        ])]"
85,15,40,0.0235450631146,"[6194, array([ 0.66542361,  3.6683726 ,  0.07544618]), array([ 0.16662171,  0.98602089,  0.        ])]"
85,15,50,0.0957521711754,"[6195, array([ 0.59968785,  3.41675053, -0.33244724]), array([ 0.16662171,  0.98602089,  0.        ])]"
85,20,40,0.152513456092,"[6214, array([ 0.64729917,  3.8063215 ,  0.59344415]), array([ 0.16662171,  0.98602089,  0.        ])]"
85,20,50,0.0488221025804,"[6215, array([ 0.58825472,  3.59372655,  0.17693544]), array([ 0.16662171,  0.98602089,  0.        ])]"
85,20,60,0.0748598462509,"[6216, array([ 0.51133644,  3.27193803, -0.24494937]), array([ 0.16662171,  0.98602089,  0.        ])]"
85,25,60,0.0811416207563,"[6236, array([ 0.4991259 ,  3.42287344,  0.270136  ]), array([ 0.16662171,  0.98602089,  0.        ])]"
85,25,70,0.0660205321747,"[6237, array([ 0.41421295,  3.02916512, -0.17761398]), array([ 0.16662171,  0.98602089,  0.        ])]"
85,30,70,0.11065454882,"[6257, array([ 0.40190664,  3.14216191,  0.3278463 ]), array([ 0.16662171,  0.98602089,  0.        ])]"
85,30,80,0.0777730705811,"[6258, array([ 0.31261859,  2.68015086, -0.15801468]), array([ 0.16662171,  0.98602089,  0.        ])]"
85,35,80,0.128857805775,"[6278, array([ 0.30134782,  2.74856519,  0.31947358]), array([ 0.16662171,  0.98602089,  0.        ])]"
85,35,90,0.120274760527,"[6279, array([ 0.21157386,  2.22809812, -0.21524785]), array([ 0.16662171,  0.98602089,  0.        ])]"
85,40,90,0.122449189488,"[6299, array([ 0.20288737,  2.25179182,  0.21511897]), array([ 0.16662171,  0.98602089,  0.        ])]"
90,0,10,0.0612504935979,"[6491, array([ 0.80080313,  3.53898934,  0.09691155]), array([ 0.16662171,  0.98602089,  0.        ])]"
90,0,20,0.104794018829,"[6492, array([ 0.79424658,  3.51001401, -0.3217384 ]), array([ 0.16662171,  0.98602089,  0.        ])]"
90,5,10,0.145538101589,"[6511, array([ 0.77381176,  3.67015851,  0.52803515]), array([ 0.16662171,  0.98602089,  0.        ])]"
90,5,20,0.0512287062343,"[6512, array([ 0.77307546,  3.70267534,  0.12821797]), array([ 0.16662171,  0.98602089,  0.        ])]"
90,5,30,0.0827708407072,"[6513, array([ 0.74884966,  3.62268826, -0.27549505]), array([ 0.16662171,  0.98602089,  0.        ])]"
90,10,20,0.151750272857,"[6532, array([ 0.74448735,  3.85829346,  0.59379161]), array([ 0.16662171,  0.98602089,  0.        ])]"
90,10,30,0.056427705131,"[6533, array([ 0.72620115,  3.83045925,  0.20597656]), array([ 0.16662171,  0.98602089,  0.        ])]"
90,10,40,0.0527835768733,"[6534, array([ 0.6858497 ,  3.68623847, -0.18809698]), array([ 0.16662171,  0.98602089,  0.        ])]"
90,15,40,0.081709389098,"[6554, array([ 0.66143437,  3.89003882,  0.32310894]), array([ 0.16662171,  0.98602089,  0.        ])]"
90,15,50,0.0192601054992,"[6555, array([ 0.60721518,  3.66972581, -0.07050898]), array([ 0.16662171,  0.98602089,  0.        ])]"
90,15,60,0.136093306701,"[6556, array([ 0.53454607,  3.33791004, -0.46198452]), array([ 0.16662171,  0.98602089,  0.        ])]"
90,20,50,0.119460095326,"[6575, array([ 0.58113218,  3.85029424,  0.46226636]), array([ 0.16662171,  0.98602089,  0.        ])]"
90,20,60,0.027801249022,"[6576, array([ 0.51599321,  3.54555839,  0.05656924]), array([ 0.16662171,  0.98602089,  0.        ])]"
90,20,70,0.114291843694,"[6577, array([ 0.43517604,  3.13309255, -0.35084671]), array([ 0.16662171,  0.98602089,  0.        ])]"
90,25,70,0.0646791764246,"[6597, array([ 0.41633893,  3.29405283,  0.16440329]), array([ 0.16662171,  0.98602089,  0.        ])]"
90,25,80,0.108497909111,"[6598, array([ 0.33118329,  2.80198949, -0.2730031 ]), array([ 0.16662171,  0.98602089,  0.        ])]"
90,30,80,0.0959400890389,"[6618, array([ 0.3134176 ,  2.90732752,  0.21942083]), array([ 0.16662171,  0.98602089,  0.        ])]"
90,30,90,0.130941306794,"[6619, array([ 0.22802869,  2.34398549, -0.26125297]), array([ 0.16662171,  0.98602089,  0.        ])]"
90,35,90,0.110578027464,"[6639, array([ 0.21316404,  2.39196104,  0.18754652]), array([ 0.16662171,  0.98602089,  0.        ])]"
95,0,10,0.101052261567,"[6851, array([ 0.79494039,  3.51308013,  0.30592837]), array([ 0.16662171,  0.98602089,  0.        ])]"
95,0,20,0.0632886680949,"[6852, array([ 0.80057127,  3.5379647 , -0.11284283]), array([ 0.16662171,  0.98602089,  0.        ])]"
95,5,20,0.0904962679678,"[6872, array([ 0.76715231,  3.76186715,  0.32316913]), array([ 0.16662171,  0.98602089,  0.        ])]"
95,5,30,0.0373684541365,"[6873, array([ 0.75458769,  3.73460507, -0.07376056]), array([ 0.16662171,  0.98602089,  0.        ])]"
95,5,40,0.130615442137,"[6874, array([ 0.7190953 ,  3.5938689 , -0.46844908]), array([ 0.16662171,  0.98602089,  0.        ])]"
95,10,30,0.100541991575,"[6893, array([ 0.71862365,  3.96894494,  0.40412332]), array([ 0.16662171,  0.98602089,  0.        ])]"
95,10,40,0.0106941540236,"[6894, array([ 0.6895228 ,  3.87143757,  0.02358301]), array([ 0.16662171,  0.98602089,  0.        ])]"
95,10,50,0.0962356791035,"[6895, array([ 0.63947116,  3.65629853, -0.35767386]), array([ 0.16662171,  0.98602089,  0.        ])]"
95,15,40,0.12987819205,"[6914, array([ 0.65077025,  4.09320863,  0.53981161]), array([ 0.16662171,  0.98602089,  0.        ])]"
95,15,50,0.0438013444551,"[6915, array([ 0.60763556,  3.90945238,  0.16532857]), array([ 0.16662171,  0.98602089,  0.        ])]"
95,15,60,0.0610989808434,"[6916, array([ 0.54603818,  3.60690939, -0.21417788]), array([ 0.16662171,  0.98602089,  0.        ])]"
95,20,60,0.0910881616985,"[6936, array([ 0.51257379,  3.81498894,  0.32636267]), array([ 0.16662171,  0.98602089,  0.        ])]"
95,20,70,0.0430168449466,"[6937, array([ 0.44313667,  3.41775316, -0.06640007]), array([ 0.16662171,  0.98602089,  0.        ])]"
95,25,70,0.141273601177,"[6957, array([ 0.40935029,  3.5649247 ,  0.47272985]), array([ 0.16662171,  0.98602089,  0.        ])]"
95,25,80,0.0606246763688,"[6958, array([ 0.33630817,  3.07339108,  0.05022784]), array([ 0.16662171,  0.98602089,  0.        ])]"
95,30,90,0.086228397336,"[6979, array([ 0.23201837,  2.57437039,  0.09775746]), array([ 0.16662171,  0.98602089,  0.        ])]"
100,0,20,0.0612504935979,"[7212, array([ 0.80080313,  3.53898934,  0.09691155]), array([ 0.16662171,  0.98602089,  0.        ])]"
100,0,30,0.104794018829,"[7213, array([ 0.79424658,  3.51001401, -0.3217384 ]), array([ 0.16662171,  0.98602089,  0.        ])]"
100,5,20,0.13331919339,"[7232, array([ 0.75570293,  3.79280871,  0.50594447]), array([ 0.16662171,  0.98602089,  0.        ])]"
100,5,30,0.0410984281743,"[7233, array([ 0.75458188,  3.81989803,  0.11852968]), array([ 0.16662171,  0.98602089,  0.        ])]"
100,5,40,0.0761062234146,"[7234, array([ 0.73053325,  3.73092168, -0.27248659]), array([ 0.16662171,  0.98602089,  0.        ])]"
100,10,30,0.139040424793,"[7253, array([ 0.70559286,  4.0807191 ,  0.57932416]), array([ 0.16662171,  0.98602089,  0.        ])]"
100,10,40,0.0525815908117,"[7254, array([ 0.68734515,  4.03335991,  0.21526105]), array([ 0.16662171,  0.98602089,  0.        ])]"
100,10,50,0.0396505105182,"[7255, array([ 0.64821281,  3.86344912, -0.15534267]), array([ 0.16662171,  0.98602089,  0.        ])]"
100,10,60,0.142888737387,"[7256, array([ 0.58938485,  3.57614938, -0.52122637]), array([ 0.16662171,  0.98602089,  0.        ])]"
100,15,50,0.0916276907748,"[7275, array([ 0.60170477,  4.13204272,  0.37157709]), array([ 0.16662171,  0.98602089,  0.        ])]"
100,15,60,0.025917283031,"[7276, array([ 0.550816  ,  3.86437048,  0.00879725]), array([ 0.16662171,  0.98602089,  0.        ])]"
100,15,70,0.104709387814,"[7277, array([ 0.48319097,  3.47928129, -0.35424989]), array([ 0.16662171,  0.98602089,  0.        ])]"
100,20,60,0.142538553684,"[7296, array([ 0.50201212,  4.0757113 ,  0.55921332]), array([ 0.16662171,  0.98602089,  0.        ])]"
100,20,70,0.0696055796196,"[7297, array([ 0.4434988 ,  3.70038495,  0.1876689 ]), array([ 0.16662171,  0.98602089,  0.        ])]"
100,20,80,0.0784714579765,"[7298, array([ 0.37151   ,  3.21262428, -0.18957775]), array([ 0.16662171,  0.98602089,  0.        ])]"
100,25,80,0.121928113956,"[7318, array([ 0.3328437 ,  3.35339894,  0.34140412]), array([ 0.16662171,  0.98602089,  0.        ])]"
100,25,90,0.0772063837489,"[7319, array([ 0.26131109,  2.76780444, -0.06773158]), array([ 0.16662171,  0.98602089,  0.        ])]"
105,0,20,0.101052261567,"[7572, array([ 0.79494039,  3.51308013,  0.30592837]), array([ 0.16662171,  0.98602089,  0.        ])]"
105,0,30,0.0632886680949,"[7573, array([ 0.80057127,  3.5379647 , -0.11284283]), array([ 0.16662171,  0.98602089,  0.        ])]"
105,5,30,0.0794131551552,"[7593, array([ 0.74910452,  3.87717805,  0.30020752]), array([ 0.16662171,  0.98602089,  0.        ])]"
105,5,40,0.0307942813778,"[7594, array([ 0.73637325,  3.84199267, -0.08444951]), array([ 0.16662171,  0.98602089,  0.        ])]"
105,5,50,0.125239414702,"[7595, array([ 0.70126764,  3.6900703 , -0.46654058]), array([ 0.16662171,  0.98602089,  0.        ])]"
105,10,40,0.0911814892144,"[7614, array([ 0.67988067,  4.16928535,  0.38548143]), array([ 0.16662171,  0.98602089,  0.        ])]"
105,10,50,0.0104901415485,"[7615, array([ 0.65135518,  4.04842685,  0.02840088]), array([ 0.16662171,  0.98602089,  0.        ])]"
105,10,60,0.0859486661374,"[7616, array([ 0.60303859,  3.80455896, -0.32954262]), array([ 0.16662171,  0.98602089,  0.        ])]"
105,15,50,0.128203080096,"[7635, array([ 0.5902618 ,  4.33364493,  0.54583425]), array([ 0.16662171,  0.98602089,  0.        ])]"
105,15,60,0.0599091463191,"[7636, array([ 0.54959731,  4.10628401,  0.20355065]), array([ 0.16662171,  0.98602089,  0.        ])]"
105,15,70,0.0532352424523,"[7637, array([ 0.49223358,  3.75415573, -0.14491773]), array([ 0.16662171,  0.98602089,  0.        ])]"
105,15,80,0.151890007671,"[7638, array([ 0.41991359,  3.28795933, -0.48898287]), array([ 0.16662171,  0.98602089,  0.        ])]"
105,20,70,0.116551403351,"[7657, array([ 0.43715638,  3.97639956,  0.40625023]), array([ 0.16662171,  0.98602089,  0.        ])]"
105,20,80,0.0623092495548,"[7658, array([ 0.37566059,  3.50890307,  0.04892499]), array([ 0.16662171,  0.98602089,  0.        ])]"
105,20,90,0.122924198325,"[7659, array([ 0.30275054,  2.93479034, -0.30988681]), array([ 0.16662171,  0.98602089,  0.        ])]"
105,25,90,0.106319059527,"[7679, array([ 0.26146743,  3.05854862,  0.20783264]), array([ 0.16662171,  0.98602089,  0.        ])]"
110,0,30,0.0612504935979,"[7933, array([ 0.80080313,  3.53898934,  0.09691155]), array([ 0.16662171,  0.98602089,  0.        ])]"
110,0,40,0.104794018829,"[7934, array([ 0.79424658,  3.51001401, -0.3217384 ]), array([ 0.16662171,  0.98602089,  0.        ])]"
110,5,30,0.119418671009,"[7953, array([ 0.73845729,  3.90530245,  0.47048063]), array([ 0.16662171,  0.98602089,  0.        ])]"
110,5,40,0.0298178000926,"[7954, array([ 0.73684289,  3.92549706,  0.09452658]), array([ 0.16662171,  0.98602089,  0.        ])]"
110,5,50,0.0748157135824,"[7955, array([ 0.7128399 ,  3.82641743, -0.28429961]), array([ 0.16662171,  0.98602089,  0.        ])]"
110,10,40,0.123280348801,"[7974, array([ 0.66772514,  4.27671441,  0.53355401]), array([ 0.16662171,  0.98602089,  0.        ])]"
110,10,50,0.0473065828145,"[7975, array([ 0.64942026,  4.20834007,  0.19216155]), array([ 0.16662171,  0.98602089,  0.        ])]"
110,10,60,0.0414757343649,"[7976, array([ 0.61138307,  4.01209745, -0.15506964]), array([ 0.16662171,  0.98602089,  0.        ])]"
110,10,70,0.133685914224,"[7977, array([ 0.55476932,  3.69394928, -0.49758912]), array([ 0.16662171,  0.98602089,  0.        ])]"
110,15,60,0.0942377235772,"[7996, array([ 0.54318044,  4.32866406,  0.36776233]), array([ 0.16662171,  0.98602089,  0.        ])]"
110,15,70,0.0455342805735,"[7997, array([ 0.49565825,  4.01526624,  0.03752307]), array([ 0.16662171,  0.98602089,  0.        ])]"
110,15,80,0.0938983928577,"[7998, array([ 0.43307574,  3.57986658, -0.29385631]), array([ 0.16662171,  0.98602089,  0.        ])]"
110,20,70,0.152201621451,"[8017, array([ 0.4251278 ,  4.24105935,  0.58553893]), array([ 0.16662171,  0.98602089,  0.        ])]"
110,20,80,0.0959261476422,"[8018, array([ 0.37354206,  3.80084163,  0.25333588]), array([ 0.16662171,  0.98602089,  0.        ])]"
110,20,90,0.0767104863011,"[8019, array([ 0.31060644,  3.24513725, -0.08656466]), array([ 0.16662171,  0.98602089,  0.        ])]"
115,0,30,0.101052261567,"[8293, array([ 0.79494039,  3.51308013,  0.30592837]), array([ 0.16662171,  0.98602089,  0.        ])]"
115,0,40,0.0632886680949,"[8294, array([ 0.80057127,  3.5379647 , -0.11284283]), array([ 0.16662171,  0.98602089,  0.        ])]"
115,5,40,0.066662036683,"[8314, array([ 0.73219844,  3.9800931 ,  0.2636699 ]), array([ 0.16662171,  0.98602089,  0.        ])]"
115,5,50,0.030456117919,"[8315, array([ 0.71918831,  3.93584791, -0.10959223]), array([ 0.16662171,  0.98602089,  0.        ])]"
115,5,60,0.125019472559,"[8316, array([ 0.68432601,  3.77201397, -0.47952446]), array([ 0.16662171,  0.98602089,  0.        ])]"
115,10,40,0.149906167021,"[8334, array([ 0.65148524,  4.35343186,  0.65954096]), array([ 0.16662171,  0.98602089,  0.        ])]"
115,10,50,0.0789273110502,"[8335, array([ 0.64296031,  4.34051065,  0.33529679]), array([ 0.16662171,  0.98602089,  0.        ])]"
115,10,60,0.021884895462,"[8336, array([  6.14899344e-01,   4.19570521e+00,   8.64801833e-04]), array([ 0.16662171,  0.98602089,  0.        ])]"
115,10,70,0.0871949214556,"[8337, array([ 0.56815498,  3.9234154 , -0.33359347]), array([ 0.16662171,  0.98602089,  0.        ])]"
115,15,60,0.120287101791,"[8356, array([ 0.53241426,  4.52764352,  0.50022566]), array([ 0.16662171,  0.98602089,  0.        ])]"
115,15,70,0.0683142228748,"[8357, array([ 0.49422376,  4.25849226,  0.19083102]), array([ 0.16662171,  0.98602089,  0.        ])]"
115,15,80,0.0624529020924,"[8358, array([ 0.44101652,  3.85994887, -0.12436192]), array([ 0.16662171,  0.98602089,  0.        ])]"
115,15,90,0.140334775297,"[8359, array([ 0.37440922,  3.34412288, -0.43577618]), array([ 0.16662171,  0.98602089,  0.        ])]"
115,20,80,0.128361992678,"[8378, array([ 0.36613192,  4.08360493,  0.41991185]), array([ 0.16662171,  0.98602089,  0.        ])]"
115,20,90,0.0848020645075,"[8379, array([ 0.31262043,  3.55353793,  0.10393591]), array([ 0.16662171,  0.98602089,  0.        ])]"
120,0,40,0.0612504935979,"[8654, array([ 0.80080313,  3.53898934,  0.09691155]), array([ 0.16662171,  0.98602089,  0.        ])]"
120,0,50,0.104794018829,"[8655, array([ 0.79424658,  3.51001401, -0.3217384 ]), array([ 0.16662171,  0.98602089,  0.        ])]"
120,5,40,0.10406363773,"[8674, array([ 0.72271492,  4.00471374,  0.42256044]), array([ 0.16662171,  0.98602089,  0.        ])]"
120,5,50,0.0171963567767,"[8675, array([ 0.7205242 ,  4.01682312,  0.0568419 ]), array([ 0.16662171,  0.98602089,  0.        ])]"
120,5,60,0.0786248799558,"[8676, array([ 0.69644072,  3.90688335, -0.31060375]), array([ 0.16662171,  0.98602089,  0.        ])]"
120,10,50,0.104944241188,"[8695, array([ 0.63253729,  4.44253876,  0.45790329]), array([ 0.16662171,  0.98602089,  0.        ])]"
120,10,60,0.0414968688141,"[8696, array([ 0.61409689,  4.35252721,  0.13767317]), array([ 0.16662171,  0.98602089,  0.        ])]"
120,10,70,0.0531021821536,"[8697, array([ 0.57699747,  4.13026633, -0.18674008]), array([ 0.16662171,  0.98602089,  0.        ])]"
120,10,80,0.135008520836,"[8698, array([ 0.52236628,  3.7825094 , -0.50547933]), array([ 0.16662171,  0.98602089,  0.        ])]"
120,15,60,0.138841644271,"[8716, array([ 0.51816743,  4.69956962,  0.60085527]), array([ 0.16662171,  0.98602089,  0.        ])]"
120,15,70,0.0909914836352,"[8717, array([ 0.48873733,  4.4798182 ,  0.31386288]), array([ 0.16662171,  0.98602089,  0.        ])]"
120,15,80,0.0601873277124,"[8718, array([ 0.44445719,  4.12394977,  0.01733391]), array([ 0.16662171,  0.98602089,  0.        ])]"
120,15,90,0.0979877413944,"[8719, array([ 0.38667245,  3.64277722, -0.27972173]), array([ 0.16662171,  0.98602089,  0.        ])]"
120,20,80,0.151227571277,"[8738, array([ 0.35449327,  4.35230454,  0.54628881]), array([ 0.16662171,  0.98602089,  0.        ])]"
120,20,90,0.109690556236,"[8739, array([ 0.30973282,  3.85504766,  0.25791559]), array([ 0.16662171,  0.98602089,  0.        ])]"
125,0,40,0.101052261567,"[9014, array([ 0.79494039,  3.51308013,  0.30592837]), array([ 0.16662171,  0.98602089,  0.        ])]"
125,0,50,0.0632886680949,"[9015, array([ 0.80057127,  3.5379647 , -0.11284283]), array([ 0.16662171,  0.98602089,  0.        ])]"
125,5,40,0.139946654002,"[9034, array([ 0.7086768 ,  3.99859459,  0.57110673]), array([ 0.16662171,  0.98602089,  0.        ])]"
125,5,50,0.0523847795172,"[9035, array([ 0.71707694,  4.0680757 ,  0.21460278]), array([ 0.16662171,  0.98602089,  0.        ])]"
125,5,60,0.0369196649186,"[9036, array([ 0.70368906,  4.01395038, -0.14842176]), array([ 0.16662171,  0.98602089,  0.        ])]"
125,5,70,0.129501610635,"[9037, array([ 0.66891995,  3.83786321, -0.50693658]), array([ 0.16662171,  0.98602089,  0.        ])]"
125,10,50,0.126384205141,"[9055, array([ 0.61870307,  4.51236351,  0.56078019]), array([ 0.16662171,  0.98602089,  0.        ])]"
125,10,60,0.0649715100188,"[9056, array([ 0.60949353,  4.47997906,  0.25549443]), array([ 0.16662171,  0.98602089,  0.        ])]"
125,10,70,0.0358103712791,"[9057, array([ 0.58176484,  4.31147271, -0.0575544 ]), array([ 0.16662171,  0.98602089,  0.        ])]"
125,10,80,0.0971885376659,"[9058, array([ 0.53635952,  4.01196444, -0.36885447]), array([ 0.16662171,  0.98602089,  0.        ])]"
125,15,60,0.151161112497,"[9076, array([ 0.50129783,  4.84109671,  0.67065963]), array([ 0.16662171,  0.98602089,  0.        ])]"
125,15,70,0.108039978213,"[9077, array([ 0.48002427,  4.67542978,  0.40658157]), array([ 0.16662171,  0.98602089,  0.        ])]"
125,15,80,0.0723925135534,"[9078, array([ 0.44416542,  4.36770228,  0.13014974]), array([ 0.16662171,  0.98602089,  0.        ])]"
125,15,90,0.0772151094767,"[9079, array([ 0.39481082,  3.92726436, -0.15023663]), array([ 0.16662171,  0.98602089,  0.        ])]"
125,20,90,0.130033300566,"[9099, array([ 0.30296833,  4.14464611,  0.37303869]), array([ 0.16662171,  0.98602089,  0.        ])]"
130,0,50,0.0612504935979,"[9375, array([ 0.80080313,  3.53898934,  0.09691155]), array([ 0.16662171,  0.98602089,  0.        ])]"
130,0,60,0.104794018829,"[9376, array([ 0.79424658,  3.51001401, -0.3217384 ]), array([ 0.16662171,  0.98602089,  0.        ])]"
130,5,50,0.0875061357846,"[9395, array([ 0.70908491,  4.08863894,  0.36360683]), array([ 0.16662171,  0.98602089,  0.        ])]"
130,5,60,0.00386581817827,"[9396, array([ 0.70625529,  4.09174943,  0.00665301]), array([ 0.16662171,  0.98602089,  0.        ])]"
130,5,70,0.0868252446457,"[9397, array([ 0.68196647,  3.97053418, -0.35050295]), array([ 0.16662171,  0.98602089,  0.        ])]"
130,10,50,0.144235880982,"[9415, array([ 0.60198078,  4.54831766,  0.64537035]), array([ 0.16662171,  0.98602089,  0.        ])]"
130,10,60,0.0850961677617,"[9416, array([ 0.60159586,  4.57580893,  0.35515711]), array([ 0.16662171,  0.98602089,  0.        ])]"
130,10,70,0.0394377460796,"[9417, array([ 0.58293176,  4.46426656,  0.0541526 ]), array([ 0.16662171,  0.98602089,  0.        ])]"
130,10,80,0.0699212271805,"[9418, array([ 0.54655557,  4.21707972, -0.24849731]), array([ 0.16662171,  0.98602089,  0.        ])]"
130,10,90,0.144919129902,"[9419, array([ 0.49357256,  3.84175903, -0.54359675]), array([ 0.16662171,  0.98602089,  0.        ])]"
130,15,70,0.119517015998,"[9437, array([ 0.4688979 ,  4.84180779,  0.47002924]), array([ 0.16662171,  0.98602089,  0.        ])]"
130,15,80,0.0852925238755,"[9438, array([ 0.44092528,  4.58722604,  0.21409741]), array([ 0.16662171,  0.98602089,  0.        ])]"
130,15,90,0.0733064155384,"[9439, array([ 0.39955536,  4.19326376, -0.04833967]), array([ 0.16662171,  0.98602089,  0.        ])]"
130,20,90,0.142727179943,"[9459, array([ 0.29339787,  4.41735829,  0.44838619]), array([ 0.16662171,  0.98602089,  0.        ])]"
135,0,50,0.101052261567,"[9735, array([ 0.79494039,  3.51308013,  0.30592837]), array([ 0.16662171,  0.98602089,  0.        ])]"
135,0,60,0.0632886680949,"[9736, array([ 0.80057127,  3.5379647 , -0.11284283]), array([ 0.16662171,  0.98602089,  0.        ])]"
135,5,50,0.121257323154,"[9755, array([ 0.69678723,  4.07787168,  0.50405356]), array([ 0.16662171,  0.98602089,  0.        ])]"
135,5,60,0.0368126090626,"[9756, array([ 0.70433193,  4.13911201,  0.15455643]), array([ 0.16662171,  0.98602089,  0.        ])]"
135,5,70,0.0482715852468,"[9757, array([ 0.69047586,  4.07458751, -0.19963682]), array([ 0.16662171,  0.98602089,  0.        ])]"
135,5,80,0.138100528796,"[9758, array([ 0.65564003,  3.88625874, -0.54776421]), array([ 0.16662171,  0.98602089,  0.        ])]"
135,10,60,0.101882102418,"[9776, array([ 0.59088113,  4.63815367,  0.43812062]), array([ 0.16662171,  0.98602089,  0.        ])]"
135,10,70,0.0524859368674,"[9777, array([ 0.58096041,  4.58620459,  0.14924737]), array([ 0.16662171,  0.98602089,  0.        ])]"
135,10,80,0.0532360377777,"[9778, array([ 0.55338751,  4.394906  , -0.14416067]), array([ 0.16662171,  0.98602089,  0.        ])]"
135,10,90,0.113633097326,"[9779, array([ 0.50900021,  4.07007041, -0.43318847]), array([ 0.16662171,  0.98602089,  0.        ])]"
135,15,70,0.126296230838,"[9797, array([ 0.45613067,  4.97581651,  0.50626614]), array([ 0.16662171,  0.98602089,  0.        ])]"
135,15,80,0.0949442783436,"[9798, array([ 0.43550757,  4.77882222,  0.27025552]), array([ 0.16662171,  0.98602089,  0.        ])]"
135,15,90,0.0773383547169,"[9799, array([ 0.40165179,  4.43662583,  0.02603333]), array([ 0.16662171,  0.98602089,  0.        ])]"
135,20,90,0.14856862073,"[9819, array([ 0.28209939,  4.66837662,  0.48446411]), array([ 0.16662171,  0.98602089,  0.        ])]"
140,0,60,0.0612504935979,"[10096, array([ 0.80080313,  3.53898934,  0.09691155]), array([ 0.16662171,  0.98602089,  0.        ])]"
140,0,70,0.104794018829,"[10097, array([ 0.79424658,  3.51001401, -0.3217384 ]), array([ 0.16662171,  0.98602089,  0.        ])]"
140,5,60,0.0700235250099,"[10116, array([ 0.69811186,  4.15519316,  0.29549527]), array([ 0.16662171,  0.98602089,  0.        ])]"
140,5,70,0.0130135832982,"[10117, array([ 0.69459537,  4.148655  , -0.05437144]), array([ 0.16662171,  0.98602089,  0.        ])]"
140,5,80,0.0985795127933,"[10118, array([ 0.66997396,  4.01606205, -0.4025861 ]), array([ 0.16662171,  0.98602089,  0.        ])]"
140,10,60,0.116013306853,"[10136, array([ 0.57778089,  4.66558739,  0.5063967 ]), array([ 0.16662171,  0.98602089,  0.        ])]"
140,10,70,0.0660734722887,"[10137, array([ 0.57628268,  4.67522562,  0.22921502]), array([ 0.16662171,  0.98602089,  0.        ])]"
140,10,80,0.0469009756126,"[10138, array([ 0.55727441,  4.54280949, -0.05493124]), array([ 0.16662171,  0.98602089,  0.        ])]"
140,10,90,0.0907199214372,"[10139, array([ 0.52133365,  4.27236239, -0.33740844]), array([ 0.16662171,  0.98602089,  0.        ])]"
140,15,70,0.129341083081,"[10157, array([ 0.44242735,  5.07478445,  0.51827772]), array([ 0.16662171,  0.98602089,  0.        ])]"
140,15,80,0.100976796613,"[10158, array([ 0.42864125,  4.93916327,  0.30070904]), array([ 0.16662171,  0.98602089,  0.        ])]"
140,15,90,0.0827917785102,"[10159, array([ 0.4018311 ,  4.65346811,  0.07400348]), array([ 0.16662171,  0.98602089,  0.        ])]"
140,20,90,0.149059155598,"[10179, array([ 0.27011913,  4.89318056,  0.48316685]), array([ 0.16662171,  0.98602089,  0.        ])]"
145,0,60,0.101052261567,"[10456, array([ 0.79494039,  3.51308013,  0.30592837]), array([ 0.16662171,  0.98602089,  0.        ])]"
145,0,70,0.0632886680949,"[10457, array([ 0.80057127,  3.5379647 , -0.11284283]), array([ 0.16662171,  0.98602089,  0.        ])]"
145,5,60,0.102130915297,"[10476, array([ 0.68778143,  4.13949262,  0.42990522]), array([ 0.16662171,  0.98602089,  0.        ])]"
145,5,70,0.0203801707197,"[10477, array([ 0.6944719 ,  4.19168844,  0.08551891]), array([ 0.16662171,  0.98602089,  0.        ])]"
145,5,80,0.0626928328555,"[10478, array([ 0.6800612 ,  4.11652193, -0.26146585]), array([ 0.16662171,  0.98602089,  0.        ])]"
145,5,90,0.150216490115,"[10479, array([ 0.64498718,  3.91627698, -0.6005061 ]), array([ 0.16662171,  0.98602089,  0.        ])]"
145,10,60,0.128272851199,"[10496, array([ 0.5626671 ,  4.65716125,  0.56245386]), array([ 0.16662171,  0.98602089,  0.        ])]"
145,10,70,0.0782125544761,"[10497, array([ 0.56928416,  4.72970079,  0.29608089]), array([ 0.16662171,  0.98602089,  0.        ])]"
145,10,80,0.0482645502208,"[10498, array([ 0.55860381,  4.65853076,  0.02071166]), array([ 0.16662171,  0.98602089,  0.        ])]"
145,10,90,0.0748151110701,"[10499, array([ 0.53095057,  4.44581363, -0.25528689]), array([ 0.16662171,  0.98602089,  0.        ])]"
145,15,70,0.129562561798,"[10517, array([ 0.42840124,  5.13657482,  0.50985278]), array([ 0.16662171,  0.98602089,  0.        ])]"
145,15,80,0.103934063668,"[10518, array([ 0.42098701,  5.06537508,  0.30845709]), array([ 0.16662171,  0.98602089,  0.        ])]"
145,15,90,0.0871363026332,"[10519, array([ 0.40078129,  4.84026649,  0.09768908]), array([ 0.16662171,  0.98602089,  0.        ])]"
145,20,90,0.145795113701,"[10539, array([ 0.25843448,  5.0876503 ,  0.44769682]), array([ 0.16662171,  0.98602089,  0.        ])]"
150,0,70,0.0612504935979,"[10817, array([ 0.80080313,  3.53898934,  0.09691155]), array([ 0.16662171,  0.98602089,  0.        ])]"
150,0,80,0.104794018829,"[10818, array([ 0.79424658,  3.51001401, -0.3217384 ]), array([ 0.16662171,  0.98602089,  0.        ])]"
150,5,60,0.133916742012,"[10836, array([ 0.67351483,  4.0918701 ,  0.55840167]), array([ 0.16662171,  0.98602089,  0.        ])]"
150,5,70,0.0519241117086,"[10837, array([ 0.69024543,  4.20298237,  0.22047673]), array([ 0.16662171,  0.98602089,  0.        ])]"
150,5,80,0.0296771718006,"[10838, array([ 0.68600328,  4.18638914, -0.12414729]), array([ 0.16662171,  0.98602089,  0.        ])]"
150,5,90,0.11315987733,"[10839, array([ 0.66091726,  4.0425946 , -0.46499916]), array([ 0.16662171,  0.98602089,  0.        ])]"
150,10,60,0.139466385526,"[10856, array([ 0.54584102,  4.61243318,  0.60910774]), array([ 0.16662171,  0.98602089,  0.        ])]"
150,10,70,0.0888846184545,"[10857, array([ 0.56029063,  4.7484748 ,  0.35231514]), array([ 0.16662171,  0.98602089,  0.        ])]"
150,10,80,0.0533297075134,"[10858, array([ 0.55771608,  4.74023641,  0.08481761]), array([ 0.16662171,  0.98602089,  0.        ])]"
150,10,90,0.0645651093603,"[10859, array([ 0.53819562,  4.58796834, -0.18525705]), array([ 0.16662171,  0.98602089,  0.        ])]"
150,15,70,0.127790557929,"[10877, array([ 0.41455404,  5.15964385,  0.4854368 ]), array([ 0.16662171,  0.98602089,  0.        ])]"
150,15,80,0.104565896719,"[10878, array([ 0.41311373,  5.1551091 ,  0.29729193]), array([ 0.16662171,  0.98602089,  0.        ])]"
150,15,90,0.0898937364952,"[10879, array([ 0.39912118,  4.99393897,  0.10011399]), array([ 0.16662171,  0.98602089,  0.        ])]"
150,20,80,0.151695847865,"[10898, array([ 0.25641589,  5.41874472,  0.50525833]), array([ 0.16662171,  0.98602089,  0.        ])]"
150,20,90,0.140363810422,"[10899, array([ 0.24791964,  5.2481713 ,  0.38244312]), array([ 0.16662171,  0.98602089,  0.        ])]"
155,0,70,0.101052261567,"[11177, array([ 0.79494039,  3.51308013,  0.30592837]), array([ 0.16662171,  0.98602089,  0.        ])]"
155,0,80,0.0632886680949,"[11178, array([ 0.80057127,  3.5379647 , -0.11284283]), array([ 0.16662171,  0.98602089,  0.        ])]"
155,5,70,0.0828694023492,"[11197, array([ 0.68204377,  4.18219088,  0.35111217]), array([ 0.16662171,  0.98602089,  0.        ])]"
155,5,80,0.00641919949024,"[11198, array([ 0.68789411,  4.22475376,  0.00983066]), array([ 0.16662171,  0.98602089,  0.        ])]"
155,5,90,0.0791964406321,"[11199, array([ 0.67284313,  4.13894964, -0.33174955]), array([ 0.16662171,  0.98602089,  0.        ])]"
155,10,60,0.150429007936,"[11216, array([ 0.52752526,  4.53148658,  0.64940121]), array([ 0.16662171,  0.98602089,  0.        ])]"
155,10,70,0.0985822069085,"[11217, array([ 0.54955724,  4.73089722,  0.40072338]), array([ 0.16662171,  0.98602089,  0.        ])]"
155,10,80,0.0595346316234,"[11218, array([ 0.5548912 ,  4.78656194,  0.13986977]), array([ 0.16662171,  0.98602089,  0.        ])]"
155,10,90,0.0585503199843,"[11219, array([ 0.54336507,  4.6967894 , -0.12523371]), array([ 0.16662171,  0.98602089,  0.        ])]"
155,15,60,0.15258230046,"[11236, array([ 0.38484919,  4.92329788,  0.61460473]), array([ 0.16662171,  0.98602089,  0.        ])]"
155,15,70,0.124767876877,"[11237, array([ 0.40125998,  5.14308514,  0.4499649 ]), array([ 0.16662171,  0.98602089,  0.        ])]"
155,15,80,0.103616888293,"[11238, array([ 0.40547869,  5.20660235,  0.27165312]), array([ 0.16662171,  0.98602089,  0.        ])]"
155,15,90,0.0913388499454,"[11239, array([ 0.39737713,  5.11191959,  0.08508729]), array([ 0.16662171,  0.98602089,  0.        ])]"
155,20,80,0.142688684547,"[11258, array([ 0.24406791,  5.47236773,  0.39946069]), array([ 0.16662171,  0.98602089,  0.        ])]"
155,20,90,0.13433037098,"[11259, array([ 0.23931509,  5.37172668,  0.29282296]), array([ 0.16662171,  0.98602089,  0.        ])]"
160,0,80,0.0612504935979,"[11538, array([ 0.80080313,  3.53898934,  0.09691155]), array([ 0.16662171,  0.98602089,  0.        ])]"
160,0,90,0.104794018829,"[11539, array([ 0.79424658,  3.51001401, -0.3217384 ]), array([ 0.16662171,  0.98602089,  0.        ])]"
160,5,70,0.113992364234,"[11557, array([ 0.66997864,  4.12933818,  0.47814862]), array([ 0.16662171,  0.98602089,  0.        ])]"
160,5,80,0.0335803946786,"[11558, array([ 0.68581506,  4.23106354,  0.1410847 ]), array([ 0.16662171,  0.98602089,  0.        ])]"
160,5,90,0.0474851349093,"[11559, array([ 0.68081333,  4.20423018, -0.200266  ]), array([ 0.16662171,  0.98602089,  0.        ])]"
160,10,70,0.107979367306,"[11577, array([ 0.53726095,  4.67684289,  0.44432713]), array([ 0.16662171,  0.98602089,  0.        ])]"
160,10,80,0.0659619353251,"[11578, array([ 0.5503383 ,  4.79664473,  0.18867566]), array([ 0.16662171,  0.98602089,  0.        ])]"
160,10,90,0.0554126700504,"[11579, array([ 0.54669391,  4.77070295, -0.07270862]), array([ 0.16662171,  0.98602089,  0.        ])]"
160,15,60,0.148544119535,"[11596, array([ 0.36728569,  4.80003831,  0.56848116]), array([ 0.16662171,  0.98602089,  0.        ])]"
160,15,70,0.1211454648,"[11597, array([ 0.38875488,  5.08665878,  0.40868004]), array([ 0.16662171,  0.98602089,  0.        ])]"
160,15,80,0.101742297386,"[11598, array([ 0.39841194,  5.21872369,  0.23646139]), array([ 0.16662171,  0.98602089,  0.        ])]"
160,15,90,0.0919422764827,"[11599, array([ 0.39596347,  5.19222033,  0.05705797]), array([ 0.16662171,  0.98602089,  0.        ])]"
160,20,60,0.152346371297,"[11616, array([ 0.21610743,  5.04620294,  0.44503255]), array([ 0.16662171,  0.98602089,  0.        ])]"
160,20,70,0.142268864663,"[11617, array([ 0.22881635,  5.34664624,  0.36870158]), array([ 0.16662171,  0.98602089,  0.        ])]"
160,20,80,0.134703688919,"[11618, array([ 0.2345728 ,  5.4846344 ,  0.28116781]), array([ 0.16662171,  0.98602089,  0.        ])]"
160,20,90,0.129184116354,"[11619, array([ 0.23320188,  5.45597471,  0.18509089]), array([ 0.16662171,  0.98602089,  0.        ])]"
165,0,80,0.101052261567,"[11898, array([ 0.79494039,  3.51308013,  0.30592837]), array([ 0.16662171,  0.98602089,  0.        ])]"
165,0,90,0.0632886680949,"[11899, array([ 0.80057127,  3.5379647 , -0.11284283]), array([ 0.16662171,  0.98602089,  0.        ])]"
165,5,70,0.146136558977,"[11917, array([ 0.65414335,  4.04482246,  0.60236503]), array([ 0.16662171,  0.98602089,  0.        ])]"
165,5,80,0.063775775369,"[11918, array([ 0.67983139,  4.20513605,  0.27033279]), array([ 0.16662171,  0.98602089,  0.        ])]"
165,5,90,0.0177957159542,"[11919, array([ 0.68486309,  4.23767871, -0.06991339]), array([ 0.16662171,  0.98602089,  0.        ])]"
165,10,70,0.117863839304,"[11937, array([ 0.52349625,  4.58672071,  0.48623779]), array([ 0.16662171,  0.98602089,  0.        ])]"
165,10,80,0.0725956369674,"[11938, array([ 0.54418842,  4.7701461 ,  0.23424781]), array([ 0.16662171,  0.98602089,  0.        ])]"
165,10,90,0.0541034957657,"[11939, array([ 0.5483457 ,  4.80863301, -0.02485966]), array([ 0.16662171,  0.98602089,  0.        ])]"
165,15,60,0.145205961226,"[11956, array([ 0.35069585,  4.63896065,  0.525797  ]), array([ 0.16662171,  0.98602089,  0.        ])]"
165,15,70,0.11747851129,"[11957, array([ 0.37713018,  4.9908043 ,  0.36694199]), array([ 0.16662171,  0.98602089,  0.        ])]"
165,15,80,0.0994565053799,"[11958, array([ 0.3921056 ,  5.19100489,  0.19693762]), array([ 0.16662171,  0.98602089,  0.        ])]"
165,15,90,0.0921242394364,"[11959, array([ 0.3951671 ,  5.23347943,  0.02094941]), array([ 0.16662171,  0.98602089,  0.        ])]"
165,20,60,0.141898086502,"[11976, array([ 0.20403099,  4.87546717,  0.32372552]), array([ 0.16662171,  0.98602089,  0.        ])]"
165,20,70,0.133886670823,"[11977, array([ 0.21943717,  5.24490601,  0.24440521]), array([ 0.16662171,  0.98602089,  0.        ])]"
165,20,80,0.128855933177,"[11978, array([ 0.22817586,  5.45498103,  0.15765877]), array([ 0.16662171,  0.98602089,  0.        ])]"
165,20,90,0.126176867928,"[11979, array([ 0.22998154,  5.49930922,  0.06612194]), array([ 0.16662171,  0.98602089,  0.        ])]"
170,0,90,0.0612504935979,"[12259, array([ 0.80080313,  3.53898934,  0.09691155]), array([ 0.16662171,  0.98602089,  0.        ])]"
170,5,80,0.0948136685285,"[12278, array([ 0.6699903 ,  4.14716413,  0.39833643]), array([ 0.16662171,  0.98602089,  0.        ])]"
170,5,90,0.0157189402304,"[12279, array([ 0.68501123,  4.23890579,  0.06003269]), array([ 0.16662171,  0.98602089,  0.        ])]"
170,10,70,0.129143419888,"[12297, array([ 0.50827445,  4.46147061,  0.52952831]), array([ 0.16662171,  0.98602089,  0.        ])]"
170,10,80,0.0798801602945,"[12298, array([ 0.53649052,  4.70726181,  0.27967797]), array([ 0.16662171,  0.98602089,  0.        ])]"
170,10,90,0.0540593118033,"[12299, array([ 0.5484056 ,  4.81002524,  0.02132976]), array([ 0.16662171,  0.98602089,  0.        ])]"
170,15,60,0.143312444163,"[12316, array([ 0.33492591,  4.44205194,  0.49162591]), array([ 0.16662171,  0.98602089,  0.        ])]"
170,15,70,0.1142371492,"[12317, array([ 0.36633244,  4.856637  ,  0.33003321]), array([ 0.16662171,  0.98602089,  0.        ])]"
170,15,80,0.0970964645098,"[12318, array([ 0.38660815,  5.12365559,  0.15841262]), array([ 0.16662171,  0.98602089,  0.        ])]"
170,15,90,0.0921292145515,"[12319, array([ 0.39513696,  5.23499451, -0.01802127]), array([ 0.16662171,  0.98602089,  0.        ])]"
170,20,50,0.14510483725,"[12335, array([ 0.17072176,  4.08924502,  0.29816037]), array([ 0.16662171,  0.98602089,  0.        ])]"
170,20,60,0.133893060575,"[12336, array([ 0.19489493,  4.66692873,  0.21657648]), array([ 0.16662171,  0.98602089,  0.        ])]"
170,20,70,0.128133140227,"[12337, array([ 0.21314631,  5.10281018,  0.12841202]), array([ 0.16662171,  0.98602089,  0.        ])]"
170,20,80,0.125828102505,"[12338, array([ 0.22492135,  5.38364532,  0.03634582]), array([ 0.16662171,  0.98602089,  0.        ])]"
170,20,90,0.126061446225,"[12339, array([ 0.22986227,  5.50090112, -0.05682472]), array([ 0.16662171,  0.98602089,  0.        ])]"
175,0,90,0.101052261567,"[12619, array([ 0.79494039,  3.51308013,  0.30592837]), array([ 0.16662171,  0.98602089,  0.        ])]"
175,5,80,0.127430783201,"[12638, array([ 0.65632047,  4.05771459,  0.52584193]), array([ 0.16662171,  0.98602089,  0.        ])]"
175,5,90,0.0451494463349,"[12639, array([ 0.68125842,  4.20789712,  0.19032822]), array([ 0.16662171,  0.98602089,  0.        ])]"
175,10,70,0.142877520849,"[12657, array([ 0.49152638,  4.30254868,  0.57710682]), array([ 0.16662171,  0.98602089,  0.        ])]"
175,10,80,0.0885504842736,"[12658, array([ 0.5272111 ,  4.6087208 ,  0.32800912]), array([ 0.16662171,  0.98602089,  0.        ])]"
175,10,90,0.055259267054,"[12659, array([ 0.54687677,  4.77485928,  0.06894503]), array([ 0.16662171,  0.98602089,  0.        ])]"
175,15,60,0.143787557004,"[12676, array([ 0.31968997,  4.21191415,  0.4705965 ]), array([ 0.16662171,  0.98602089,  0.        ])]"
175,15,70,0.111860651264,"[12677, array([ 0.35616799,  4.68592774,  0.30296785]), array([ 0.16662171,  0.98602089,  0.        ])]"
175,15,80,0.0948136920841,"[12678, array([ 0.38182403,  5.01756178,  0.12613367]), array([ 0.16662171,  0.98602089,  0.        ])]"
175,15,90,0.0919665406273,"[12679, array([ 0.39587854,  5.19673975, -0.05453301]), array([ 0.16662171,  0.98602089,  0.        ])]"
175,20,50,0.138571291911,"[12695, array([ 0.1611181 ,  3.7904251 ,  0.22839455]), array([ 0.16662171,  0.98602089,  0.        ])]"
175,20,60,0.128263405113,"[12696, array([ 0.1882322 ,  4.42363321,  0.13001761]), array([ 0.16662171,  0.98602089,  0.        ])]"
175,20,70,0.124967924596,"[12697, array([ 0.20962697,  4.92243145,  0.02769015]), array([ 0.16662171,  0.98602089,  0.        ])]"
175,20,80,0.125625906243,"[12698, array([ 0.22465233,  5.27166411, -0.07547866]), array([ 0.16662171,  0.98602089,  0.        ])]"
175,20,90,0.128867237956,"[12699, array([ 0.23285174,  5.46071992, -0.17635409]), array([ 0.16662171,  0.98602089,  0.        ])]"
