Strike,Dip,Rake,P,SV,SH,SH/SV,P/SV,P/SH,Plunge P,Plunge S,Ratio1,Ratio2,Ratio3,Sum
50,40,20,0.903266207892,2.72933979365,2.57618736525,0.943886639267,0.330946776943,0.350621317408,56.7347264131,0.0,0.025416222688,0.0605524340535,0.0135418539719,0.0995105107135
50,40,30,0.819246368032,2.41128013818,2.50448225704,1.03865254699,0.339755781612,0.327112067067,56.7347264131,0.0,0.0124564607963,0.0567180809972,0.0188943422232,0.0880688840167
50,40,40,0.710334141839,2.01995495588,2.35667972277,1.16669914639,0.351658406922,0.301413100378,56.7347264131,0.0,0.00289233653169,0.0517670260783,0.0258711088804,0.0805304714903
50,40,50,0.579838772193,1.56725446439,2.13727066767,1.36370367176,0.369971045141,0.271298708658,56.7347264131,0.0,0.00048870934074,0.0446564421415,0.0355985544907,0.0807437059729
50,45,-100,0.199679143818,0.498419992286,0.398310912008,0.799147141312,0.400624266498,0.501314771445,56.7347264131,0.0,0.0584399526718,0.0340885093505,0.000123236126193,0.0926516981485
50,45,80,0.199679143818,0.498419992286,0.398310912008,0.799147141312,0.400624266498,0.501314771445,56.7347264131,0.0,0.0584399526718,0.0340885093505,0.000123236126193,0.0926516981485
50,50,-50,0.534253029893,1.24565247627,1.88026335823,1.50946061927,0.428894125827,0.284137340419,56.7347264131,0.0,0.00486196073576,0.0257637110957,0.0312428865162,0.0618685583477
50,50,-40,0.671115053521,1.63668463115,2.05039033842,1.25277057009,0.410045430102,0.327310873909,56.7347264131,0.0,0.000354536327889,0.03116603162,0.0188450056043,0.0503655735522
50,50,-30,0.787585585848,1.97798695172,2.15821724572,1.09111803991,0.398175319187,0.364924146264,56.7347264131,0.0,0.00757244599038,0.034872863075,0.0107515701817,0.053196879247
50,50,-20,0.880125728687,2.25918913967,2.20046781413,0.974007786906,0.389575938214,0.399972098222,56.7347264131,0.0,0.0206590496761,0.0377086748804,0.00534585769343,0.06371358225
50,50,-10,0.945923696625,2.47174700881,2.17585828149,0.880291661621,0.382694383063,0.434735894645,56.7347264131,0.0,0.0376923039307,0.0400703717424,0.00189308908367,0.0796557647567
50,55,-40,0.599713539222,1.07039217648,2.31771921837,2.16529910186,0.560274591312,0.258751592716,56.7347264131,0.0,0.0493657344895,0.00302256125912,0.0401598999988,0.0925481957474
50,55,-30,0.728430627967,1.46159357052,2.30551008933,1.57739479417,0.498381111316,0.315952045207,56.7347264131,0.0,0.00806725351983,0.0106757457061,0.0217772006562,0.0405201998821
50,55,-20,0.835014720685,1.80838518352,2.22324920286,1.22941131299,0.46174605294,0.375583051873,56.7347264131,0.0,0.000785390378117,0.0177146148148,0.00889549938307,0.027395504576
50,55,-10,0.916227313653,2.1002299278,2.07343601438,0.987242390433,0.436250955919,0.441888395541,56.7347264131,0.0,0.018765098884,0.0238126800206,0.0014069867908,0.0439847656954
50,55,0,0.96960080333,2.3282602485,1.86062252182,0.799147141312,0.416448635394,0.521116342493,56.7347264131,0.0,0.0584399526718,0.0292648876414,0.000718236107751,0.0884230764209
50,60,-20,0.785282112775,1.35246019089,2.21829646098,1.64019353465,0.58063233067,0.354002328629,56.7347264131,0.0,0.0115180722982,0.00156961257938,0.0128508947375,0.0259385796151
50,60,-10,0.880437940732,1.7171164196,1.94974330573,1.135475314,0.512742135991,0.451566079567,56.7347264131,0.0,0.00451727050634,0.00844301533728,0.000866841989518,0.0138271278331
50,60,0,0.948842107384,2.02959893481,1.62194818676,0.799147141312,0.467502269099,0.585001490878,56.7347264131,0.0,0.0584399526718,0.0164768158554,0.00573359175201,0.0806503602792
50,65,-10,0.839177445817,1.32734884714,1.80318553092,1.35848653111,0.632220721495,0.465386080037,56.7347264131,0.0,0.000411191158398,3.61098078703e-06,0.000324815149484,0.000739617288669
50,65,0,0.920862150074,1.71549114772,1.37092984665,0.799147141312,0.536792131687,0.67170625275,56.7347264131,0.0,0.0584399526718,0.0053332152441,0.0190124776457,0.0827856455616
50,70,-10,0.79307197638,0.935725321714,1.63258595865,1.74472777509,0.847547841206,0.485776551108,56.7347264131,0.0,0.0180593880754,0.0188769947545,1.94171738105e-06,0.0369383245473
50,80,40,0.961894370198,2.49935080303,2.0203376535,0.808344971443,0.384857687457,0.47610574823,56.7347264131,0.0,0.0557694633689,0.0393190291584,8.55172749185e-05,0.0951740098022
50,85,-20,0.502475288694,0.760175724672,1.63290946625,2.14806841794,0.660998861693,0.307717787838,56.7347264131,0.0,0.0480201458647,0.000338313765338,0.0240484070499,0.07240686668
50,85,30,0.92683377593,1.9036916997,1.75391842892,0.921324828593,0.486861279101,0.528436078125,56.7347264131,0.0,0.0294093782653,0.0126773337347,0.00105879549692,0.0431455074969
50,85,40,0.933898396186,2.32447153452,2.35298315249,1.01226584948,0.401768050207,0.396899737764,56.7347264131,0.0,0.0154929374587,0.033725681195,0.00574060991121,0.054959228565
50,85,50,0.91258698625,2.67462347801,2.88055367364,1.07699408808,0.341202039747,0.316809575395,56.7347264131,0.0,0.00874470002248,0.0561024536832,0.0215477438328,0.0863948975384
55,35,40,0.703088398828,2.0822260565,2.75698012313,1.32405418447,0.337661896332,0.255021207056,56.7347264131,0.0,6.36091403415e-05,0.0576163070702,0.041574721828,0.0992546380385
55,40,40,0.763689808983,2.21766658909,2.17166117043,0.9792550337,0.344366377137,0.351661584865,56.7347264131,0.0,0.0198942308445,0.0547690801109,0.0133271764169,0.0879904873723
55,40,50,0.640109370179,1.74756600048,1.99254248061,1.14018153252,0.366286234685,0.321252558683,56.7347264131,0.0,0.00424578536017,0.0460384626052,0.0203801190354,0.0706643670008
55,40,60,0.497079532072,1.22436650326,1.75288139578,1.43166395938,0.405989163171,0.283578531479,56.7347264131,0.0,0.00203596197654,0.0324059033942,0.0314259698069,0.0658678351777
55,50,-50,0.500278421799,1.40478814207,1.76454262171,1.2560916261,0.35612375049,0.283517335112,56.7347264131,0.0,0.000307606033257,0.0499769874092,0.0314460554161,0.0817306488585
55,50,-40,0.643033842322,1.80915984487,1.89994151948,1.05017891308,0.355432298669,0.338449281585,56.7347264131,0.0,0.0112562758472,0.0502517840645,0.0161925310777,0.0777005909894
55,50,-30,0.766251004936,2.15856114126,1.9776116556,0.91617124843,0.354982302929,0.387462828087,56.7347264131,0.0,0.0303757021288,0.0504310906399,0.00704688503598,0.0878536778046
55,55,-40,0.576298087758,1.26832155105,2.21560877183,1.74688253937,0.454378534594,0.2601082353,56.7347264131,0.0,0.0182027447118,0.0193727462648,0.0396520632703,0.077227554247
55,55,-30,0.709310443716,1.65697020996,2.16935065415,1.30922731206,0.428076762908,0.326969013681,56.7347264131,0.0,6.50978620413e-06,0.0259858770443,0.0189298863593,0.0449222731898
55,55,-20,0.820770760769,1.99527266752,2.05717791458,1.03102595854,0.411357692676,0.39897898716,56.7347264131,0.0,0.0132920791938,0.0307708342191,0.00547182900733,0.0495347424203
55,55,-10,0.907292373586,2.27294977472,1.88249886506,0.828218417317,0.399169565327,0.481961710801,56.7347264131,0.0,0.0502890600632,0.0345531884728,2.01113967335e-05,0.0848623599327
55,60,-30,0.649874895953,1.15397639586,2.32772984569,2.01713817895,0.563161342197,0.279188281731,56.7347264131,0.0,0.0378647796782,0.00278609332484,0.0328848693398,0.0735357423428
55,60,-20,0.771094912162,1.54065094724,2.09198050075,1.35785494079,0.500499424315,0.368595649858,56.7347264131,0.0,0.000402235907614,0.0103282689227,0.0100909229925,0.0208214278228
55,60,-10,0.868885599658,1.88051359919,1.79266738688,0.953286053153,0.462046964207,0.484688685709,56.7347264131,0.0,0.0238631760944,0.0176486603833,5.17106012869e-06,0.0415170075379
55,65,-20,0.718112062756,1.08551160397,2.09401211349,1.92905548483,0.661542502291,0.342935963995,56.7347264131,0.0,0.0311812679453,0.000352371110504,0.0151855867497,0.0467192258055
55,65,-10,0.82516658782,1.4794558583,1.68063779092,1.13598373449,0.557750056002,0.490984191999,56.7347264131,0.0,0.00448747435752,0.00323775660435,7.90333822873e-06,0.00773313430011
55,70,-10,0.776720753578,1.07445384619,1.54481964076,1.43777198643,0.722898202035,0.502790573788,56.7347264131,0.0,0.00222017755174,0.00363054359507,0.000150795429937,0.00600151657675
55,75,50,0.897525377446,2.62892976725,2.3914821121,0.909678965901,0.341403330217,0.375300895167,56.7347264131,0.0,0.0316225573023,0.0560170798173,0.0089422089001,0.0965818460197
55,80,30,0.918240189551,2.00274115071,1.60000880457,0.798909436703,0.458491697355,0.573896960396,56.7347264131,0.0,0.0585101176895,0.018436756072,0.00454373398818,0.0814906077497
55,80,40,0.913877422166,2.31375598986,2.2304824344,0.964009361478,0.394975713158,0.409721864684,56.7347264131,0.0,0.0221679726871,0.0359131131315,0.00419108600119,0.0622721718199
55,80,50,0.881746951754,2.55446852407,2.79318398413,1.09345014738,0.345178240971,0.315678078051,56.7347264131,0.0,0.00738850451015,0.0544299797321,0.0218507885298,0.0836692727721
55,85,20,0.842388860767,1.32363890227,1.22157296701,0.9228898946,0.636418935194,0.689593567897,56.7347264131,0.0,0.0291199803945,1.19555954065e-06,0.0225329784702,0.0516541544242
55,85,30,0.871573605265,1.74358351465,1.91316190382,1.09725854125,0.499874882931,0.455567092112,56.7347264131,0.0,0.00709387838414,0.0104300567932,0.000682454456989,0.0182063896343
55,85,40,0.874276026805,2.11055022423,2.5466203843,1.20661444351,0.414240806387,0.343308343951,56.7347264131,0.0,0.00138414999009,0.0299126793795,0.0151035881164,0.046400417486
55,85,50,0.850414013675,2.41338893323,3.10270109305,1.28562000527,0.352373379179,0.274088282491,56.7347264131,0.0,3.90204888886e-05,0.0514779549704,0.0346255055648,0.0861424810241
60,35,40,0.751758657902,2.31458920808,2.56501102288,1.10819276869,0.324791395068,0.293082037931,56.7347264131,0.0,0.00628705138051,0.0633186374307,0.0283921413364,0.0979978301476
60,35,50,0.626623245537,1.74914207065,2.50589916588,1.4326447279,0.35824605448,0.250059241836,56.7347264131,0.0,0.00206507410688,0.0491389899685,0.0434986404028,0.0947027044782
60,40,50,0.68684003741,1.9145775041,1.83264984213,0.957208490232,0.358742352263,0.37477974331,56.7347264131,0.0,0.0232337323689,0.0489442092787,0.00902882730487,0.0812067689525
60,40,60,0.550990647915,1.37248109907,1.63950058087,1.19455239274,0.401455909513,0.336072249283,56.7347264131,0.0,0.00177618646402,0.0338244766472,0.0167402572678,0.052340920379
60,40,70,0.398399686398,0.788682550347,1.3965359241,1.77071994744,0.50514581085,0.285277077033,56.7347264131,0.0,0.0198080533305,0.00958820522709,0.0308712966677,0.0602675552254
60,50,-90,0.214547547925,0.432339158689,0.791979162942,1.8318469355,0.496248243105,0.270900495827,56.7347264131,0.0,0.0240697550321,0.0110320273601,0.0357386706153,0.0708404530075
60,50,90,0.214547547925,0.432339158689,0.791979162942,1.8318469355,0.496248243105,0.270900495827,56.7347264131,0.0,0.0240697550321,0.0110320273601,0.0357386706153,0.0708404530075
60,55,-100,0.441768010044,1.29286566173,1.28821658424,0.996404052153,0.341696761791,0.342929919898,56.7347264131,0.0,0.0175211034757,0.0558927611518,0.0151869196547,0.0886007842823
60,55,-40,0.541364789611,1.45659823278,2.09663620472,1.43940597863,0.371663769342,0.258206353773,56.7347264131,0.0,0.00227062592338,0.0440297231471,0.0403650062888,0.0866653553592
60,55,-30,0.675994844133,1.8397363056,2.01668115061,1.09617946032,0.367441161037,0.335201647484,56.7347264131,0.0,0.00717663704191,0.0456026751576,0.0169433444041,0.0697226566036
60,55,-20,0.790085137386,2.16697492174,1.87545026022,0.865469296116,0.364602806179,0.421277574855,56.7347264131,0.0,0.0410296389989,0.0466779689132,0.00301227500885,0.0907198829209
60,55,80,0.441768010044,1.29286566173,1.28821658424,0.996404052153,0.341696761791,0.342929919898,56.7347264131,0.0,0.0175211034757,0.0558927611518,0.0151869196547,0.0886007842823
60,60,-30,0.619017746511,1.35246019089,2.21829646098,1.64019353465,0.457697572676,0.279050955272,56.7347264131,0.0,0.0115180722982,0.0186154367544,0.0329310918161,0.0630646008687
60,60,-20,0.740110447275,1.7171164196,1.94974330573,1.135475314,0.431019375755,0.379593788115,56.7347264131,0.0,0.00451727050634,0.0251911224563,0.00824567337979,0.0379540663424
60,60,-10,0.838715266613,2.02959893481,1.62194818676,0.799147141312,0.413241873667,0.517103612469,56.7347264131,0.0,0.0584399526718,0.0302084391396,0.000558801927726,0.0892071937391
60,65,-20,0.687161585564,1.26388608567,1.99143519509,1.57564452815,0.543689493347,0.34505847203,56.7347264131,0.0,0.00797729821019,0.00458190553251,0.0147214284157,0.0272806321584
60,65,-10,0.792228073918,1.62030331706,1.54529938254,0.953709942002,0.488938130026,0.512669637269,56.7347264131,0.0,0.023794628546,0.0123023908982,0.000405384945004,0.0365024043892
60,70,-10,0.741253995882,1.20500512812,1.44529631262,1.19941092274,0.615145926424,0.512873373721,56.7347264131,0.0,0.00161183801739,0.000201450391774,0.000411907053735,0.00222519546289
60,70,50,0.859235240112,2.46372139054,2.12904210548,0.864157008034,0.348755035132,0.403578321867,56.7347264131,0.0,0.0413343549136,0.0529505526425,0.00490145192453,0.0991863594806
60,70,60,0.783694804001,2.43167678059,2.59994477863,1.06919834058,0.322285761931,0.301427480476,56.7347264131,0.0,0.00943549028571,0.0644652869635,0.0258668684018,0.0997676456511
60,75,-10,0.686326794315,0.788078630233,1.32047694549,1.67556496881,0.870886188237,0.519756741425,56.7347264131,0.0,0.013632614219,0.0227467139556,0.000662037785814,0.0370413659604
60,75,40,0.884534384036,2.29022650282,2.04524355289,0.893031126123,0.386221355375,0.432483643714,56.7347264131,0.0,0.0349737618087,0.0388496176606,0.00206165485544,0.0758850343247
60,75,50,0.844402509266,2.41049449605,2.61150812715,1.08339103509,0.350302608304,0.32333903176,56.7347264131,0.0,0.00820126968953,0.0523177704782,0.0198440240823,0.08036306425
60,80,30,0.853122368038,1.85567016022,1.76847068054,0.953009170729,0.459738150845,0.482406848712,56.7347264131,0.0,0.0239080199995,0.018158252181,1.70024854947e-05,0.042083274666
60,80,40,0.847069392341,2.11055209652,2.42365189717,1.14834971435,0.401349672315,0.349501260198,56.7347264131,0.0,0.00379735299473,0.0338581395439,0.0137750731153,0.0514305656539
60,80,50,0.815278641797,2.30130597535,3.00519167733,1.30586358768,0.354267815983,0.271290063775,56.7347264131,0.0,1.71623644139e-06,0.050716548054,0.0356015930788,0.0863198573692
60,85,20,0.77280788052,1.21213495737,1.33228724472,1.09912451301,0.637559271613,0.580061006799,56.7347264131,0.0,0.00695210967243,3.62753099529e-06,0.00518857248064,0.0121443096841
60,85,30,0.796712307699,1.57020560625,2.05784506144,1.31055770865,0.507393620637,0.387158548827,56.7347264131,0.0,9.2494923587e-06,0.00924100845329,0.0070913771839,0.0163416351296
60,85,40,0.796409034564,1.88056635234,2.72087629729,1.44683876424,0.423494248726,0.292703139558,56.7347264131,0.0,0.00250623351078,0.0272516006234,0.0285098631709,0.0582676973051
65,35,50,0.671188104588,1.96088956005,2.34391568666,1.19533283996,0.342287560841,0.286353348121,56.7347264131,0.0,0.00174919479184,0.0556429427806,0.0305226426338,0.0879147802063
65,35,60,0.535983834526,1.33286154486,2.26309204131,1.69791982523,0.402130166176,0.236836957906,56.7347264131,0.0,0.0150240828838,0.0336112758123,0.0488611697749,0.0974965284711
65,40,60,0.592416039582,1.51015028498,1.51364217659,1.00231228087,0.392289459846,0.391384469028,56.7347264131,0.0,0.0167472819408,0.0368000616715,0.00648677118025,0.0600341147926
65,40,70,0.447549501726,0.907397500872,1.32248346981,1.45744667419,0.493223202947,0.33841595146,56.7347264131,0.0,0.00285953536379,0.011548440557,0.016200142766,0.0306081186868
65,50,-90,0.249525798022,0.361668445477,0.826646283616,2.28564668539,0.689929688759,0.301853166182,56.7347264131,0.0,0.0587629797142,0.00146384165926,0.025741512632,0.0859683340055
65,50,90,0.249525798022,0.361668445477,0.826646283616,2.28564668539,0.689929688759,0.301853166182,56.7347264131,0.0,0.0587629797142,0.00146384165926,0.025741512632,0.0859683340055
65,55,-100,0.455061242632,1.17567044434,1.39599519823,1.18740349811,0.387065307988,0.325976223419,56.7347264131,0.0,0.00203408599979,0.0385607323543,0.0191775661773,0.0597723845314
65,55,80,0.455061242632,1.17567044434,1.39599519823,1.18740349811,0.387065307988,0.325976223419,56.7347264131,0.0,0.00203408599979,0.0385607323543,0.0191775661773,0.0597723845314
65,60,-30,0.57542997217,1.54065094724,2.09198050075,1.35785494079,0.373497951111,0.27506469203,56.7347264131,0.0,0.000402235907614,0.0433564030362,0.0342884260949,0.0780470650387
65,60,-20,0.693979602455,1.88051359919,1.79266738688,0.953286053153,0.369037268729,0.387121229256,56.7347264131,0.0,0.0238631760944,0.0450043595827,0.00709684437321,0.0759643800503
65,60,70,0.621984763738,1.79266738688,1.88051359919,1.04900307383,0.346960494898,0.330752600782,56.7347264131,0.0,0.0113753069219,0.0536898494948,0.0180020172975,0.0830671737142
65,65,-20,0.64080085429,1.43264163109,1.8737022524,1.30786528308,0.447286216164,0.341997162821,56.7347264131,0.0,4.19946440659e-06,0.021048296052,0.0153933813155,0.0364458768319
65,65,-10,0.741928967571,1.74881928921,1.39820031277,0.799511030901,0.424245645133,0.530631384353,56.7347264131,0.0,0.0583326537238,0.0270417078513,0.00117331439184,0.0865476759669
65,65,60,0.740011021161,2.16534391959,2.20990324804,1.02057840699,0.341752187477,0.334861275857,56.7347264131,0.0,0.0144918338117,0.0558692968658,0.0170231057075,0.0873842363851
65,70,-20,0.585711069432,0.984294293562,1.91664262091,1.94722516777,0.595056857754,0.305592217893,56.7347264131,0.0,0.0325449867693,0.000835108891523,0.0246547640277,0.0580348596885
65,70,-10,0.688274192854,1.32638559342,1.33477340685,1.00632381222,0.518909581247,0.515648715596,56.7347264131,0.0,0.0162343694724,0.007571536786,0.000505816682841,0.0243117229412
65,70,50,0.803495415679,2.26878794078,2.33566792521,1.02947828804,0.354151836421,0.344010981616,56.7347264131,0.0,0.0134657594333,0.0507629732573,0.0149495215916,0.0791782542821
65,70,60,0.733836618242,2.19582339801,2.80198579974,1.27605243768,0.334196556475,0.261898764194,56.7347264131,0.0,9.7416688583e-05,0.0591209041492,0.0389872631846,0.0982055840224
65,75,-10,0.630974346483,0.900166902083,1.24676655369,1.38503931971,0.700952617813,0.506088605455,56.7347264131,0.0,0.000869797167533,0.00208756324053,0.000222276047036,0.0031796364551
65,75,30,0.824229528415,1.96889325803,1.59450320861,0.80984746233,0.418625806683,0.516919328831,56.7347264131,0.0,0.0553414062824,0.0286340125484,0.000551948179267,0.0845273670101
65,75,40,0.811821660548,2.10325677859,2.23706717561,1.06362057091,0.385983142341,0.362895522048,56.7347264131,0.0,0.0099493181945,0.0389313829288,0.0111262768229,0.0600069779462
65,75,50,0.774747002327,2.17371390623,2.81165898848,1.29348162168,0.356416269919,0.27554799693,56.7347264131,0.0,1.08530660751e-05,0.0498609972221,0.0341222498804,0.0839941001685
65,80,20,0.752522451083,1.44618136337,1.19012718127,0.822944626046,0.520351368192,0.632304230105,56.7347264131,0.0,0.0517054980025,0.00737525878393,0.0121521664182,0.0712329232046
65,80,30,0.769290109109,1.69447639933,1.92347342679,1.13514323808,0.453998715718,0.399948394605,56.7347264131,0.0,0.00453679329882,0.0194604952954,0.00534884629433,0.0293461348886
65,80,40,0.76268327645,1.89128562734,2.59837590556,1.37386752588,0.403261815891,0.2935230714,56.7347264131,0.0,0.000657604291655,0.0332551838404,0.028255451389,0.062168239521
65,85,20,0.684530747694,1.09140593354,1.43286201205,1.31285891712,0.627200866934,0.477736684996,56.7347264131,0.0,1.51099396526e-05,3.01924298951e-05,6.27080236443e-05,0.000108010393192
65,85,30,0.703827481632,1.38487748507,2.18686677558,1.57910486607,0.508223643766,0.321842871039,56.7347264131,0.0,0.00815549158991,0.0091145781662,0.02022765392,0.0374977236761
65,85,40,0.701738773696,1.636270235,2.87442469875,1.75669314106,0.428864840713,0.244131903682,56.7347264131,0.0,0.0188591880208,0.025771652289,0.0458600198992,0.090490860209
70,35,50,0.702177471803,2.15771349587,2.16409359377,1.00295687908,0.325426648694,0.324467238304,56.7347264131,0.0,0.0166641864661,0.0630298281432,0.0195573895984,0.0992514042077
70,35,60,0.577388243707,1.52503107205,2.13831375492,1.40214438519,0.378607527603,0.270020357105,56.7347264131,0.0,0.00124653503644,0.0415122217863,0.0360494350964,0.0788081919191
70,40,60,0.620650483409,1.63632631537,1.37626404138,0.841069430007,0.379295057213,0.450967593971,56.7347264131,0.0,0.046949248407,0.041267601498,0.000896368238267,0.0891132181433
70,40,70,0.485379502583,1.01920660851,1.23836611778,1.21502952143,0.476232687788,0.391951536474,56.7347264131,0.0,0.00114188838638,0.0146946621039,0.00640781792492,0.0222443684152
70,50,-100,0.426037478053,0.833463753681,0.65675196555,0.78797903646,0.511164974087,0.648703773116,56.7347264131,0.0,0.0618001069475,0.00867422484455,0.0148512617884,0.0853255935804
70,50,80,0.426037478053,0.833463753681,0.65675196555,0.78797903646,0.511164974087,0.648703773116,56.7347264131,0.0,0.0618001069475,0.00867422484455,0.0148512617884,0.0853255935804
70,55,-100,0.457884947244,1.04952766498,1.49314944584,1.42268707692,0.436277158308,0.306657145752,56.7347264131,0.0,0.00177793951317,0.0238058867642,0.0243499402483,0.0499337665257
70,55,70,0.585955328981,1.49943371399,1.25686546215,0.838226758829,0.390784416487,0.466203700098,56.7347264131,0.0,0.0476745390159,0.0373024449741,0.000301049462968,0.085278033453
70,55,80,0.457884947244,1.04952766498,1.49314944584,1.42268707692,0.436277158308,0.306657145752,56.7347264131,0.0,0.00177793951317,0.0238058867642,0.0243499402483,0.0499337665257
70,60,60,0.699612777426,1.94974330573,1.7171164196,0.880688455016,0.358823018071,0.407434679116,56.7347264131,0.0,0.0376055661971,0.048912592921,0.00444870178781,0.0909668609059
70,60,70,0.598479952333,1.62194818676,2.02959893481,1.25133401386,0.368988329724,0.294875968877,56.7347264131,0.0,0.000375918635952,0.0450226369241,0.0278384058915,0.0732369614515
70,65,-20,0.581116957439,1.59049390866,1.74170930419,1.09507448894,0.365368867039,0.33364750136,56.7347264131,0.0,0.00726197170795,0.0463863222039,0.0173091958578,0.0709574897697
70,65,50,0.76168643657,2.15494951907,1.97360727293,0.915848494579,0.353459062419,0.385936172316,56.7347264131,0.0,0.0304369067156,0.0510407953304,0.00727161902922,0.0887493210752
70,65,60,0.690869325849,1.96449837326,2.39021605661,1.2167055413,0.351677219616,0.289040534197,56.7347264131,0.0,0.00109664098713,0.0517594078718,0.0296616350836,0.0825176839426
70,70,-20,0.525886962226,1.14759516782,1.82356231685,1.58902927443,0.458251286669,0.288384420629,56.7347264131,0.0,0.00867428262023,0.0184907469976,0.0298706121972,0.057035641815
70,70,-10,0.619879090012,1.43767146347,1.2140920695,0.844485058199,0.431168807175,0.510570084087,56.7347264131,0.0,0.0460877719167,0.0251511375234,0.000341147517668,0.0715800569577
70,70,40,0.771550015112,2.10742844134,1.98962758741,0.94410208593,0.366109709814,0.387786146509,56.7347264131,0.0,0.0253799107229,0.04610528193,0.00699977232958,0.0784849649825
70,70,50,0.73173435831,2.05658764487,2.52451790171,1.22752750558,0.355800230608,0.28985112675,56.7347264131,0.0,0.000828034942318,0.0501054518953,0.02940456863,0.0803380554676
70,75,-10,0.56019743001,1.00540436027,1.16356751559,1.15731297931,0.557186195073,0.481448151914,56.7347264131,0.0,0.00333785110541,0.00328689669026,2.40238153407e-05,0.00664877161101
70,75,30,0.733170699348,1.8224309133,1.76003599681,0.965762808326,0.402303699964,0.416565741087,56.7347264131,0.0,0.0218984000274,0.0335565293241,0.00346833541956,0.0589232647711
70,75,40,0.722422259298,1.90028000029,2.41186536634,1.26921578187,0.380166217183,0.299528435285,56.7347264131,0.0,0.000155745569675,0.0409588438608,0.0264301708452,0.0675447602757
70,80,-10,0.49770973732,0.571170516193,1.08732410777,1.90367688272,0.871385555118,0.457738160834,56.7347264131,0.0,0.0292925008832,0.022832433924,0.000591821307937,0.0527167561151
70,80,20,0.654567183492,1.33695178822,1.31164139891,0.981068584873,0.489596699941,0.499044315036,56.7347264131,0.0,0.0196341656893,0.0121847983767,8.62125748968e-05,0.0319051766409
70,80,30,0.668642572727,1.52038664988,2.06383737884,1.35744244992,0.439784559262,0.323980261033,56.7347264131,0.0,0.000396437587481,0.0229064581069,0.0196808330234,0.0429837287178
70,80,40,0.662401595739,1.65762533254,2.75332470436,1.66100544575,0.399608755208,0.240582447355,56.7347264131,0.0,0.0127487265779,0.0344125161859,0.0473071472622,0.094468390026
70,85,10,0.546896851459,0.706490547806,0.699557196116,0.990186207428,0.774103564665,0.781775749711,56.7347264131,0.0,0.0183594769352,0.00866288340757,0.0440713164223,0.0710936767651
70,85,20,0.579754356252,0.962370651544,1.52253183428,1.5820638668,0.602423146759,0.380783076714,56.7347264131,0.0,0.00830898119621,0.000551114997213,0.00805804171868,0.0169181379121
70,85,30,0.5949963183,1.18900961002,2.29924511309,1.93374813267,0.500413380419,0.258778985725,56.7347264131,0.0,0.0315326046768,0.0103422597115,0.0401496105927,0.082024474981
75,35,60,0.606175949899,1.70559419194,1.99726160971,1.17100633853,0.355404557992,0.30350353051,56.7347264131,0.0,0.0026998581784,0.0502628269863,0.0252586689076,0.0782213540722
75,35,70,0.474492515993,1.0212488383,1.96603599415,1.92512923435,0.464619883224,0.241344775682,56.7347264131,0.0,0.0308877943179,0.0170903513597,0.0469942485426,0.0949723942202
75,40,-100,0.371503898134,0.462339307984,1.0264514984,2.22012595658,0.803530852165,0.361930299397,56.7347264131,0.0,0.0536500739608,0.0123687842109,0.0113069904446,0.0773258486163
75,40,70,0.511189745202,1.12325893845,1.14482405186,1.0191987018,0.45509519462,0.446522541498,56.7347264131,0.0,0.0146551123983,0.0192077853106,0.0011316083877,0.0349945060966
75,40,80,0.371503898134,0.462339307984,1.0264514984,2.22012595658,0.803530852165,0.361930299397,56.7347264131,0.0,0.0536500739608,0.0123687842109,0.0113069904446,0.0773258486163
75,50,-100,0.433207700572,0.773052467111,0.726893978547,0.940290613475,0.560385897468,0.595970957742,56.7347264131,0.0,0.0260273077225,0.0030132541119,0.00703149440156,0.0360720562359
75,50,80,0.433207700572,0.773052467111,0.726893978547,0.940290613475,0.560385897468,0.595970957742,56.7347264131,0.0,0.0260273077225,0.0030132541119,0.00703149440156,0.0360720562359
75,55,-100,0.449646200296,0.915397346371,1.57893992458,1.72486836546,0.49120330322,0.284777269416,56.7347264131,0.0,0.0167526640159,0.0119005496635,0.0310339484816,0.059687162161
75,55,70,0.565457389295,1.38418487312,1.38276696865,0.998975639383,0.408512909131,0.408931802765,56.7347264131,0.0,0.0171815829616,0.0316312194346,0.00427915910963,0.0530919615058
75,55,80,0.449646200296,0.915397346371,1.57893992458,1.72486836546,0.49120330322,0.284777269416,56.7347264131,0.0,0.0167526640159,0.0119005496635,0.0310339484816,0.059687162161
75,60,60,0.651653257347,1.79266738688,1.88051359919,1.04900307383,0.363510410307,0.346529404322,56.7347264131,0.0,0.0113753069219,0.0470956856632,0.0144043349638,0.0728753275489
75,60,70,0.56210720903,1.43888498159,2.16323779702,1.5034125901,0.390654719607,0.259845316037,56.7347264131,0.0,0.00460740133938,0.0373459212931,0.0397502041894,0.0817035268219
75,65,50,0.688923845267,1.97473807778,2.15391332733,1.09073367833,0.348868466668,0.319847524284,56.7347264131,0.0,0.00760302039516,0.0529040220426,0.0207455253115,0.0812525677493
75,65,60,0.627652139022,1.74870180811,2.55233787774,1.45956152496,0.358924624033,0.245912637389,56.7347264131,0.0,0.00293231915185,0.0488727860694,0.0451433507876,0.0969484560088
75,70,-20,0.455022955623,1.30216214991,1.71660360246,1.31827177022,0.349436478135,0.265071653683,56.7347264131,0.0,3.44494604731e-05,0.0526713757356,0.0378244209921,0.0905302461881
75,70,40,0.678777547204,1.92600156969,2.16573094485,1.12446997912,0.352428345794,0.313417300897,56.7347264131,0.0,0.00519037738317,0.0514557702213,0.0224632217266,0.0791093693311
75,75,-10,0.476569647613,1.1029900842,1.07151302612,0.971462066136,0.432070654524,0.444763279581,56.7347264131,0.0,0.0210367760326,0.0249105867524,0.00123251228035,0.0471798750654
75,75,30,0.626791601702,1.6620987689,1.91217384832,1.1504574121,0.377108516912,0.327790071102,56.7347264131,0.0,0.00368626476173,0.0420484591492,0.0187263751514,0.0644610990624
75,75,40,0.618236516463,1.68284094376,2.56830780532,1.52617382815,0.367376678559,0.240717454186,56.7347264131,0.0,0.00559304393419,0.0456269430952,0.0472516499455,0.0984716369749
75,80,-10,0.412176522964,0.663763580158,1.03340572069,1.55688825296,0.620968873986,0.398852565562,56.7347264131,0.0,0.00703653527556,9.95981039213e-05,0.0054879764597,0.0126241098392
75,80,20,0.541925039473,1.21754720269,1.42317323351,1.16888546939,0.445095712328,0.380786419188,56.7347264131,0.0,0.00279370436555,0.0215817017539,0.00805751763422,0.0324329237537
75,80,30,0.553537997325,1.33472584,2.18849428226,1.63965828537,0.414720372331,0.252930977162,56.7347264131,0.0,0.0114869528655,0.0297712822748,0.0423793171666,0.0836375523068
75,85,10,0.435537286395,0.642831710955,0.758469878221,1.17988871006,0.677529249061,0.574231487501,56.7347264131,0.0,0.00232619894977,0.000888638408429,0.00457771786761,0.00779255522582
75,85,20,0.461143528466,0.826011147794,1.60061426992,1.93776352074,0.558277608841,0.288104096742,56.7347264131,0.0,0.0318337234421,0.00319213697497,0.0299601434752,0.0649860038922
80,35,60,0.622198163878,1.87317671016,1.84100909767,0.98282724085,0.332162022143,0.337965827906,56.7347264131,0.0,0.0193840523097,0.0600147867205,0.0163031289854,0.0957019680156
80,35,70,0.502311639246,1.18871400548,1.8695469326,1.57274745984,0.422567276005,0.26868094643,56.7347264131,0.0,0.00782920137153,0.027511813471,0.0365252098367,0.0718662246792
80,40,-100,0.396783091101,0.55004111007,0.982250014768,1.78577563892,0.72136988279,0.403953255419,56.7347264131,0.0,0.0208393457724,0.00351050272685,0.0048564163306,0.0292062648299
80,40,70,0.524614315826,1.21876258962,1.04256918363,0.855432544865,0.430448325452,0.503193767919,56.7347264131,0.0,0.0433992073996,0.025344257108,0.000158801880258,0.0689022663878
80,40,80,0.396783091101,0.55004111007,0.982250014768,1.78577563892,0.72136988279,0.403953255419,56.7347264131,0.0,0.0208393457724,0.00351050272685,0.0048564163306,0.0292062648299
80,50,-100,0.428888037933,0.706757784483,0.791503889458,1.11990827245,0.606838788831,0.541864725676,56.7347264131,0.0,0.00548537948682,0.000409750966369,0.00184712350767,0.00774225396086
80,50,80,0.428888037933,0.706757784483,0.791503889458,1.11990827245,0.606838788831,0.541864725676,56.7347264131,0.0,0.00548537948682,0.000409750966369,0.00184712350767,0.00774225396086
80,55,-100,0.430056093209,0.77430030122,1.65271371711,2.13446089909,0.555412535074,0.260212091639,56.7347264131,0.0,0.0469582595079,0.00344404088225,0.039613333283,0.0900156336732
80,55,70,0.53203659839,1.25840154959,1.49814478359,1.1905140963,0.422787621777,0.355130294628,56.7347264131,0.0,0.00191949789651,0.0274498319314,0.0126247222723,0.0419940521002
80,55,80,0.430056093209,0.77430030122,1.65271371711,2.13446089909,0.555412535074,0.260212091639,56.7347264131,0.0,0.0469582595079,0.00344404088225,0.039613333283,0.0900156336732
80,60,60,0.589990890394,1.62194818676,2.02959893481,1.25133401386,0.363754462201,0.290693338607,56.7347264131,0.0,0.000375918635952,0.0470021767729,0.0291387769635,0.0765168723723
80,65,50,0.602299361593,1.77949768735,2.31782680073,1.30251745603,0.338465942313,0.259855206352,56.7347264131,0.0,5.06407228532e-09,0.057270420928,0.0397465099686,0.0970169359607
80,80,-10,0.316875909284,0.751305002486,0.971622492093,1.29324640309,0.421767335816,0.326130685387,56.7347264131,0.0,1.14406572869e-05,0.0277375005657,0.0191389159417,0.0468878571646
80,80,20,0.417538556112,1.08887634777,1.52387386047,1.39949211276,0.383458192445,0.273998108992,56.7347264131,0.0,0.00118411403109,0.0398041547685,0.0346567272339,0.0756449960335
80,85,10,0.313483877153,0.57428053663,0.811610146576,1.41326424075,0.545872369264,0.386249332238,56.7347264131,0.0,0.00152379195369,0.00435685509116,0.00722521330119,0.013105860346
85,35,70,0.518340719261,1.34713234132,1.75882949003,1.30561002515,0.384773420815,0.29470777139,56.7347264131,0.0,1.47941447805e-06,0.0393481426408,0.0278900692395,0.0672396912947
85,40,-100,0.410782578634,0.633556767186,0.930573015423,1.46880763275,0.648375331005,0.441429712474,56.7347264131,0.0,0.00325948857334,9.13379771888e-05,0.00143592777411,0.00478675432464
85,40,80,0.410782578634,0.633556767186,0.930573015423,1.46880763275,0.648375331005,0.441429712474,56.7347264131,0.0,0.00325948857334,9.13379771888e-05,0.00143592777411,0.00478675432464
85,50,-100,0.412943219049,0.635084248364,0.850089977846,1.33854678342,0.650218014559,0.485764130634,56.7347264131,0.0,0.000174322240508,0.000117794273639,1.96982444189e-06,0.000294086338589
85,50,80,0.412943219049,0.635084248364,0.850089977846,1.33854678342,0.650218014559,0.485764130634,56.7347264131,0.0,0.000174322240508,0.000117794273639,1.96982444189e-06,0.000294086338589
85,55,60,0.55848985771,1.58464866415,1.44165263375,0.909761681792,0.352437654064,0.387395579653,56.7347264131,0.0,0.0316064625927,0.0514520139149,0.00705670536102,0.0901151818686
85,55,70,0.486202748441,1.12304103041,1.60212081211,1.42659152135,0.432934091698,0.303474460081,56.7347264131,0.0,0.0018882838208,0.0246815111883,0.0252671306228,0.0518369256319
90,35,70,0.522729603428,1.49529818662,1.63472629303,1.09324434929,0.349582182407,0.319765826034,56.7347264131,0.0,0.00740462844677,0.0526117939922,0.0207668816219,0.0807833040608
90,40,-100,0.413412748031,0.712250674751,0.871813793534,1.22402663057,0.580431528795,0.47419844822,56.7347264131,0.0,0.000910502363589,0.0015815354093,0.00011671684671,0.0026087546196
90,40,80,0.413412748031,0.712250674751,0.871813793534,1.22402663057,0.580431528795,0.47419844822,56.7347264131,0.0,0.000910502363589,0.0015815354093,0.00011671684671,0.0026087546196
90,50,-100,0.385569572935,0.55857733764,0.902206368205,1.61518612985,0.69027070551,0.427362947683,56.7347264131,0.0,0.0100941359835,0.00148157152282,0.00247280579527,0.0140485133016
90,50,70,0.467326559677,1.12175547252,0.87495599873,0.77998817047,0.416602879258,0.534114355871,56.7347264131,0.0,0.0642852288388,0.0292199341236,0.00136659572132,0.0948717586838
90,50,80,0.385569572935,0.55857733764,0.902206368205,1.61518612985,0.69027070551,0.427362947683,56.7347264131,0.0,0.0100941359835,0.00148157152282,0.00247280579527,0.0140485133016
90,55,60,0.487325467787,1.45297029149,1.57427794155,1.08348942217,0.335399471442,0.30955491081,56.7347264131,0.0,0.00819307425601,0.0585960622147,0.0235309903959,0.0903201268666
90,55,70,0.428804293324,0.979133490883,1.69390373387,1.7300028542,0.437942627146,0.253145609606,56.7347264131,0.0,0.0170879407344,0.0233763495894,0.0422963060406,0.0827605963644
95,35,-100,0.419059609757,0.928739797718,1.65737776013,1.7845447823,0.451213150106,0.252844957763,56.7347264131,0.0,0.0207545537131,0.0201108802303,0.0424126112054,0.0832780451487
95,35,80,0.419059609757,0.928739797718,1.65737776013,1.7845447823,0.451213150106,0.252844957763,56.7347264131,0.0,0.0207545537131,0.0201108802303,0.0424126112054,0.0832780451487
95,40,-100,0.404910052882,0.785523924612,0.806419542262,1.02660086726,0.515464953002,0.502108433219,56.7347264131,0.0,0.0137923871432,0.00805188032556,0.000137715776046,0.0219819832448
95,40,80,0.404910052882,0.785523924612,0.806419542262,1.02660086726,0.515464953002,0.502108433219,56.7347264131,0.0,0.0137923871432,0.00805188032556,0.000137715776046,0.0219819832448
95,50,-100,0.347291256314,0.477819316099,0.947456423334,1.98287593534,0.72682548531,0.366551165585,56.7347264131,0.0,0.0352448207159,0.00394742593117,0.0104560275184,0.0496482741655
95,50,70,0.413878623794,1.04122941434,0.969393958387,0.931009002467,0.397490330269,0.42694574297,56.7347264131,0.0,0.0276486581199,0.0350940881251,0.00250802061155,0.0652507668565
95,50,80,0.347291256314,0.477819316099,0.947456423334,1.98287593534,0.72682548531,0.366551165585,56.7347264131,0.0,0.0352448207159,0.00394742593117,0.0104560275184,0.0496482741655
100,35,-100,0.415193115379,1.06965565209,1.57012593049,1.46787980545,0.388155865457,0.264433003313,56.7347264131,0.0,0.00322600662561,0.0381892721776,0.0380569211765,0.0794721999798
100,35,80,0.415193115379,1.06965565209,1.57012593049,1.46787980545,0.388155865457,0.264433003313,56.7347264131,0.0,0.00322600662561,0.0381892721776,0.0380569211765,0.0794721999798
100,40,-100,0.385827420781,0.852818863095,0.734887951343,0.861716342292,0.452414266942,0.525015303457,56.7347264131,0.0,0.0419051429121,0.0198289606162,0.000891697369943,0.0626258008982
100,40,80,0.385827420781,0.852818863095,0.734887951343,0.861716342292,0.452414266942,0.525015303457,56.7347264131,0.0,0.0419051429121,0.0198289606162,0.000891697369944,0.0626258008982
100,50,70,0.350671985095,0.952778971608,1.05645424469,1.10881356135,0.368051768086,0.331932960523,56.7347264131,0.0,0.00624295839031,0.0453732436965,0.017717741335,0.0693339434218
105,35,-100,0.401642258885,1.20243078108,1.47092449444,1.22329244859,0.334025263829,0.273054300477,56.7347264131,0.0,0.0009283305275,0.0591958618988,0.0349844422441,0.0951086346704
105,35,80,0.401642258885,1.20243078108,1.47092449444,1.22329244859,0.334025263829,0.273054300477,56.7347264131,0.0,0.0009283305275,0.0591958618988,0.0349844422441,0.0951086346704
105,85,-10,0.258595890777,0.678354529634,0.726872957883,1.07152370351,0.381210531485,0.355764907709,56.7347264131,0.0,0.0092261223755,0.0405904785249,0.0124984264427,0.0623150273431
110,80,10,0.35627991824,0.518539302982,1.11338513784,2.14715669851,0.687083729605,0.319997012831,56.7347264131,0.0,0.047948974428,0.00131983002655,0.0207064793581,0.0699752838126
110,85,-10,0.341289883865,0.739124338376,0.664984493953,0.899692324318,0.461748945536,0.513229837641,56.7347264131,0.0,0.0336059176631,0.0177139801514,0.000423440902957,0.0517433387175
115,40,-90,0.231215614333,0.400771796422,0.808412091611,2.01713817895,0.576925862541,0.286012068266,56.7347264131,0.0,0.0378647796782,0.00179731463456,0.0306329631459,0.0702950574586
115,40,90,0.231215614333,0.400771796422,0.808412091611,2.01713817895,0.576925862541,0.286012068266,56.7347264131,0.0,0.0378647796782,0.00179731463456,0.0306329631459,0.0702950574586
115,75,10,0.366959120563,0.839537607984,1.28837257646,1.53462163483,0.437096703081,0.284823759266,56.7347264131,0.0,0.00597750800144,0.0235939655755,0.0310187995076,0.0605902730845
120,40,-90,0.192639847446,0.469704495031,0.770406275947,1.64019353465,0.410129878433,0.250049686069,56.7347264131,0.0,0.0115180722982,0.0311405124736,0.0435023918831,0.086160976655
120,40,90,0.192639847446,0.469704495031,0.770406275947,1.64019353465,0.410129878433,0.250049686069,56.7347264131,0.0,0.0115180722982,0.0311405124736,0.0435023918831,0.086160976655
120,75,10,0.453695870095,0.724053845085,1.35664045363,1.87367343304,0.626605152606,0.334426021929,56.7347264131,0.0,0.0270868423551,3.50749410681e-05,0.0171253981579,0.044247315454
120,85,30,0.702505542019,0.997043297137,2.3887604749,2.39584427452,0.704588801746,0.294087895961,56.7347264131,0.0,0.067301480305,0.00231590999622,0.0280809238142,0.0976983141154
125,70,10,0.435290449103,0.999377228743,1.59441649036,1.5954100659,0.435561704413,0.273009249298,56.7347264131,0.0,0.00901375200844,0.0239917710908,0.0350001277002,0.0680056507994
125,75,10,0.523864878331,0.60305959523,1.41458347778,2.34567775551,0.86867845645,0.370331540387,56.7347264131,0.0,0.063427047698,0.0223691688092,0.00978639117824,0.0955826076854
125,85,30,0.783311618953,1.20144343981,2.29277247099,1.90834823764,0.651975443036,0.341643852089,56.7347264131,0.0,0.0296386613299,0.000146108130181,0.0154719800776,0.0452567495376
125,85,40,0.798373341383,1.67118969288,2.85426394034,1.70792337488,0.477727540317,0.279712513654,56.7347264131,0.0,0.0156594758447,0.0144008997618,0.0327087476603,0.0627691232667
125,85,50,0.789176893831,2.0901576928,3.32903004418,1.59271716945,0.37756811199,0.237059108316,56.7347264131,0.0,0.00886992877621,0.0418836269802,0.048768224124,0.0995217798804
130,70,10,0.491086967755,0.856611743201,1.67545071891,1.9559044482,0.573290025094,0.293107378339,56.7347264131,0.0,0.0331994798343,0.00203643901069,0.0283842777446,0.0636201965896
130,75,0,0.491729507817,1.00926140117,0.888844864103,0.880688455016,0.487217193927,0.553223096263,56.7347264131,0.0,0.0376055661971,0.0126126355007,0.00267461629187,0.0528928179897
130,80,30,0.773579373344,1.02714227441,2.34861215179,2.28654998465,0.75313750842,0.329377233594,56.7347264131,0.0,0.0588333383253,0.0063729777261,0.0183363683335,0.0835426843849
130,80,40,0.798808955046,1.55563647257,2.81220800012,1.80775396418,0.513493331591,0.284050452531,56.7347264131,0.0,0.0223670950458,0.00833409191198,0.0312713150633,0.0619725020211
130,80,50,0.799767130866,2.0368634437,3.19035633141,1.56630840485,0.392646415908,0.250682697413,56.7347264131,0.0,0.00750364963914,0.0366814844545,0.0432542651183,0.0874393992119
130,85,20,0.797308548046,0.837365920783,1.59470334923,1.90442829073,0.952162642707,0.499972956368,56.7347264131,0.0,0.0293481347558,0.0381120609624,0.000100566354702,0.0675607620728
130,85,30,0.845275746275,1.39669987246,2.17933508417,1.56034601788,0.605194976346,0.387859467971,56.7347264131,0.0,0.00720671334404,0.000459869888662,0.00698911161596,0.0146556948487
130,85,40,0.867559668684,1.91359580527,2.69774882536,1.40977985943,0.453366205284,0.321586524486,56.7347264131,0.0,0.00143424027131,0.0196071193036,0.020293786017,0.0413351455919
130,85,50,0.863483229567,2.37234809787,3.13419283363,1.32113530744,0.363978300799,0.275504180949,56.7347264131,0.0,4.7801137916e-05,0.0469165072103,0.0341372969323,0.0811016052804
135,70,0,0.439745968923,1.22625671319,1.28634706144,1.04900307383,0.358608408984,0.341856394828,56.7347264131,0.0,0.0113753069219,0.0489967334879,0.0154246710408,0.0757967114505
135,70,50,0.704480319329,1.41883873724,2.93080876462,2.06563909463,0.496518949504,0.240370619821,56.7347264131,0.0,0.0416060943458,0.0109864498449,0.0473942958203,0.099986840011
135,75,0,0.5107247951,0.927952922515,0.973425468091,1.04900307383,0.550377915418,0.524667590731,56.7347264131,0.0,0.0113753069219,0.00391148287889,0.000875490244299,0.016162280045
135,75,40,0.781849945411,1.38279933226,2.74153691049,1.98259924382,0.56541099433,0.285186729539,56.7347264131,0.0,0.035223756188,0.00260887332701,0.0309006635335,0.0687332930485
135,75,50,0.793800889108,1.89864126189,3.0042669276,1.58232468024,0.418088927615,0.26422448745,56.7347264131,0.0,0.00832255898442,0.0287888539807,0.038133001426,0.0752444143912
135,80,30,0.823534793666,1.22792872447,2.25015362566,1.83247902001,0.670669866462,0.365990474728,56.7347264131,0.0,0.0241147925306,0.000629697367998,0.0105573750663,0.0353018649649
135,80,40,0.858042290039,1.79481688315,2.66592404744,1.48534598291,0.478066758841,0.321855489793,56.7347264131,0.0,0.00388002724868,0.0143346979858,0.0202244015852,0.0384391268197
135,80,50,0.86647860562,2.30717043905,3.00069171606,1.30059386393,0.375558992502,0.288759621984,56.7347264131,0.0,4.13260728735e-07,0.0426069474777,0.0297510089915,0.0723583697299
135,85,20,0.829396212235,0.973167045512,1.51565377276,1.55744461318,0.852265000197,0.547220102073,56.7347264131,0.0,0.00706381592894,0.0196370852911,0.0022192325514,0.0289201337714
135,85,30,0.887300156927,1.58132657572,2.04931164143,1.29594460303,0.56111126604,0.432974731119,56.7347264131,0.0,5.63634755803e-06,0.0029529734973,0.00202426358267,0.00498287342753
135,85,40,0.918243935347,2.14143829812,2.52070221288,1.17710709437,0.428797755299,0.364281004973,56.7347264131,0.0,0.0024398756873,0.0257898489714,0.0108696170653,0.0390993417239
135,85,50,0.921287336445,2.63648350146,2.91550252313,1.10582998965,0.349437929703,0.315996068991,56.7347264131,0.0,0.00645654448896,0.0526707819637,0.0217653884739,0.0808927149265
140,45,-100,0.137290376696,0.398310912008,0.498419992286,1.25133401386,0.344681434922,0.275451183381,56.7347264131,0.0,0.000375918635952,0.0546373411685,0.0341555019601,0.0891687617646
140,45,80,0.137290376696,0.398310912008,0.498419992286,1.25133401386,0.344681434922,0.275451183381,56.7347264131,0.0,0.000375918635952,0.0546373411685,0.0341555019601,0.0891687617646
140,55,-100,0.397722893867,1.04414191359,1.49692058957,1.43363710439,0.380908848395,0.26569404993,56.7347264131,0.0,0.00209471358202,0.0406966952932,0.0375985939599,0.0803900028351
140,55,80,0.397722893867,1.04414191359,1.49692058957,1.43363710439,0.380908848395,0.26569404993,56.7347264131,0.0,0.00209471358202,0.0406966952932,0.0375985939599,0.0803900028351
140,60,70,0.543094206078,1.35246019089,2.21829646098,1.64019353465,0.401560215772,0.24482489858,56.7347264131,0.0,0.0115180722982,0.0337914442914,0.0455803781085,0.0908898946981
140,65,60,0.670347707161,1.5741703753,2.66352666316,1.69201930424,0.4258419023,0.251676739878,56.7347264131,0.0,0.0146529163873,0.0265988796933,0.0428662028177,0.0841179988983
140,70,0,0.444937942514,1.10947790261,1.38832743715,1.25133401386,0.401033622633,0.320484873098,56.7347264131,0.0,0.000375918635952,0.0339583984021,0.0205793311156,0.0549136481536
140,70,40,0.745653645161,1.14885538445,2.66082766777,2.31606841364,0.649040475637,0.280233723587,56.7347264131,0.0,0.0611297920771,0.000100505259685,0.0325341573591,0.0937644546958
140,70,50,0.768436044863,1.66887644222,2.79599620845,1.67537640159,0.460451130728,0.274834437379,56.7347264131,0.0,0.0136210507608,0.0180000164468,0.0343677517119,0.0659888189195
140,70,60,0.76786990419,2.13818953378,2.84620981919,1.33113074132,0.359121533456,0.269786822817,56.7347264131,0.0,0.000111032326376,0.0487956949876,0.0361321417761,0.0850388690901
140,75,0,0.510471356049,0.839582161807,1.0505977165,1.25133401386,0.60800643376,0.485886603439,56.7347264131,0.0,0.000375918635952,0.000375947462506,1.70150741741e-06,0.000753567605875
140,75,30,0.783809918723,1.03058475635,2.314492645,2.24580523896,0.760548721388,0.338653017721,56.7347264131,0.0,0.0556557650481,0.00714752189096,0.0161460455481,0.0789493324871
140,75,40,0.830361766751,1.61647804902,2.61058563198,1.61498365756,0.513685767185,0.318074901118,56.7347264131,0.0,0.0100828644692,0.00830631316164,0.0212115939112,0.039600771542
140,75,50,0.851683492679,2.15325547416,2.82735729554,1.31306170098,0.395532951338,0.301229524129,56.7347264131,0.0,1.56942562659e-05,0.0357306806909,0.0259252763068,0.0616716512539
140,75,60,0.847127246655,2.62460732131,2.95822113839,1.12710999256,0.322763424371,0.286363732468,56.7347264131,0.0,0.00502396587643,0.0642457710111,0.0305192892707,0.0997890261582
140,80,30,0.853657140753,1.41936989549,2.13457007175,1.50388568796,0.601433878134,0.399919942686,56.7347264131,0.0,0.00462711772523,0.000585737013957,0.00535243473826,0.0105652894774
140,80,40,0.898745353552,2.0203376535,2.49935080303,1.23709559078,0.444849083516,0.359591519711,56.7347264131,0.0,0.000623830440905,0.0216422308049,0.0117513789933,0.0340174402391
140,80,50,0.916525643571,2.55991847425,2.78819002489,1.08917141422,0.358029231318,0.328717065691,56.7347264131,0.0,0.00772804787165,0.0492242267044,0.0184980455631,0.0754503201392
140,85,20,0.840283350293,1.10156178141,1.42506915589,1.29368064501,0.762810914898,0.589643910836,56.7347264131,0.0,1.03680914588e-05,0.00739163953712,0.00626824222468,0.0136702498533
140,85,30,0.908850207778,1.75391842892,1.9036916997,1.08539352133,0.518182711803,0.477414598132,56.7347264131,0.0,0.00803543034041,0.00767155557691,6.69305403291e-05,0.0157739164576
140,85,40,0.9498021116,2.35298315249,2.32447153452,0.987882778531,0.403658696236,0.408609913047,56.7347264131,0.0,0.0186763820926,0.0331308140162,0.00431531884117,0.05612251495
140,85,50,0.961894758885,2.88055367364,2.67462347801,0.928510203604,0.333927038988,0.359637446838,56.7347264131,0.0,0.0280961588293,0.0592388700472,0.0117425635489,0.0990775924254
145,45,-100,0.197821061548,0.353355054107,0.531238437119,1.5034125901,0.559836513584,0.372377161979,56.7347264131,0.0,0.00460740133938,0.00305934028045,0.00943394177443,0.0171006833943
145,45,-80,0.164232521033,0.353355054107,0.531238437119,1.5034125901,0.46478044993,0.30915029779,56.7347264131,0.0,0.00460740133938,0.0170558427694,0.0236444186094,0.0453076627182
145,45,80,0.197821061548,0.353355054107,0.531238437119,1.5034125901,0.559836513584,0.372377161979,56.7347264131,0.0,0.00460740133938,0.00305934028045,0.00943394177443,0.0171006833943
145,50,-100,0.33795271192,0.418657392135,0.975044081549,2.32897853917,0.807229773721,0.346602495533,56.7347264131,0.0,0.0621322782188,0.0128728675725,0.0143886759719,0.0893938217632
145,50,80,0.33795271192,0.418657392135,0.975044081549,2.32897853917,0.807229773721,0.346602495533,56.7347264131,0.0,0.0621322782188,0.0128728675725,0.0143886759719,0.0893938217632
145,55,-100,0.468477813393,1.17063386419,1.40022139078,1.1961224031,0.400191578019,0.334574101265,56.7347264131,0.0,0.0017221189907,0.0342263468776,0.0170905594683,0.0530390253365
145,55,70,0.488769564814,0.825956808016,1.77364246788,2.14737919788,0.591761651543,0.275573895903,56.7347264131,0.0,0.0479663430797,0.00098190045664,0.0341133575107,0.083061601047
145,55,80,0.468477813393,1.17063386419,1.40022139078,1.1961224031,0.400191578019,0.334574101265,56.7347264131,0.0,0.0017221189907,0.0342263468776,0.0170905594683,0.0530390253365
145,60,60,0.620775606348,1.15397639586,2.32772984569,2.01713817895,0.537944804224,0.26668713618,56.7347264131,0.0,0.0378647796782,0.00520338102285,0.0372398114185,0.0803079721195
145,60,70,0.612546201949,1.54065094724,2.09198050075,1.35785494079,0.39758921581,0.292806841044,56.7347264131,0.0,0.000402235907614,0.0350621022663,0.0284776170367,0.0639419552106
145,65,50,0.721568495858,1.34861625911,2.5923285446,1.92221362237,0.535043598196,0.278347625867,56.7347264131,0.0,0.0306701531201,0.00553346418046,0.0331683848291,0.0693720021296
145,65,60,0.731945091951,1.80032182642,2.5161931518,1.3976351977,0.406563471714,0.290893841528,56.7347264131,0.0,0.00114127545798,0.0322286706959,0.0290756961663,0.0624456423202
145,65,70,0.720081906808,2.19732552604,2.36360450333,1.07567334713,0.327708342835,0.304654144039,56.7347264131,0.0,0.00885951214932,0.0619988141999,0.0249249996937,0.0957833260429
145,70,0,0.43215031241,0.984255295265,1.47974180277,1.5034125901,0.43906323338,0.292044403693,56.7347264131,0.0,0.00460740133938,0.0230898299325,0.028715166417,0.0564123976889
145,70,40,0.78306950889,1.37639005457,2.55057307083,1.85308885541,0.568929938348,0.307017084845,56.7347264131,0.0,0.0255929396433,0.00234397909448,0.0242473813223,0.05218430006
145,70,50,0.816481095348,1.90621298977,2.63990443287,1.38489478722,0.428326267699,0.309284338168,56.7347264131,0.0,0.000866878165128,0.0259179445054,0.0236068089806,0.0503916316512
145,70,60,0.825084316883,2.37811660787,2.64902363458,1.11391662874,0.346948637486,0.311467329363,56.7347264131,0.0,0.00588738161389,0.0536947541849,0.0229989054319,0.0825810412307
145,75,0,0.491332164703,0.744821673895,1.11977428191,1.5034125901,0.659664161133,0.438777861432,56.7347264131,0.0,0.00460740133938,0.00030498692277,0.00160922865513,0.00652161691728
145,75,30,0.802174395153,1.22838439577,2.21586392182,1.80388478513,0.653032062209,0.36201428583,56.7347264131,0.0,0.0220963106884,0.000164573257808,0.0112912038238,0.03355208777
145,75,40,0.860617653965,1.83785439178,2.45976622049,1.33839015294,0.46827303502,0.349877824484,56.7347264131,0.0,0.000172843739656,0.0163148798894,0.0136964242346,0.0301841478636
145,75,50,0.892911480854,2.3914821121,2.62892976725,1.09928891124,0.373371590921,0.339648282726,56.7347264131,0.0,0.00693970051745,0.0434025970716,0.0159200031793,0.0662623007683
145,80,20,0.780767405099,0.920919716864,1.63087403513,1.77091879484,0.847812671182,0.478741698182,56.7347264131,0.0,0.0198215891739,0.0189193631376,5.04227792041e-05,0.0387913750907
145,80,30,0.863800805583,1.60000880457,2.00274115071,1.25170633123,0.539872532648,0.431309260949,56.7347264131,0.0,0.000370313909183,0.00499009311463,0.00215251534227,0.00751292236608
145,80,40,0.920588055695,2.2304824344,2.31375598986,1.03733432471,0.412730466512,0.397876033484,56.7347264131,0.0,0.0125985046225,0.0303604986721,0.00561355551367,0.0485725588082
145,80,50,0.949403703574,2.79318398413,2.55446852407,0.914536435331,0.339900167324,0.371663888056,56.7347264131,0.0,0.0306865534719,0.0566564450652,0.00955604772943,0.0968990462665
145,85,20,0.830155342241,1.22157296701,1.32363890227,1.08355287651,0.679579005644,0.627176596891,56.7347264131,0.0,0.00818779124331,0.000974286504062,0.0113561592391,0.0205182369865
145,85,30,0.909964975536,1.91316190382,1.74358351465,0.911362238169,0.475634066159,0.5218935416,56.7347264131,0.0,0.0312960953226,0.0148132290415,0.000751360104527,0.0468606844686
145,85,40,0.962125783513,2.5466203843,2.11055022423,0.82876514978,0.377804948647,0.455864907866,56.7347264131,0.0,0.0501437594873,0.0417988322325,0.000669630885093,0.0926122226048
150,45,-100,0.252377571168,0.305709950882,0.560013836675,1.8318469355,0.825545817007,0.450663099088,56.7347264131,0.0,0.0240697550321,0.0154876950105,0.000911585430666,0.0404690354734
150,45,-80,0.215897529072,0.305709950882,0.560013836675,1.8318469355,0.706216884499,0.385521776308,56.7347264131,0.0,0.0240697550321,0.00242172601124,0.00733326990746,0.0338247509508
150,45,70,0.259337278311,0.602131059603,1.1030119363,1.8318469355,0.430699054924,0.235117381577,56.7347264131,0.0,0.0240697550321,0.0252769557317,0.04958393303,0.0989306437939
150,45,80,0.252377571168,0.305709950882,0.560013836675,1.8318469355,0.825545817007,0.450663099088,56.7347264131,0.0,0.0240697550321,0.0154876950105,0.000911585430666,0.0404690354734
150,50,-100,0.39743140803,0.502044965501,0.934845348477,1.86207493893,0.791625123923,0.4251306472,56.7347264131,0.0,0.0262430308891,0.0108031593638,0.00266425218302,0.0397104424359
150,50,80,0.39743140803,0.502044965501,0.934845348477,1.86207493893,0.791625123923,0.4251306472,56.7347264131,0.0,0.0262430308891,0.0108031593638,0.00266425218302,0.0397104424359
150,55,-100,0.531073747009,1.28821658424,1.29286566173,1.00360892535,0.412255014806,0.410772567273,56.7347264131,0.0,0.0165803953887,0.0305022591895,0.00407545066926,0.0511581052475
150,55,70,0.547232497767,0.977396919655,1.69490634374,1.7341023996,0.559887684075,0.322868871068,56.7347264131,0.0,0.0173569389206,0.00305503205505,0.0199641459382,0.0403761169139
150,55,80,0.531073747009,1.28821658424,1.29286566173,1.00360892535,0.412255014806,0.410772567273,56.7347264131,0.0,0.0165803953887,0.0305022591895,0.00407545066926,0.0511581052475
150,60,60,0.671699192314,1.35246019089,2.21829646098,1.64019353465,0.496649880593,0.302799559991,56.7347264131,0.0,0.0115180722982,0.0109644429858,0.0254640150146,0.0479465302987
150,60,70,0.670784183137,1.7171164196,1.94974330573,1.135475314,0.390645721792,0.344037177184,56.7347264131,0.0,0.00451727050634,0.0373489385756,0.014943794276,0.0568100033579
150,65,40,0.715709876505,1.07838357888,2.50524323143,2.32314668035,0.663687662275,0.285684786023,56.7347264131,0.0,0.0616795824931,0.00041055753727,0.0307389645423,0.0928291045726
150,65,50,0.759149133199,1.56942068683,2.4649243001,1.57059501049,0.483712964642,0.307980708847,56.7347264131,0.0,0.00771981869494,0.0132576501113,0.0239739786517,0.0449514474579
150,65,60,0.779522027628,2.01277174138,2.34970989123,1.16740007966,0.387287843724,0.331752456139,56.7347264131,0.0,0.002860505518,0.0384847651555,0.0177610542428,0.0591063249163
150,70,0,0.4022750517,0.851541910816,1.55989443978,1.8318469355,0.472407812922,0.257886073212,56.7347264131,0.0,0.0240697550321,0.0154614152074,0.0404857573307,0.0800169275702
150,70,30,0.733170348403,1.00944086639,2.30453471857,2.28298139624,0.72631332138,0.318142461684,56.7347264131,0.0,0.0585553520836,0.00390541714975,0.0211937267749,0.0836544960082
150,70,40,0.802836972188,1.59344956529,2.42090707274,1.51928691405,0.503835822405,0.331626513562,56.7347264131,0.0,0.0052869581988,0.0097937948416,0.0177913088684,0.0328720619088
150,70,50,0.84810980083,2.12904210548,2.46372139054,1.15719711893,0.398352760919,0.344239330018,56.7347264131,0.0,0.00334357655881,0.0348156872316,0.0148996362312,0.0530589000216
150,70,60,0.867613242337,2.59994477863,2.43167678059,0.93528016463,0.333704488444,0.356796285289,56.7347264131,0.0,0.0268946018907,0.0593363818924,0.0122946308258,0.0985256146089
150,75,0,0.454269717491,0.644392643308,1.1804286889,1.8318469355,0.704957951038,0.384834528135,56.7347264131,0.0,0.0240697550321,0.00233970950546,0.00743612562079,0.0338455901584
150,75,30,0.801473526674,1.41683528822,2.10037113622,1.48243846951,0.565678687805,0.381586621933,56.7347264131,0.0,0.003767727318,0.00258819527877,0.00793257325716,0.0142884958539
150,75,40,0.872588287653,2.04524355289,2.29022650282,1.11978179791,0.426642727425,0.381005235324,56.7347264131,0.0,0.00549369399947,0.0263782848855,0.00802324787853,0.0398952267634
150,75,50,0.917189895062,2.61150812715,2.41049449605,0.923027759701,0.351210813984,0.380498647297,56.7347264131,0.0,0.029094577768,0.0519484708146,0.0081027056568,0.0891457542393
150,80,20,0.759056013913,1.05955537717,1.54440462512,1.45759689243,0.716391073341,0.491487788607,56.7347264131,0.0,0.00286467974541,0.00313230816994,1.0348988802e-05,0.00600733690415
150,80,30,0.854383793388,1.76847068054,1.85567016022,1.04930784584,0.483120134697,0.46041791893,56.7347264131,0.0,0.0113443810825,0.0133685400408,0.000489032476145,0.0252019535994
150,80,40,0.923751553639,2.42365189717,2.11055209652,0.870814863713,0.381140358778,0.437682422132,56.7347264131,0.0,0.0398040497934,0.0406151706851,0.00168380144965,0.0821030219281
150,85,20,0.79980239863,1.33228724472,1.21213495737,0.909815028384,0.600322792098,0.659829496513,56.7347264131,0.0,0.0315960853845,0.000625917648491,0.0168108166725,0.0490328197055
150,85,30,0.891250788693,2.05784506144,1.57020560625,0.763033930819,0.433099073099,0.567601328861,56.7347264131,0.0,0.0697876312941,0.0246378772979,0.00392608882651,0.0983515974185
155,45,70,0.30395233797,0.503705944565,1.15129382261,2.28564668539,0.603432104088,0.264009353652,56.7347264131,0.0,0.0587629797142,0.00051691998157,0.0382115841834,0.0974914838792
155,50,-100,0.448287663314,0.581611673537,0.887531877827,1.52598704292,0.770767994714,0.505094717738,56.7347264131,0.0,0.00558465454875,0.00827836400641,0.000199300293169,0.0140623188483
155,50,80,0.448287663314,0.581611673537,0.887531877827,1.52598704292,0.770767994714,0.505094717738,56.7347264131,0.0,0.00558465454875,0.00827836400641,0.000199300293169,0.0140623188483
155,55,-100,0.584081462034,1.39599519823,1.17567044434,0.842173702195,0.418397901922,0.496807132343,56.7347264131,0.0,0.0466695427761,0.0286996843891,5.61354278444e-05,0.075425362593
155,55,70,0.594303935225,1.12139845057,1.6032709589,1.42970677201,0.529966788276,0.370682155706,56.7347264131,0.0,0.00197840575089,0.0061375487351,0.009725489494,0.01784144398
155,55,80,0.584081462034,1.39599519823,1.17567044434,0.842173702195,0.418397901922,0.496807132343,56.7347264131,0.0,0.0466695427761,0.0286996843891,5.61354278444e-05,0.075425362593
155,60,50,0.679237538409,1.15397639586,2.32772984569,2.01713817895,0.588606093547,0.291802564488,56.7347264131,0.0,0.0378647796782,0.00113405000787,0.0287907417944,0.0677895714804
155,60,60,0.708760460732,1.54065094724,2.09198050075,1.35785494079,0.460039609883,0.338798789224,56.7347264131,0.0,0.000402235907614,0.018091252685,0.0161128300741,0.0346063186667
155,60,70,0.716748055106,1.88051359919,1.79266738688,0.953286053153,0.381144840119,0.39982210886,56.7347264131,0.0,0.0238631760944,0.0406135935456,0.00536478356326,0.0698415532033
155,65,40,0.72546979501,1.29262633839,2.4017227028,1.85801776698,0.561237051624,0.302062263127,56.7347264131,0.0,0.0259491124457,0.00294258602069,0.0256800601398,0.0545717586062
155,65,50,0.780841137391,1.77828087549,2.31876049331,1.30393377406,0.439098878109,0.3367493709,56.7347264131,0.0,3.55259149067e-07,0.0230807490469,0.0165832234185,0.0396643277246
155,65,60,0.812487016938,2.20990324804,2.16534391959,0.979836525201,0.367657279864,0.375223081002,56.7347264131,0.0,0.0198106065674,0.0455213934385,0.00895511366044,0.0742871136663
155,70,30,0.722732675878,1.20645307422,2.20778669974,1.82998141156,0.599055770443,0.327356205182,56.7347264131,0.0,0.0239369382789,0.000673414708873,0.0188337658737,0.0434441188615
155,70,40,0.805228046321,1.79838196267,2.27281651004,1.26381189159,0.447751402671,0.354286429531,56.7347264131,0.0,0.000211847743673,0.0209359895158,0.0127937243001,0.0339415615596
155,70,50,0.863256970042,2.33566792521,2.26878794078,0.971365799179,0.369597476048,0.380492576906,56.7347264131,0.0,0.0210511459418,0.0447954435681,0.00810366032759,0.0739502498375
155,75,0,0.400813888915,0.539059395611,1.23209932081,2.28564668539,0.743543090387,0.325309723125,56.7347264131,0.0,0.0587629797142,0.00542884600059,0.0193448287619,0.0835366544767
155,75,20,0.674453308114,0.903491068482,1.77470591213,1.96427609972,0.746496929125,0.380036660442,56.7347264131,0.0,0.0338325370035,0.00571236832701,0.00817553261349,0.047720437944
155,75,30,0.782486230376,1.59450320861,1.96889325803,1.23480043652,0.490739828022,0.397424404388,56.7347264131,0.0,0.000670014936954,0.0119821688731,0.00567214287889,0.0183243266889
155,75,40,0.866743704485,2.23706717561,2.10325677859,0.940184899908,0.387446436091,0.412095999551,56.7347264131,0.0,0.0260454152486,0.038430679007,0.0039322204685,0.0684083147241
155,80,20,0.718713855159,1.19012718127,1.44618136337,1.21514858758,0.603896681353,0.496973528607,56.7347264131,0.0,0.00113864130626,0.000501552941667,5.81529160007e-05,0.00169834716392
155,80,30,0.826369495831,1.92347342679,1.69447639933,0.880946092484,0.429623557218,0.487684275897,56.7347264131,0.0,0.0375493192451,0.0255663614457,2.21653167103e-08,0.0631157028561
155,85,10,0.624519470265,0.635320461344,0.764772564999,1.20375875095,0.982999144941,0.81660809873,56.7347264131,0.0,0.00147214788318,0.0445842842047,0.0534480827312,0.0995045148191
155,85,20,0.750591878455,1.43286201205,1.09140593354,0.761696467882,0.523841006421,0.687729336435,56.7347264131,0.0,0.070235250515,0.00691178750755,0.0221549421269,0.0993019801495
160,50,-100,0.489296115033,0.65675196555,0.833463753681,1.26906929465,0.745024211116,0.587063460015,56.7347264131,0.0,0.000157149197733,0.00557020871444,0.00596838661584,0.011695744528
160,50,80,0.489296115033,0.65675196555,0.833463753681,1.26906929465,0.745024211116,0.587063460015,56.7347264131,0.0,0.000157149197733,0.00557020871444,0.00596838661584,0.011695744528
160,55,60,0.612825599552,0.982392257398,1.90378022834,1.93790231346,0.623809476242,0.321899340286,56.7347264131,0.0,0.0318441395981,6.2923121716e-05,0.020213101858,0.0521201645779
160,55,70,0.629132558952,1.25686546215,1.49943371399,1.19299460375,0.500556804126,0.419580107533,56.7347264131,0.0,0.00183074357048,0.0103189447292,0.00317269579222,0.0153223840919
160,60,50,0.691252682039,1.35246019089,2.21829646098,1.64019353465,0.511107599835,0.311614202249,56.7347264131,0.0,0.0115180722982,0.00868270031264,0.0229583168368,0.0431590894477
160,60,60,0.731589899458,1.7171164196,1.94974330573,1.135475314,0.426057249879,0.375223701144,56.7347264131,0.0,0.00451727050634,0.026539457348,0.00895501077616,0.0400117386305
160,65,40,0.719111923041,1.49703143096,2.27992361419,1.52296309019,0.480358600475,0.315410533302,56.7347264131,0.0,0.00544951338773,0.0138918694895,0.0219227823293,0.0412641652065
160,65,50,0.786825080095,1.97360727293,2.15494951907,1.09188365316,0.398673581561,0.365124599501,56.7347264131,0.0,0.00751176281269,0.034712448132,0.0107149192127,0.0529391301574
160,70,30,0.695660917749,1.39428344567,2.09423609102,1.50201603377,0.498937945442,0.332178841121,56.7347264131,0.0,0.00454939546354,0.0105837914012,0.017658833662,0.0327920205268
160,70,40,0.7909939612,1.98962758741,2.10742844134,1.05920748921,0.397558802564,0.37533609478,56.7347264131,0.0,0.0103676082779,0.035071938056,0.00893637464289,0.0543759209768
160,75,20,0.626292586659,1.05472882413,1.6892081852,1.6015568614,0.593794890528,0.370761041857,56.7347264131,0.0,0.00934504408528,0.000889872614207,0.00971181512283,0.0199467318223
160,75,30,0.746503696855,1.76003599681,1.8224309133,1.03545093203,0.424141152914,0.409619750964,56.7347264131,0.0,0.0128031735452,0.027070841038,0.00420241498294,0.0440764295662
160,80,10,0.521651921833,0.519591858801,1.112894323,2.14186251026,1.00396477157,0.468734462071,56.7347264131,0.0,0.0475357591489,0.0491515394435,0.000233291263282,0.0969205898557
160,80,20,0.661491637497,1.31164139891,1.33695178822,1.01929672952,0.50432354304,0.494775984688,56.7347264131,0.0,0.0146434738564,0.00971697178954,3.43627383971e-05,0.0243948083844
160,85,10,0.548609583024,0.699557196116,0.706490547806,1.00991105764,0.784224057833,0.776527845599,56.7347264131,0.0,0.0157841637717,0.00987479588082,0.0427109169696,0.0683698766222
165,50,-100,0.51951282563,0.726893978547,0.773052467111,1.06350099179,0.714702337565,0.672027899441,56.7347264131,0.0,0.00996051483605,0.00300853829211,0.0190736406172,0.0320426937453
165,50,-70,0.441712131359,1.09320459112,0.910377428218,0.832760341123,0.404052576203,0.485196708165,56.7347264131,0.0,0.0490907108949,0.0330076485583,3.46964651701e-06,0.0821018290997
165,50,-60,0.387429259281,1.15294910258,1.4388369663,1.24796225877,0.336033271905,0.269265572372,56.7347264131,0.0,0.000428692082714,0.0583206233239,0.036317120723,0.0950664361296
165,50,80,0.51951282563,0.726893978547,0.773052467111,1.06350099179,0.714702337565,0.672027899441,56.7347264131,0.0,0.00996051483605,0.00300853829211,0.0190736406172,0.0320426937453
165,55,60,0.625715565994,1.14457933809,1.81091464294,1.58216611349,0.546677320801,0.345524604616,56.7347264131,0.0,0.00831430315674,0.00427539815797,0.0146205378547,0.0272102391695
165,55,70,0.651204731427,1.38276696865,1.38418487312,1.00102541101,0.470943221952,0.470460806263,56.7347264131,0.0,0.0169139523794,0.0157607913294,0.000192084192545,0.0328668279013
165,60,40,0.616237971966,1.15397639586,2.32772984569,2.01713817895,0.534012631609,0.2647377543,56.7347264131,0.0,0.0378647796782,0.00565340336429,0.0379458787823,0.0814640618247
165,60,50,0.688683274689,1.54065094724,2.09198050075,1.35785494079,0.447007984465,0.32920157451,56.7347264131,0.0,0.000402235907614,0.0211156297184,0.0183793123307,0.0398971779567
165,60,60,0.740203284601,1.88051359919,1.79266738688,0.953286053153,0.393617618569,0.412906091794,56.7347264131,0.0,0.0238631760944,0.0363599742792,0.00384587585414,0.0640690262278
165,65,30,0.596400221931,1.17482198572,2.24176148048,1.90817120187,0.507651566943,0.266040891114,56.7347264131,0.0,0.0296255297176,0.00920161536072,0.0374730714536,0.0763002165319
165,65,40,0.697651202907,1.6900432104,2.14077293023,1.26669715725,0.412800808059,0.325887530179,56.7347264131,0.0,0.000180785319078,0.0303395577286,0.0191997786501,0.0497201216978
165,65,50,0.777704405111,2.15391332733,1.97473807778,0.916814085661,0.361065784423,0.393826611164,56.7347264131,0.0,0.0302540413556,0.0480382916263,0.00615040353641,0.0844427365183
165,70,20,0.525872193487,0.929524704008,1.94379474669,2.09117061474,0.565743106363,0.270538951904,56.7347264131,0.0,0.0435870835139,0.00258323223902,0.0358661471543,0.0820364629072
165,70,30,0.653532762589,1.57150247822,1.96474708112,1.25023479654,0.415864926493,0.332629460997,56.7347264131,0.0,0.00039272363754,0.0294353638539,0.0175511519093,0.0473792394007
165,70,40,0.761336069403,2.16573094485,1.92600156969,0.889307868216,0.351537697336,0.395293587182,56.7347264131,0.0,0.0357542398014,0.051815922937,0.00595291628824,0.0935230790267
165,75,20,0.563595588014,1.19793945656,1.59085456401,1.32799245847,0.470470844691,0.35427222624,56.7347264131,0.0,8.84221563519e-05,0.0158580346356,0.0127965791999,0.0287430359919
165,75,30,0.695284722005,1.91217384832,1.6620987689,0.869219485644,0.363609575884,0.418317331686,56.7347264131,0.0,0.0401672031429,0.0470576772311,0.00329486530647,0.0905197456804
165,80,10,0.440410024279,0.61460978623,1.06337400973,1.73016120725,0.716568518995,0.414162862971,56.7347264131,0.0,0.0170983099966,0.00314544664146,0.00371391393623,0.0239576705743
165,80,20,0.589616547785,1.42317323351,1.21754720269,0.855515810737,0.414297103052,0.484265863766,56.7347264131,0.0,0.0433791773959,0.029896060809,6.84576133554e-06,0.0732820839663
165,85,10,0.458887487559,0.758469878221,0.642831710955,0.847537561363,0.605017418273,0.713853221207,56.7347264131,0.0,0.0453270506496,0.000465461055874,0.027677429926,0.0734699416315
