Exit Angle,Plunge,Azimuth,Strike,Dip,Rake,P,SV,SH,SH/SV,P/SV,P/SH,Ratio1,Ratio2,Ratio3,Sum
0,90,0,110,20,0,0,-1.801339732,4.949140239,-2.747477419,0,0,4.651106892,0.979524152,1.003692821,6.634323865
0,90,10,110,20,0,0,-0.914564151,5.18675104,-5.67128182,0,0,2.074416822,0.979524152,1.003692821,4.057633795
0,90,20,110,20,0,0,3.22E-16,5.266765035,1.63E+16,0,0,1.02441844,0.979524152,1.003692821,3.007635413
0,90,30,110,20,0,0,0.914564151,5.18675104,5.67128182,0,0,0.507432724,0.979524152,1.003692821,2.490649697
0,90,40,110,20,0,0,1.801339732,4.949140239,2.747477419,0,0,0.228907936,0.979524152,1.003692821,2.212124909
0,90,50,110,20,0,0,2.633382518,4.561152316,1.732050808,0,0,0.078447482,0.979524152,1.003692821,2.061664455
0,90,60,110,20,0,0,3.385411308,4.034576089,1.191753593,0,0,0.009924991,0.979524152,1.003692821,1.993141964
0,90,70,110,20,0,0,4.034576089,3.385411308,0.839099631,0,0,0.005678087,0.979524152,1.003692821,1.98889506
0,90,80,110,20,0,0,4.561152316,2.633382518,0.577350269,0,0,0.065440602,0.979524152,1.003692821,2.048657575
0,90,90,110,20,0,0,4.949140239,1.801339732,0.363970234,0,0,0.206272273,0.979524152,1.003692821,2.189489246
0,90,100,110,20,0,0,5.18675104,0.914564151,0.176326981,0,0,0.473443014,0.979524152,1.003692821,2.456659987
0,90,110,110,20,0,0,5.266765035,0,0,0,,0.975876104,0.979524152,,
0,90,120,110,20,0,0,5.18675104,-0.914564151,-0.176326981,0,0,2.005091181,0.979524152,1.003692821,3.988308154
0,90,130,110,20,0,0,4.949140239,-1.801339732,-0.363970234,0,0,4.547007517,0.979524152,1.003692821,6.53022449
0,90,140,110,20,0,0,4.561152316,-2.633382518,-0.577350269,0,0,13.83776927,0.979524152,1.003692821,15.82098624
0,90,150,110,20,0,0,4.034576089,-3.385411308,-0.839099631,0,0,130.3688222,0.979524152,1.003692821,132.3520392
0,90,160,110,20,0,0,3.385411308,-4.034576089,-1.191753593,0,0,130.9236636,0.979524152,1.003692821,132.9068806
0,90,170,110,20,0,0,2.633382518,-4.561152316,-1.732050808,0,0,14.01893173,0.979524152,1.003692821,16.00214871
0,90,180,110,20,0,0,1.801339732,-4.949140239,-2.747477419,0,0,4.651106892,0.979524152,1.003692821,6.634323865
0,90,190,110,20,0,0,0.914564151,-5.18675104,-5.67128182,0,0,2.074416822,0.979524152,1.003692821,4.057633795
0,90,200,110,20,0,0,3.22E-16,-5.266765035,-1.63E+16,0,0,1.02441844,0.979524152,1.003692821,3.007635413
0,90,210,110,20,0,0,-0.914564151,-5.18675104,5.67128182,0,0,0.507432724,0.979524152,1.003692821,2.490649697
0,90,220,110,20,0,0,-1.801339732,-4.949140239,2.747477419,0,0,0.228907936,0.979524152,1.003692821,2.212124909
0,90,230,110,20,0,0,-2.633382518,-4.561152316,1.732050808,0,0,0.078447482,0.979524152,1.003692821,2.061664455
0,90,240,110,20,0,0,-3.385411308,-4.034576089,1.191753593,0,0,0.009924991,0.979524152,1.003692821,1.993141964
0,90,250,110,20,0,0,-4.034576089,-3.385411308,0.839099631,0,0,0.005678087,0.979524152,1.003692821,1.98889506
0,90,260,110,20,0,0,-4.561152316,-2.633382518,0.577350269,0,0,0.065440602,0.979524152,1.003692821,2.048657575
0,90,270,110,20,0,0,-4.949140239,-1.801339732,0.363970234,0,0,0.206272273,0.979524152,1.003692821,2.189489246
0,90,280,110,20,0,0,-5.18675104,-0.914564151,0.176326981,0,0,0.473443014,0.979524152,1.003692821,2.456659987
0,90,290,110,20,0,0,-5.266765035,-6.45E-16,1.22E-16,0,0,0.975876104,0.979524152,1.003692821,2.959093077
0,90,300,110,20,0,0,-5.18675104,0.914564151,-0.176326981,0,0,2.005091181,0.979524152,1.003692821,3.988308154
0,90,310,110,20,0,0,-4.949140239,1.801339732,-0.363970234,0,0,4.547007517,0.979524152,1.003692821,6.53022449
0,90,320,110,20,0,0,-4.561152316,2.633382518,-0.577350269,0,0,13.83776927,0.979524152,1.003692821,15.82098624
0,90,330,110,20,0,0,-4.034576089,3.385411308,-0.839099631,0,0,130.3688222,0.979524152,1.003692821,132.3520392
0,90,340,110,20,0,0,-3.385411308,4.034576089,-1.191753593,0,0,130.9236636,0.979524152,1.003692821,132.9068806
0,90,350,110,20,0,0,-2.633382518,4.561152316,-1.732050808,0,0,14.01893173,0.979524152,1.003692821,16.00214871
0,90,360,110,20,0,0,-1.801339732,4.949140239,-2.747477419,0,0,4.651106892,0.979524152,1.003692821,6.634323865
5,85,0,110,20,0,0.057479428,-1.880957017,5.058292477,-2.689212157,-0.030558608,0.011363405,4.822940793,1.108288606,0.959171964,6.890401363
5,85,10,110,20,0,0.029223777,-0.957594695,5.324010989,-5.559774943,-0.030517898,0.005489053,2.104686365,1.108106213,0.981935396,4.194727973
5,85,20,110,20,0,-1.03E-17,3.38E-16,5.413796231,1.60E+16,-0.030504239,-1.90E-18,1.02441844,1.108045023,1.003692821,3.136156284
5,85,30,110,20,0,-0.029223777,0.957594695,5.324010989,5.559774943,-0.030517898,-0.005489053,0.500198425,1.108106213,1.025932795,2.634237433
5,85,40,110,20,0,-0.057479428,1.880957017,5.058292477,2.689212157,-0.030558608,-0.011363405,0.220913552,1.108288606,1.05028215,2.379484307
5,85,50,110,20,0,-0.083837913,2.737514246,4.627332168,1.690340854,-0.030625562,-0.01811798,0.072218692,1.108588647,1.079000122,2.259807461
5,85,60,110,20,0,-0.107446011,3.497887814,4.0482352,1.15733706,-0.030717398,-0.026541445,0.007236348,1.109000321,1.115927948,2.232164618
5,85,70,110,20,0,-0.127558557,4.137190323,3.343516904,0.80816125,-0.03083217,-0.038151013,0.008828567,1.109515035,1.168935483,2.287279085
5,85,80,110,20,0,-0.143564442,4.63599689,2.539825289,0.547848791,-0.030967329,-0.056525322,0.078388965,1.110121481,1.25814006,2.446650507
5,85,90,110,20,0,-0.155005179,4.980935361,1.66649988,0.334575689,-0.031119693,-0.093012416,0.23665118,1.110805528,1.456719995,2.804176703
5,85,100,110,20,0,-0.16158548,5.164877466,0.754086856,0.146002855,-0.031285443,-0.214279667,0.537378087,1.111550156,2.394074354,4.043002597
5,85,110,110,20,0,-0.163175911,5.18675104,-0.167072827,-0.032211461,-0.031460139,0.976675349,1.111825919,1.112335521,0.000186176,2.224347617
5,85,120,110,20,0,-0.159808325,5.051027809,-1.06808106,-0.211458163,-0.031638773,0.149621907,2.323159656,1.113139169,0.549892127,3.986190952
5,85,130,110,20,0,-0.15166522,4.766967996,-1.922470301,-0.403289953,-0.031815867,0.0788908,5.473616054,1.113936465,0.732052107,7.319604627
5,85,140,110,20,0,-0.139064527,4.347719438,-2.706898116,-0.622601838,-0.031985626,0.051374127,18.38100385,1.114701281,0.817427776,20.31313291
5,85,150,110,20,0,-0.122441443,3.809373301,-3.401540688,-0.892939709,-0.032142149,0.035995878,312.1909837,1.115406936,0.86928458,314.1756752
5,85,160,110,20,0,-0.102328897,3.170070792,-3.990211417,-1.258713662,-0.032279688,0.025644981,76.43462539,1.116027381,0.905994034,78.45664681
5,85,170,110,20,0,-0.079337998,2.449236794,-4.460259342,-1.821081306,-0.032392947,0.017787754,11.88834507,1.116538558,0.934878107,13.93976173
5,85,180,110,20,0,-0.054139469,1.666989652,-4.802322056,-2.880834954,-0.032477387,0.011273602,4.307671642,1.11691982,0.959515967,6.384107429
5,85,190,110,20,0,-0.027446622,0.843745038,-5.010016784,-5.937832593,-0.032529521,0.005478349,2.00837532,1.117155277,0.98197736,4.107507958
5,85,200,110,20,0,-9.67E-18,2.97E-16,-5.079650578,-1.71E+16,-0.032547149,1.90E-18,1.02441844,1.117234906,1.003692821,3.145346167
5,85,210,110,20,0,0.027446622,-0.843745038,-5.010016784,5.937832593,-0.032529521,-0.005478349,0.523974915,1.117155277,1.025888951,2.667019143
5,85,220,110,20,0,0.054139469,-1.666989652,-4.802322056,2.880834954,-0.032477387,-0.011273602,0.246792919,1.11691982,1.049905573,2.413618312
5,85,230,110,20,0,0.079337998,-2.449236794,-4.460259342,1.821081306,-0.032392947,-0.017787754,0.0919227,1.116538558,1.077577878,2.286039136
5,85,240,110,20,0,0.102328897,-3.170070792,-3.990211417,1.258713662,-0.032279688,-0.025644981,0.016046771,1.116027381,1.111937816,2.244011967
5,85,250,110,20,0,0.122441443,-3.809373301,-3.401540688,0.892939709,-0.032142149,-0.035995878,0.001973323,1.115406936,1.158905287,2.276285547
5,85,260,110,20,0,0.139064527,-4.347719438,-2.706898116,0.622601838,-0.031985626,-0.051374127,0.048599389,1.114701281,1.232449528,2.395750198
5,85,270,110,20,0,0.15166522,-4.766967996,-1.922470301,0.403289953,-0.031815867,-0.0788908,0.170640555,1.113936465,1.376257285,2.660834306
5,85,280,110,20,0,0.159808325,-5.051027809,-1.06808106,0.211458163,-0.031638773,-0.149621907,0.408023901,1.113139169,1.832611245,3.353774315
5,85,290,110,20,0,0.163175911,-5.18675104,-0.167072827,0.032211461,-0.031460139,-0.976675349,0.856461207,1.112335521,7182.229408,7184.198205
5,85,300,110,20,0,0.16158548,-5.164877466,0.754086856,-0.146002855,-0.031285443,0.214279667,1.768348412,1.111550156,0.421086441,3.300985008
5,85,310,110,20,0,0.155005179,-4.980935361,1.66649988,-0.334575689,-0.031119693,0.093012416,3.973904518,1.110805528,0.691641873,5.776351918
5,85,320,110,20,0,0.143564442,-4.63599689,2.539825289,-0.547848791,-0.030967329,0.056525322,11.63603596,1.110121481,0.80074293,13.54690037
5,85,330,110,20,0,0.127558557,-4.137190323,3.343516904,-0.80816125,-0.03083217,0.038151013,88.60996873,1.109515035,0.861827606,90.58131137
5,85,340,110,20,0,0.107446011,-3.497887814,4.0482352,-1.15733706,-0.030717398,0.026541445,188.3399107,1.109000321,0.902755166,190.3516662
5,85,350,110,20,0,0.083837913,-2.737514246,4.627332168,-1.690340854,-0.030625562,0.01811798,15.28227588,1.108588647,0.933645996,17.32451052
5,85,360,110,20,0,0.057479428,-1.880957017,5.058292477,-2.689212157,-0.030558608,0.011363405,4.822940793,1.108288606,0.959171964,6.890401363
10,80,0,110,20,0,0.116552333,-1.903422374,5.128948054,-2.694592711,-0.061233037,0.022724413,4.806443166,1.254765829,0.916625738,6.977834732
10,80,10,110,20,0,0.05933676,-0.971529208,5.420751999,-5.579607851,-0.061075632,0.010946223,2.099178491,1.253965805,0.960771079,4.313915376
10,80,20,110,20,0,-2.09E-17,3.43E-16,5.519625168,1.61E+16,-0.061023,-3.79E-18,1.02441844,1.253698419,1.003692821,3.281809681
10,80,30,110,20,0,-0.05933676,0.971529208,5.420751999,5.579607851,-0.061075632,-0.010946223,0.501499226,1.253965805,1.048533907,2.803998938
10,80,40,110,20,0,-0.116552333,1.903422374,5.128948054,2.694592711,-0.061233037,-0.022724413,0.221656336,1.254765829,1.099038452,2.575460617
10,80,50,110,20,0,-0.169628369,2.758467989,4.658295228,1.688725498,-0.061493688,-0.036414259,0.071978843,1.256091757,1.160845586,2.488916186
10,80,60,110,20,0,-0.216744445,3.504082769,4.031084798,1.15039657,-0.06185483,-0.053768267,0.006736236,1.257931262,1.244322075,2.508989573
10,80,70,110,20,0,-0.256358427,4.114098123,3.276176317,0.796329164,-0.062312181,-0.078249277,0.010250774,1.260264779,1.372713905,2.643229457
10,80,80,110,20,0,-0.287266666,4.569979043,2.426938456,0.531061178,-0.062859515,-0.118365864,0.086523014,1.263063252,1.613813032,2.963399298
10,80,90,110,20,0,-0.308640564,4.861387282,1.518976958,0.312457509,-0.063488166,-0.20318976,0.261860709,1.266285367,2.285698326,3.813844402
10,80,100,110,20,0,-0.320038422,4.986071703,0.587870504,0.117902537,-0.064186486,-0.544402926,0.603618897,1.269874463,11.50355106,13.37704442
10,80,110,110,20,0,-0.321393805,4.949140239,-0.332874128,-0.067258981,-0.064939321,0.965511518,1.281610396,1.27375545,0.000376031,2.555741877
10,80,120,110,20,0,-0.312983799,4.761831653,-1.213469228,-0.25483245,-0.065727607,0.257924793,2.794997341,1.277832263,0.350185672,4.423015276
10,80,130,110,20,0,-0.295382209,4.439953842,-2.02896971,-0.456979911,-0.066528216,0.145582365,7.134077563,1.281986539,0.559027834,8.975091936
10,80,140,110,20,0,-0.269403733,4.002183305,-2.759812584,-0.689576757,-0.067314191,0.097616677,29.49229548,1.286078393,0.678933908,31.45730778
10,80,150,110,20,0,-0.236045449,3.468424633,-3.391782289,-0.977902837,-0.068055522,0.069593337,8009.752507,1.289950138,0.759885729,8011.802343
10,80,160,110,20,0,-0.196431467,2.858409279,-3.915478826,-1.369810424,-0.068720553,0.05016793,41.22040574,1.293433601,0.821383366,43.33522271
10,80,170,110,20,0,-0.151765436,2.190672251,-4.3254211,-1.974472036,-0.06927802,0.035086858,9.391338044,1.2963611,0.872448854,11.560148
10,80,180,110,20,0,-0.103293978,1.481988934,-4.618955302,-3.116727255,-0.069699561,0.022363061,3.829811534,1.298579322,0.917949712,6.046340568
10,80,190,110,20,0,-0.052282137,0.747289159,-4.795153275,-6.416730686,-0.069962392,0.010903121,1.908160946,1.299964364,0.960936446,4.169061755
10,80,200,110,20,0,-1.84E-17,2.63E-16,-4.853876912,-1.85E+16,-0.070051714,3.79E-18,1.02441844,1.30043541,1.003692821,3.328546671
10,80,210,110,20,0,0.052282137,-0.747289159,-4.795153275,6.416730686,-0.069962392,-0.010903121,0.551269111,1.299964364,1.048353452,2.899586927
10,80,220,110,20,0,0.103293978,-1.481988934,-4.618955302,3.116727255,-0.069699561,-0.022363061,0.277005137,1.298579322,1.097453027,2.673037486
10,80,230,110,20,0,0.151765436,-2.190672251,-4.3254211,1.974472036,-0.06927802,-0.035086858,0.115428262,1.2963611,1.154700968,2.566490329
10,80,240,110,20,0,0.196431467,-2.858409279,-3.915478826,1.369810424,-0.068720553,-0.05016793,0.028286605,1.293433601,1.226512119,2.548232325
10,80,250,110,20,0,0.236045449,-3.468424633,-3.391782289,0.977902837,-0.068055522,-0.069593337,9.28E-07,1.289950138,1.325819567,2.615770634
10,80,260,110,20,0,0.269403733,-4.002183305,-2.759812584,0.689576757,-0.067314191,-0.097616677,0.029444096,1.286078393,1.484005697,2.799528187
10,80,270,110,20,0,0.295382209,-4.439953842,-2.02896971,0.456979911,-0.066528216,-0.145582365,0.130008518,1.281986539,1.802629446,3.214624503
10,80,280,110,20,0,0.312983799,-4.761831653,-1.213469228,0.25483245,-0.065727607,-0.257924793,0.338378032,1.277832263,2.879772772,4.495983066
10,80,290,110,20,0,0.321393805,-4.949140239,-0.332874128,0.067258981,-0.064939321,-0.965511518,0.742740291,1.27375545,3248.113135,3250.129631
10,80,300,110,20,0,0.320038422,-4.986071703,0.587870504,-0.117902537,-0.064186486,0.544402926,1.575495831,1.269874463,0.088116094,2.933486388
10,80,310,110,20,0,0.308640564,-4.861387282,1.518976958,-0.312457509,-0.063488166,0.20318976,3.59775744,1.266285367,0.441019377,5.305062184
10,80,320,110,20,0,0.287266666,-4.569979043,2.426938456,-0.531061178,-0.062859515,0.118365864,10.58079293,1.263063252,0.624365862,12.46822204
10,80,330,110,20,0,0.256358427,-4.114098123,3.276176317,-0.796329164,-0.062312181,0.078249277,77.57435744,1.260264779,0.733940649,79.56856287
10,80,340,110,20,0,0.216744445,-3.504082769,4.031084798,-1.15039657,-0.06185483,0.053768267,204.7850074,1.257931262,0.809631402,206.85257
10,80,350,110,20,0,0.169628369,-2.758467989,4.658295228,-1.688725498,-0.061493688,0.036414259,15.33544871,1.256091757,0.867831999,17.45937247
10,80,360,110,20,0,0.116552333,-1.903422374,5.128948054,-2.694592711,-0.061233037,0.022724413,4.806443166,1.254765829,0.916625738,6.977834732
15,75,0,110,20,0,0.175423813,-1.868053206,5.16056924,-2.762538682,-0.093907289,0.033993113,4.609018392,1.432782124,0.87627117,6.918071686
15,75,10,110,20,0,0.089423981,-0.955944299,5.476237814,-5.728616008,-0.093545179,0.016329455,2.059489971,1.430671982,0.940338516,4.430500469
15,75,20,110,20,0,-3.16E-17,3.38E-16,5.583446425,1.65E+16,-0.093424518,-5.66E-18,1.02441844,1.429969565,1.003692821,3.458080827
15,75,30,110,20,0,-0.089423981,0.955944299,5.476237814,5.728616008,-0.093545179,-0.016329455,0.511078633,1.430671982,1.071319756,3.013070371
15,75,40,110,20,0,-0.175423813,1.868053206,5.16056924,2.762538682,-0.093907289,-0.033993113,0.23095674,1.432782124,1.149662854,2.813401718
15,75,50,110,20,0,-0.254764668,2.695607078,4.653805848,1.726440729,-0.094511055,-0.054743295,0.077605962,1.436307694,1.249190858,2.763104515
15,75,60,110,20,0,-0.324574322,3.403807943,3.983255406,1.170235064,-0.095356239,-0.081484688,0.008204089,1.441258182,1.390681658,2.840143929
15,75,70,110,20,0,-0.382486091,3.966001134,3.183902051,0.802799077,-0.096441246,-0.120131237,0.009457637,1.447639487,1.625397981,3.082495105
15,75,80,110,20,0,-0.426740353,4.365104696,2.295581156,0.525893722,-0.097761768,-0.185896435,0.089145054,1.455445739,2.127323186,3.671913978
15,75,90,110,20,0,-0.456238021,4.594128411,1.359893704,0.296006899,-0.09930894,-0.335495355,0.282031179,1.464647781,4.046556533,5.793235492
15,75,100,110,20,0,-0.470544315,4.655766675,0.417180103,0.089605028,-0.101066988,-1.127916482,0.677974258,1.475177886,276.6685669,278.821719
15,75,110,110,20,0,-0.46984631,4.561152316,-0.496142057,-0.108775595,-0.103010441,0.946999562,1.51774548,1.486910707,0.00084485,3.005501037
15,75,120,110,20,0,-0.454872264,4.327949653,-1.349622162,-0.311838693,-0.105101099,0.337036747,3.58784118,1.49964136,0.247695245,5.335177785
15,75,130,110,20,0,-0.4267842,3.978033937,-2.120027435,-0.532933471,-0.107285209,0.201310697,10.69230907,1.513063135,0.444479489,12.64985169
15,75,140,110,20,0,-0.387057328,3.535042857,-2.791723213,-0.789728251,-0.109491552,0.138644593,72.23921639,1.526749547,0.575047767,74.3410137
15,75,150,110,20,0,-0.33736022,3.022089638,-3.356210379,-1.110559507,-0.11163144,0.100518198,364.884161,1.540147965,0.671040152,367.0953491
15,75,160,110,20,0,-0.279448451,2.459896447,-3.810947078,-1.549230693,-0.113601713,0.073327823,21.65592474,1.552593691,0.748585425,23.95710386
15,75,170,110,20,0,-0.215081643,1.865545239,-4.157663792,-2.228658788,-0.115291572,0.05173137,6.969213582,1.563352409,0.816259807,9.348825798
15,75,180,110,20,0,-0.145969992,1.251958732,-4.40043551,-3.514840702,-0.116593294,0.033171715,3.26674748,1.571693521,0.879152542,5.717593544
15,75,190,110,20,0,-0.07375193,0.628127277,-4.543795755,-7.233877469,-0.117415583,0.016231348,1.776790873,1.576986702,0.940707,4.294484575
15,75,200,110,20,0,-2.60E-17,2.21E-16,-4.591162312,-2.08E+16,-0.117696926,5.66E-18,1.02441844,1.578802059,1.003692821,3.60691332
15,75,210,110,20,0,0.07375193,-0.628127277,-4.543795755,7.233877469,-0.117415583,-0.016231348,0.591725035,1.576986702,1.070900059,3.239611797
15,75,220,110,20,0,0.145969992,-1.251958732,-4.40043551,3.514840702,-0.116593294,-0.033171715,0.323934079,1.571693521,1.145893969,3.041521569
15,75,230,110,20,0,0.215081643,-1.865545239,-4.157663792,2.228658788,-0.115291572,-0.05173137,0.154200189,1.563352409,1.234213685,2.951766284
15,75,240,110,20,0,0.279448451,-2.459896447,-3.810947078,1.549230693,-0.113601713,-0.073327823,0.051795009,1.552593691,1.345844204,2.950232904
15,75,250,110,20,0,0.33736022,-3.022089638,-3.356210379,1.110559507,-0.11163144,-0.100518198,0.004162774,1.540147965,1.501475686,3.045786426
15,75,260,110,20,0,0.387057328,-3.535042857,-2.791723213,0.789728251,-0.109491552,-0.138644593,0.01109915,1.526749547,1.752358085,3.290206782
15,75,270,110,20,0,0.4267842,-3.978033937,-2.120027435,0.532933471,-0.107285209,-0.201310697,0.085586952,1.513063135,2.267877447,3.866527534
15,75,280,110,20,0,0.454872264,-4.327949653,-1.349622162,0.311838693,-0.105101099,-0.337036747,0.262596909,1.49964136,4.074758749,5.836997018
15,75,290,110,20,0,0.46984631,-4.561152316,-0.496142057,0.108775595,-0.103010441,-0.946999562,0.626719099,1.486910707,1349.635245,1351.748874
15,75,300,110,20,0,0.470544315,-4.655766675,0.417180103,-0.089605028,-0.101066988,1.127916482,1.40354514,1.475177886,0.003395251,2.882118276
15,75,310,110,20,0,0.456238021,-4.594128411,1.359893704,-0.296006899,-0.09930894,0.335495355,3.344514366,1.464647781,0.249416713,5.05857886
15,75,320,110,20,0,0.426740353,-4.365104696,2.295581156,-0.525893722,-0.097761768,0.185896435,10.28053832,1.455445739,0.473801794,12.20978586
15,75,330,110,20,0,0.382486091,-3.966001134,3.183902051,-0.802799077,-0.096441246,0.120131237,83.35333552,1.447639487,0.619919671,85.42089468
15,75,340,110,20,0,0.324574322,-3.403807943,3.983255406,-1.170235064,-0.095356239,0.081484688,162.8328234,1.441258182,0.724463634,164.9985452
15,75,350,110,20,0,0.254764668,-2.695607078,4.653805848,-1.726440729,-0.094511055,0.054743295,14.17737249,1.436307694,0.806477085,16.42015727
15,75,360,110,20,0,0.175423813,-1.868053206,5.16056924,-2.762538682,-0.093907289,0.033993113,4.609018392,1.432782124,0.87627117,6.918071686
20,70,0,110,20,0,0.232305089,-1.775924186,5.152915378,-2.901540178,-0.130807999,0.045082263,4.259743352,1.665897985,0.838267796,6.763909134
20,70,10,110,20,0,0.118571255,-0.911313506,5.490046152,-6.024322166,-0.130110279,0.021597497,1.988661868,1.661137244,0.920760952,4.570560065
20,70,20,110,20,0,-4.19E-17,3.22E-16,5.604774284,1.74E+16,-0.129878641,-7.47E-18,1.02441844,1.659559905,1.003692821,3.687671166
20,70,30,110,20,0,-0.118571255,0.911313506,5.490046152,6.024322166,-0.130110279,-0.021597497,0.529126184,1.661137244,1.094101774,3.284365202
20,70,40,110,20,0,-0.232305089,1.775924186,5.152915378,2.901540178,-0.130807999,-0.045082263,0.249517746,1.665897985,1.201799054,3.117214785
20,70,50,110,20,0,-0.336659986,2.550841509,4.613898196,1.808774939,-0.13197997,-0.072966496,0.090048835,1.673927294,1.343893112,3.107869241
20,70,60,110,20,0,-0.427659288,3.200110134,3.905111035,1.220305199,-0.133638928,-0.109512709,0.01240072,1.685363313,1.557019854,3.254783886
20,70,70,110,20,0,-0.502109223,3.697399207,3.067396367,0.829609192,-0.135800652,-0.163692318,0.006560034,1.70038985,1.941310113,3.648259997
20,70,80,110,20,0,-0.557747666,4.027598851,2.146753097,0.533010654,-0.138481434,-0.259809881,0.085548523,1.719222645,2.903115784,4.707886952
20,70,90,110,20,0,-0.593312876,4.187279272,1.190460838,0.284304141,-0.141694126,-0.498389243,0.297164477,1.742085214,8.93412121,10.9733709
20,70,100,110,20,0,-0.608530111,4.183998532,0.24331471,0.058153632,-0.145442238,-2.501000086,0.770794667,1.769168538,5.431697531,7.971660736
20,70,110,110,20,0,-0.604022774,4.034576089,-0.655634044,-0.162503824,-0.149711583,0.921280368,1.893197186,1.800567291,0.001833312,3.695597789
20,70,120,110,20,0,-0.58116251,3.762565092,-1.475503657,-0.392153656,-0.154459124,0.393873988,5.190056902,1.83618488,0.190702211,7.216943993
20,70,130,110,20,0,-0.54187861,3.395243485,-2.19495047,-0.646478074,-0.159599337,0.246875097,21.57808884,1.875602511,0.367059808,23.82075116
20,70,140,110,20,0,-0.488450467,2.960491921,-2.802387142,-0.946595099,-0.16498963,0.174297997,1327.699459,1.917917431,0.497010775,1330.114388
20,70,150,110,20,0,-0.423307356,2.483929979,-3.295095681,-1.326565446,-0.170418393,0.128465877,50.92937878,1.96157661,0.599327371,53.49028276
20,70,160,110,20,0,-0.348857421,1.986640906,-3.677411721,-1.851070171,-0.17560165,0.094864934,11.30383795,2.004265309,0.68650181,13.99460507
20,70,170,110,20,0,-0.267362787,1.483734579,-3.958264152,-2.667771047,-0.180195832,0.067545464,4.890028827,2.042944632,0.766152226,7.699125686
20,70,180,110,20,0,-0.180870823,0.983888398,-4.148425746,-4.216358027,-0.183832661,0.04359987,2.66981517,2.074138574,0.843252905,5.587206649
20,70,190,110,20,0,-0.091203653,0.489880065,-4.257857205,-8.691631904,-0.186175474,0.021420083,1.618387065,2.09450753,0.921413654,4.634308249
20,70,200,110,20,0,-3.21E-17,1.72E-16,-4.293506195,-2.50E+16,-0.186985321,7.47E-18,1.02441844,2.101599098,1.003692821,4.129710359
20,70,210,110,20,0,0.091203653,-0.489880065,-4.257857205,8.691631904,-0.186175474,-0.021420083,0.649268498,2.09450753,1.093326622,3.83710265
20,70,220,110,20,0,0.180870823,-0.983888398,-4.148425746,4.216358027,-0.183832661,-0.04359987,0.395296784,2.074138574,1.194691988,3.664127345
20,70,230,110,20,0,0.267362787,-1.483734579,-3.958264152,2.667771047,-0.180195832,-0.067545464,0.217944513,2.042944632,1.314969968,3.575859113
20,70,240,110,20,0,0.348857421,-1.986640906,-3.677411721,1.851070171,-0.17560165,-0.094864934,0.096500072,2.004265309,1.467634578,3.568399958
20,70,250,110,20,0,0.423307356,-2.483929979,-3.295095681,1.326565446,-0.170418393,-0.128465877,0.023256046,1.96157661,1.681297898,3.666130554
20,70,260,110,20,0,0.488450467,-2.960491921,-2.802387142,0.946595099,-0.16498963,-0.174297997,0.000234073,1.917917431,2.027850247,3.946001751
20,70,270,110,20,0,0.54187861,-3.395243485,-2.19495047,0.646478074,-0.159599337,-0.246875097,0.041038023,1.875602511,2.747129598,4.663770132
20,70,280,110,20,0,0.58116251,-3.762565092,-1.475503657,0.392153656,-0.154459124,-0.393873988,0.18018959,1.83618488,5.296849833,7.313224302
20,70,290,110,20,0,0.604022774,-4.034576089,-0.655634044,0.162503824,-0.149711583,-0.921280368,0.501673114,1.800567291,595.7732856,598.075526
20,70,300,110,20,0,0.608530111,-4.183998532,0.24331471,-0.058153632,-0.145442238,2.501000086,1.235105465,1.769168538,0.182235031,3.186509035
20,70,310,110,20,0,0.593312876,-4.187279272,1.190460838,-0.284304141,-0.141694126,0.498389243,3.176762757,1.742085214,0.113307211,5.032155182
20,70,320,110,20,0,0.557747666,-4.027598851,2.146753097,-0.533010654,-0.138481434,0.259809881,10.69693796,1.719222645,0.347375666,12.76353627
20,70,330,110,20,0,0.502109223,-3.697399207,3.067396367,-0.829609192,-0.135800652,0.163692318,115.0382116,1.70038985,0.519137636,117.257739
20,70,340,110,20,0,0.427659288,-3.200110134,3.905111035,-1.220305199,-0.133638928,0.109512709,101.8171933,1.685363313,0.647120256,104.1496768
20,70,350,110,20,0,0.336659986,-2.550841509,4.613898196,-1.808774939,-0.13197997,0.072966496,12.14530456,1.673927294,0.749671648,14.5689035
20,70,360,110,20,0,0.232305089,-1.775924186,5.152915378,-2.901540178,-0.130807999,0.045082263,4.259743352,1.665897985,0.838267796,6.763909134
25,65,0,110,20,0,0.285467851,-1.629834609,5.106044719,-3.132860655,-0.175151423,0.055907824,3.80188909,2.000517698,0.80272539,6.605132177
25,65,10,110,20,0,0.145892956,-0.838992912,5.462071924,-6.51027183,-0.17389057,0.026710186,1.890883741,1.990062908,0.902146796,4.783093445
25,65,20,110,20,0,-5.16E-17,2.97E-16,5.583446425,1.88E+16,-0.173473732,-9.23E-18,1.02441844,1.986619579,1.003692821,4.01473084
25,65,30,110,20,0,-0.145892956,0.838992912,5.462071924,6.51027183,-0.17389057,-0.026710186,0.556267816,1.990062908,1.116680631,3.663011355
25,65,40,110,20,0,-0.285467851,1.629834609,5.106044719,3.132860655,-0.175151423,-0.055907824,0.279005039,2.000517698,1.255031591,3.534554327
25,65,50,110,20,0,-0.412825977,2.328569913,4.538875993,1.949211818,-0.177287345,-0.09095335,0.111548181,2.01836446,1.44468818,3.574600821
25,65,60,110,20,0,-0.522867158,2.899178598,3.797246412,1.309766295,-0.180350103,-0.137696399,0.021388219,2.044257445,1.745604929,3.811250593
25,65,70,110,20,0,-0.611593135,3.316453676,2.927545945,0.882733857,-0.184411783,-0.208909833,0.002514967,2.079153456,2.340904676,4.4225731
25,65,80,110,20,0,-0.676308013,3.567716454,1.981586951,0.555421648,-0.189563274,-0.341296158,0.074905882,2.124348131,4.153894768,6.353148782
25,65,90,110,20,0,-0.715700179,3.653201772,1.011967845,0.277008473,-0.195910389,-0.707236087,0.306943409,2.181511539,34.02724608,36.51570103
25,65,100,110,20,0,-0.729803183,3.585101711,0.067597545,0.018855126,-0.203565545,-10.79629717,0.904119596,2.25270482,1.445559106,4.602383522
25,65,110,110,20,0,-0.71984631,3.385411308,-0.810136261,-0.239302167,-0.212631862,0.888549674,2.614783627,2.340340024,0.003703747,4.958827398
25,65,120,110,20,0,-0.688017272,3.082856895,-1.590155678,-0.515805868,-0.223175222,0.432672902,9.724662136,2.447010385,0.158274097,12.32994662
25,65,130,110,20,0,-0.637168353,2.709290277,-2.253168608,-0.831645331,-0.235179065,0.282787693,118.1035733,2.575063067,0.314663958,120.9933003
25,65,140,110,20,0,-0.57050237,2.295987936,-2.791723213,-1.215913711,-0.248477948,0.204354919,105.5775824,2.725718485,0.438886042,108.7421869
25,65,150,110,20,0,-0.491275397,1.870297364,-3.208903316,-1.715718248,-0.262672346,0.1530976,14.48968048,2.897510085,0.5421425,17.92933307
25,65,160,110,20,0,-0.40254942,1.453022286,-3.515889041,-2.41970758,-0.27704284,0.114494347,5.860642491,3.083974212,0.634221908,9.578838612
25,65,170,110,20,0,-0.307020334,1.056841395,-3.728739732,-3.528192356,-0.290507483,0.082338902,3.251583006,3.271125823,0.721981194,7.244690022
25,65,180,110,20,0,-0.206936025,0.685923113,-3.864843957,-5.634514837,-0.301689827,0.053543177,2.084212566,3.436448106,0.810361296,6.331021969
25,65,190,110,20,0,-0.104107044,0.336748096,-3.939513791,-11.69869655,-0.309154069,0.026426369,1.437779043,3.552134102,0.903170288,5.893083434
25,65,200,110,20,0,-3.66E-17,1.17E-16,-3.963173903,-3.38E+16,-0.311783728,9.23E-18,1.02441844,3.593952805,1.003692821,5.622064067
25,65,210,110,20,0,0.104107044,-0.336748096,-3.939513791,11.69869655,-0.309154069,-0.026426369,0.730407999,3.552134102,1.115414937,5.397957038
25,65,220,110,20,0,0.206936025,-0.685923113,-3.864843957,5.634514837,-0.301689827,-0.053543177,0.505068536,3.436448106,1.243200867,5.184717509
25,65,230,110,20,0,0.307020334,-1.056841395,-3.728739732,3.528192356,-0.290507483,-0.082338902,0.325422597,3.271125823,1.395466249,4.992014669
25,65,240,110,20,0,0.40254942,-1.453022286,-3.515889041,2.41970758,-0.27704284,-0.114494347,0.182576963,3.083974212,1.588712131,4.855263307
25,65,250,110,20,0,0.491275397,-1.870297364,-3.208903316,1.715718248,-0.262672346,-0.1530976,0.076000654,2.897510085,1.858837527,4.832348266
25,65,260,110,20,0,0.57050237,-2.295987936,-2.791723213,1.215913711,-0.248477948,-0.204354919,0.012006322,2.725718485,2.296826085,5.034550891
25,65,270,110,20,0,0.637168353,-2.709290277,-2.253168608,0.831645331,-0.235179065,-0.282787693,0.006364667,2.575063067,3.205601195,5.787028929
25,65,280,110,20,0,0.688017272,-3.082856895,-1.590155678,0.515805868,-0.223175222,-0.432672902,0.094429965,2.447010385,6.386476246,8.927916595
25,65,290,110,20,0,0.71984631,-3.385411308,-0.810136261,0.239302167,-0.212631862,-0.888549674,0.362013822,2.340340024,287.2028115,289.9051653
25,65,300,110,20,0,0.729803183,-3.585101711,0.067597545,-0.018855126,-0.203565545,10.79629717,1.053290385,2.25270482,0.686595464,3.992590669
25,65,310,110,20,0,0.715700179,-3.653201772,1.011967845,-0.277008473,-0.195910389,0.707236087,3.077037187,2.181511539,0.03004289,5.288591616
25,65,320,110,20,0,0.676308013,-3.567716454,1.981586951,-0.555421648,-0.189563274,0.341296158,12.15574506,2.124348131,0.242989561,14.52308275
25,65,330,110,20,0,0.611593135,-3.316453676,2.927545945,-0.882733857,-0.184411783,0.208909833,257.3805942,2.079153456,0.43063494,259.8903826
25,65,340,110,20,0,0.522867158,-2.899178598,3.797246412,-1.309766295,-0.180350103,0.137696399,55.78022407,2.044257445,0.577270122,58.40175164
25,65,350,110,20,0,0.412825977,-2.328569913,4.538875993,-1.949211818,-0.177287345,0.09095335,9.729077111,2.01836446,0.697398132,12.4448397
25,65,360,110,20,0,0.285467851,-1.629834609,5.106044719,-3.132860655,-0.175151423,0.055907824,3.80188909,2.000517698,0.80272539,6.605132177
30,60,0,110,20,0,0.333296777,-1.434223331,5.020313976,-3.500371153,-0.232388339,0.066389628,3.283405002,2.544641514,0.769711118,6.597757634
30,60,10,110,20,0,0.170558929,-0.741179944,5.39252803,-7.275598957,-0.230118111,0.031628751,1.771109191,2.520188644,0.884590324,5.175888159
30,60,20,110,20,0,-6.03E-17,2.63E-16,5.519625168,2.10E+16,-0.229371453,-1.09E-17,1.02441844,2.512203458,1.003692821,4.540314719
30,60,30,110,20,0,-0.170558929,0.741179944,5.39252803,7.275598957,-0.230118111,-0.031628751,0.593610513,2.520188644,1.138848215,4.252647372
30,60,40,110,20,0,-0.333296777,1.434223331,5.020313976,3.500371153,-0.232388339,-0.066389628,0.322314848,2.544641514,1.308886972,4.175843334
30,60,50,110,20,0,-0.480948374,2.035545898,4.429310203,2.175981493,-0.236274885,-0.108583132,0.146236638,2.587119091,1.551180347,4.284536076
30,60,60,110,20,0,-0.607305089,2.510156988,3.66048245,1.458268334,-0.241939086,-0.165908483,0.039423989,2.650447608,1.959056859,4.648928456
30,60,70,110,20,0,-0.707611214,2.834739378,2.765415131,0.975544754,-0.249621259,-0.255878839,5.92E-08,2.739123766,2.854677378,5.593801202
30,60,80,110,20,0,-0.778818999,2.999430797,1.801339732,0.600560524,-0.259655598,-0.432355421,0.056371419,2.860003729,6.376514663,9.29288981
30,60,90,110,20,0,-0.819681254,3.008123585,0.825773167,0.274514375,-0.272489221,-0.992622776,0.310348774,3.02345774,72957.54468,72960.87848
30,60,100,110,20,0,-0.830678711,2.877273389,-0.108634078,-0.037755911,-0.288703435,7.646575765,1.137079124,3.245315171,0.588058696,4.97045299
30,60,110,110,20,0,-0.813797681,2.633382518,-0.958472852,-0.363970234,-0.309031322,0.84905658,4.547007517,3.550195827,0.006968472,8.104171816
30,60,120,110,20,0,-0.772189821,2.309477651,-1.692705654,-0.732938746,-0.334356914,0.456186709,41.94871867,3.977321528,0.140846307,46.06688651
30,60,130,110,20,0,-0.709758098,1.941016654,-2.294238771,-1.181977891,-0.365663065,0.309365401,144.0595664,4.590767624,0.280160826,148.9304949
30,60,140,110,20,0,-0.630719932,1.561721519,-2.759812584,-1.767160502,-0.403861972,0.228537233,13.09826099,5.497321972,0.396644258,18.99222722
30,60,150,110,20,0,-0.539199169,1.19983671,-3.098289259,-2.582259096,-0.449393792,0.174031255,5.180863692,6.875246836,0.497556527,12.55366705
30,60,160,110,20,0,-0.438893044,0.87525432,-3.327608322,-3.80187592,-0.501446304,0.131894442,2.978879473,9.007880484,0.591044102,12.57780406
30,60,170,110,20,0,-0.332849307,0.59783662,-3.470837351,-5.805662007,-0.556756305,0.095898849,2.040073273,12.26330114,0.683648935,14.98702335
30,60,180,110,20,0,-0.223373622,0.367116401,-3.551848372,-9.674992351,-0.608454489,0.062889403,1.544261878,16.79091715,0.780586434,19.11576546
30,60,190,110,20,0,-0.11207004,0.173384206,-3.591188298,-20.712315,-0.646368214,0.031206952,1.240093828,21.57889872,0.886082607,23.70507515
30,60,200,110,20,0,-3.94E-17,5.96E-17,-3.602679465,-6.05E+16,-0.660448776,1.09E-17,1.02441844,23.81280537,1.003692821,25.84091663
30,60,210,110,20,0,0.11207004,-0.173384206,-3.591188298,20.712315,-0.646368214,-0.031206952,0.846440409,21.57889872,1.136929796,23.56226892
30,60,220,110,20,0,0.223373622,-0.367116401,-3.551848372,9.674992351,-0.608454489,-0.062889403,0.68026505,16.79091715,1.290642588,18.76182479
30,60,230,110,20,0,0.332849307,-0.59783662,-3.470837351,5.805662007,-0.556756305,-0.095898849,0.515901205,12.26330114,1.473763386,14.25296573
30,60,240,110,20,0,0.438893044,-0.87525432,-3.327608322,3.80187592,-0.501446304,-0.131894442,0.354777115,9.007880484,1.704883829,11.06754143
30,60,250,110,20,0,0.539199169,-1.19983671,-3.098289259,2.582259096,-0.449393792,-0.174031255,0.205960467,6.875246836,2.025623027,9.10683033
30,60,260,110,20,0,0.630719932,-1.561721519,-2.759812584,1.767160502,-0.403861972,-0.228537233,0.083736749,5.497321972,2.541863865,8.122922586
30,60,270,110,20,0,0.709758098,-1.941016654,-2.294238771,1.181977891,-0.365663065,-0.309365401,0.00912713,4.590767624,3.601386982,8.201281735
30,60,280,110,20,0,0.772189821,-2.309477651,-1.692705654,0.732938746,-0.334356914,-0.456186709,0.020156418,3.977321528,7.180135845,11.17761379
30,60,290,110,20,0,0.813797681,-2.633382518,-0.958472852,0.363970234,-0.309031322,-0.84905658,0.206272273,3.550195827,150.107647,153.8641151
30,60,300,110,20,0,0.830678711,-2.877273389,-0.108634078,0.037755911,-0.288703435,-7.646575765,0.837407799,3.245315171,1.687562377,5.770285347
30,60,310,110,20,0,0.819681254,-3.008123585,0.825773167,-0.274514375,-0.272489221,0.992622776,3.043763648,3.02345774,3.08E-05,6.067252158
30,60,320,110,20,0,0.778818999,-2.999430797,1.801339732,-0.600560524,-0.259655598,0.432355421,15.95907263,2.860003729,0.158520391,18.97759675
30,60,330,110,20,0,0.707611214,-2.834739378,2.765415131,-0.975544754,-0.249621259,0.255878839,6523.778319,2.739123766,0.353257889,6526.870701
30,60,340,110,20,0,0.607305089,-2.510156988,3.66048245,-1.458268334,-0.241939086,0.165908483,28.90557876,2.650447608,0.514440697,32.07046706
30,60,350,110,20,0,0.480948374,-2.035545898,4.429310203,-2.175981493,-0.236274885,0.108583132,7.359515081,2.587119091,0.649554394,10.59618857
30,60,360,110,20,0,0.333296777,-1.434223331,5.020313976,-3.500371153,-0.232388339,0.066389628,3.283405002,2.544641514,0.769711118,6.597757634
35,55,0,110,20,0,0.374338609,-1.195033904,4.896375613,-4.097269205,-0.313245179,0.076452184,2.748518676,3.617438939,0.739255991,7.105213607
35,55,10,110,20,0,0.191819711,-0.620846599,5.281943742,-8.507647065,-0.308964744,0.036316121,1.634640577,3.549145013,0.868172509,6.051958099
35,55,20,110,20,0,-6.78E-17,2.21E-16,5.413796231,2.45E+16,-0.307566798,-1.25E-17,1.02441844,3.527163363,1.003692821,5.555274624
35,55,30,110,20,0,-0.191819711,0.620846599,5.281943742,8.507647065,-0.308964744,-0.036316121,0.642848917,3.549145013,1.160390163,5.352384093
35,55,40,110,20,0,-0.374338609,1.195033904,4.896375613,4.097269205,-0.313245179,-0.076452184,0.384113153,3.617438939,1.362838283,5.364390375
35,55,50,110,20,0,-0.538957313,1.680672851,4.286034687,2.550189756,-0.32067949,-0.125747306,0.201408348,3.739688829,1.662843283,5.60394046
35,55,60,110,20,0,-0.678407476,2.044865528,3.495860007,1.709579412,-0.331761413,-0.194060253,0.07508348,3.930909433,2.200534296,6.206527208
35,55,70,110,20,0,-0.787245999,2.266892959,2.582237837,1.139108853,-0.347279741,-0.304869671,0.005954715,4.218130998,3.530652325,7.754738038
35,55,80,110,20,0,-0.862165878,2.340008954,1.60738323,0.686913282,-0.368445547,-0.536378545,0.030089001,4.650486244,10.99392562,15.67450087
35,55,90,110,20,0,-0.902096687,2.271645084,0.633293856,0.278782042,-0.397111632,-1.424451981,0.304541289,5.322585126,32.60539634,38.23252276
35,55,100,110,20,0,-0.908091641,2.082020571,-0.284038931,-0.136424651,-0.436158823,3.197067524,1.699940098,6.435391175,0.27210005,8.407431324
35,55,110,110,20,0,-0.883022222,1.801339732,-1.099514885,-0.610387294,-0.490203045,0.803101653,16.98401938,8.484634869,0.012330884,25.48098513
35,55,120,110,20,0,-0.831122619,1.465926097,-1.782373118,-1.215868331,-0.56696079,0.466301141,105.617603,13.01931325,0.133825008,118.7707412
35,55,130,110,20,0,-0.757442244,1.113766224,-2.317848392,-2.081090576,-0.680072916,0.326786793,8.191727089,27.46948136,0.259331392,35.92053984
35,55,140,110,20,0,-0.667273474,0.780002984,-2.706898116,-3.470368921,-0.855475539,0.246508529,3.318704789,164.5626378,0.367631593,168.2489742
35,55,150,110,20,0,-0.565622533,0.492919625,-2.96409535,-6.013344163,-1.147494448,0.190824675,1.991121064,212.2884926,0.464242007,214.7438557
35,55,160,110,20,0,-0.45678401,0.270892194,-3.114002495,-11.49535707,-1.686220648,0.146687105,1.446477758,15.40409691,0.556515504,17.40709018
35,55,170,110,20,0,-0.344064908,0.120666882,-3.186519802,-26.40757562,-2.851361564,0.107975136,1.189958662,4.370511719,0.651151144,6.211621525
35,55,180,110,20,0,-0.229684165,0.037155043,-3.211821076,-86.44374528,-6.18177631,0.07151213,1.072348886,1.949538933,0.75405918,3.775946999
35,55,190,110,20,0,-0.114850689,0.004752125,-3.215531693,-676.6513051,-24.1682794,0.03571748,1.030419261,1.202566215,0.870252475,3.103237951
35,55,200,110,20,0,-4.03E-17,3.45E-32,-3.21476646,-9.31E+31,-1.16639E+15,1.25E-17,1.02441844,1.020687652,1.003692821,3.048798913
35,55,210,110,20,0,0.114850689,-0.004752125,-3.215531693,676.6513051,-24.1682794,-0.03571748,1.018452777,1.202566215,1.157616012,3.378635003
35,55,220,110,20,0,0.229684165,-0.037155043,-3.211821076,86.44374528,-6.18177631,-0.07151213,0.978642741,1.949538933,1.336069429,4.264251103
35,55,230,110,20,0,0.344064908,-0.120666882,-3.186519802,26.40757562,-2.851361564,-0.107975136,0.882027251,4.370511719,1.547373483,6.799912453
35,55,240,110,20,0,0.45678401,-0.270892194,-3.114002495,11.49535707,-1.686220648,-0.146687105,0.726033736,15.40409691,1.810776198,17.94090685
35,55,250,110,20,0,0.565622533,-0.492919625,-2.96409535,6.013344163,-1.147494448,-0.190824675,0.528477997,212.2884926,2.171193246,214.9881638
35,55,260,110,20,0,0.667273474,-0.780002984,-2.706898116,3.470368921,-0.855475539,-0.246508529,0.318937158,164.5626378,2.74284866,167.6244237
35,55,270,110,20,0,0.757442244,-1.113766224,-2.317848392,2.081090576,-0.680072916,-0.326786793,0.131779729,27.46948136,3.891433842,31.49269493
35,55,280,110,20,0,0.831122619,-1.465926097,-1.782373118,1.215868331,-0.56696079,-0.466301141,0.012002272,13.01931325,7.558520549,20.58983607
35,55,290,110,20,0,0.883022222,-1.801339732,-1.099514885,0.610387294,-0.490203045,-0.803101653,0.052808815,8.484634869,83.89406405,92.43150774
35,55,300,110,20,0,0.908091641,-2.082020571,-0.284038931,0.136424651,-0.436158823,-3.197067524,0.559159855,6.435391175,3.642217986,10.63676902
35,55,310,110,20,0,0.902096687,-2.271645084,0.633293856,-0.278782042,-0.397111632,1.424451981,3.100949193,5.322585126,0.030007455,8.453541774
35,55,320,110,20,0,0.862165878,-2.340008954,1.60738323,-0.686913282,-0.368445547,0.536378545,28.89998845,4.650486244,0.092177347,33.64265204
35,55,330,110,20,0,0.787245999,-2.266892959,2.582237837,-1.139108853,-0.347279741,0.304869671,236.8325803,4.218130998,0.285759558,241.3364708
35,55,340,110,20,0,0.678407476,-2.044865528,3.495860007,-1.709579412,-0.331761413,0.194060253,14.67431344,3.930909433,0.458061031,19.0632839
35,55,350,110,20,0,0.538957313,-1.680672851,4.286034687,-2.550189756,-0.32067949,0.125747306,5.300586296,3.739688829,0.605972482,9.646247607
35,55,360,110,20,0,0.374338609,-1.195033904,4.896375613,-4.097269205,-0.313245179,0.076452184,2.748518676,3.617438939,0.739255991,7.105213607
40,50,0,110,20,0,0.40734631,-0.919533976,4.735172874,-5.149535524,-0.442992125,0.086025647,2.232386324,6.658064905,0.711360408,9.601811637
40,50,10,110,20,0,0.209029303,-0.481649143,5.131160673,-10.65331631,-0.433986659,0.040737236,1.486737043,6.366511723,0.852961902,8.706210668
40,50,20,110,20,0,-7.40E-17,1.72E-16,5.266765035,3.07E+16,-0.431077323,-1.40E-17,1.02441844,6.275652936,1.003692821,8.303764197
40,50,30,110,20,0,-0.209029303,0.481649143,5.131160673,10.65331631,-0.433986659,-0.040737236,0.706458101,6.366511723,1.181088978,8.254058802
40,50,40,110,20,0,-0.40734631,0.919533976,4.735172874,5.149535524,-0.442992125,-0.086025647,0.471842283,6.658064905,1.416314016,8.546221204
40,50,50,110,20,0,-0.585090223,1.274733409,4.11013986,3.224313279,-0.458990263,-0.142352874,0.290182445,7.217283643,1.779038761,9.286504848
40,50,60,110,20,0,-0.73401391,1.517441863,3.304631958,2.177765118,-0.483717978,-0.222116689,0.146507091,8.199980735,2.474091241,10.82057907
40,50,70,110,20,0,-0.848077827,1.630168144,2.379408155,1.459609037,-0.52023948,-0.356423855,0.039600293,9.975842068,4.44990626,14.46534862
40,50,80,110,20,0,-0.923816199,1.609487122,1.401193571,0.870583897,-0.573981728,-0.659306622,0.003254621,13.57438661,23.7385852,37.31622642
40,50,90,110,20,0,-0.960442329,1.466143798,0.435994796,0.297375194,-0.65508058,-2.20287567,0.280305144,22.92652306,7.080056306,30.28688451
40,50,100,110,20,0,-0.959689821,1.223506611,-0.457282075,-0.373747123,-0.78437649,2.098682352,4.758778711,68.3124656,0.124411158,73.19565547
40,50,110,110,20,0,-0.925416578,0.914564151,-1.232188947,-1.347296355,-1.011866229,0.751034637,45.84516897,28749.17972,0.020743653,28795.04563
40,50,120,110,20,0,-0.863025021,0.577833121,-1.858475646,-3.216284388,-1.493554089,0.464372521,3.665489641,25.6292266,0.135142553,29.42985879
40,50,130,110,20,0,-0.77877193,0.25267457,-2.323817788,-9.196880366,-3.082114404,0.335126073,1.577864711,3.884261101,0.249830613,5.711956425
40,50,140,110,20,0,-0.679052333,-0.025415546,-2.633382518,103.6130598,26.71799082,0.257863158,0.986083779,0.880098353,0.350277881,2.216460013
40,50,150,110,20,0,-0.569742628,-0.228974574,-2.807342885,12.26050055,2.488235348,0.202947289,0.74185787,0.190912252,0.441464498,1.37423462
40,50,160,110,20,0,-0.455678711,-0.341700855,-2.876697228,8.418759239,1.333560347,0.158403431,0.639669467,0.023479863,0.530506735,1.193656064
40,50,170,110,20,0,-0.340326356,-0.360169259,-2.877950913,7.990551227,0.944906728,0.118253009,0.623594208,0.0003253,0.62465111,1.248570618
40,50,180,110,20,0,-0.225675911,-0.293935252,-2.847349883,9.686996923,0.767774228,0.07925823,0.680612249,0.014659233,0.730972558,1.42624404
40,50,190,110,20,0,-0.112364502,-0.164024347,-2.815402951,17.16454298,0.685047704,0.039910629,0.81365987,0.031194322,0.855785779,1.700639971
40,50,200,110,20,0,-3.94E-17,-5.96E-17,-2.802387142,4.70E+16,0.660448776,1.40E-17,1.02441844,0.037714716,1.003692821,2.065825978
40,50,210,110,20,0,0.112364502,0.164024347,-2.815402951,-17.16454298,0.685047704,-0.039910629,1.290185158,0.031194322,1.177190524,2.498570004
40,50,220,110,20,0,0.225675911,0.293935252,-2.847349883,-9.686996923,0.767774228,-0.07925823,1.543470156,0.014659233,1.378291026,2.936420414
40,50,230,110,20,0,0.340326356,0.360169259,-2.877950913,-7.990551227,0.944906728,-0.118253009,1.685416855,0.0003253,1.613075429,3.298817584
40,50,240,110,20,0,0.455678711,0.341700855,-2.876697228,-8.418759239,1.333560347,-0.158403431,1.642812421,0.023479863,1.899656454,3.565948738
40,50,250,110,20,0,0.569742628,0.228974574,-2.807342885,-12.26050055,2.488235348,-0.202947289,1.415499309,0.190912252,2.283390099,3.889801659
40,50,260,110,20,0,0.679052333,0.025415546,-2.633382518,-103.6130598,26.71799082,-0.257863158,1.064252783,0.880098353,2.87901314,4.823364275
40,50,270,110,20,0,0.77877193,-0.25267457,-2.323817788,9.196880366,-3.082114404,-0.335126073,0.665851372,3.884261101,4.039833845,8.589946318
40,50,280,110,20,0,0.863025021,-0.577833121,-1.858475646,3.216284388,-1.493554089,-0.464372521,0.289211931,25.6292266,7.484509096,33.40294763
40,50,290,110,20,0,0.925416578,-0.914564151,-1.232188947,1.347296355,-1.011866229,-0.751034637,0.025629285,28749.17972,49.49250092,28798.69785
40,50,300,110,20,0,0.959689821,-1.223506611,-0.457282075,0.373747123,-0.78437649,-2.098682352,0.196902026,68.3124656,7.944041752,76.45340937
40,50,310,110,20,0,0.960442329,-1.466143798,0.435994796,-0.297375194,-0.65508058,2.20287567,3.364780499,22.92652306,0.139663978,26.43096753
40,50,320,110,20,0,0.923816199,-1.609487122,1.401193571,-0.870583897,-0.573981728,0.659306622,208.5682391,13.57438661,0.042918351,222.1855441
40,50,330,110,20,0,0.848077827,-1.630168144,2.379408155,-1.459609037,-0.52023948,0.356423855,28.76884988,9.975842068,0.22687129,38.97156324
40,50,340,110,20,0,0.73401391,-1.517441863,3.304631958,-2.177765118,-0.483717978,0.222116689,7.345547454,8.199980735,0.407490275,15.95301846
40,50,350,110,20,0,0.585090223,-1.274733409,4.11013986,-3.224313279,-0.458990263,0.142352874,3.65302756,7.217283643,0.566432667,11.43674387
40,50,360,110,20,0,0.40734631,-0.919533976,4.735172874,-5.149535524,-0.442992125,0.086025647,2.232386324,6.658064905,0.711360408,9.601811637
45,45,0,110,20,0,0.43131696,-0.616094473,4.537932611,-7.36564408,-0.700082501,0.095047017,1.759130506,32.01533656,0.685998567,34.46046563
45,45,10,110,20,0,0.2216648,-0.327817022,4.941326373,-15.07342828,-0.676184534,0.044859372,1.332286987,26.68824176,0.839015505,28.85954425
45,45,20,110,20,0,-7.85E-17,1.17E-16,5.079650578,4.33E+16,-0.668622362,-1.55E-17,1.02441844,25.25182493,1.003692821,27.27993619
45,45,30,110,20,0,-0.2216648,0.327817022,4.941326373,15.07342828,-0.676184534,-0.044859372,0.788023046,26.68824176,1.200727687,28.6769925
45,45,40,110,20,0,-0.43131696,0.616094473,4.537932611,7.36564408,-0.700082501,-0.095047017,0.59762569,32.01533656,1.468711983,34.08167423
45,45,50,110,20,0,-0.617945377,0.830061839,3.902964386,4.70201641,-0.744457037,-0.158327188,0.437426774,46.46033336,1.899063099,48.79682323
45,45,60,110,20,0,-0.772434818,0.943911496,3.088253665,3.271761896,-0.818333945,-0.250120263,0.295875831,99.97841133,2.785357536,103.0596447
45,45,70,110,20,0,-0.888258355,0.943911496,2.15846974,2.286728946,-0.941039874,-0.411522264,0.162915437,1083.129917,5.762131274,1089.054964
45,45,80,110,20,0,-0.961896748,0.830061839,1.184339983,1.426809338,-1.158825407,-0.812179578,0.035347088,185.0343892,93.12856114,278.1982974
45,45,90,110,20,0,-0.992945377,0.616094473,0.235377553,0.382047825,-1.611677137,-4.218521957,0.189218336,18.31831163,2.622969863,21.13049983
45,45,100,110,20,0,-0.983905468,0.327817022,-0.627045027,-1.912789711,-3.001386142,1.569114537,10.2606232,4.038485262,0.048257966,14.34736643
45,45,110,110,20,0,-0.939692621,3.22E-16,-1.355485306,-4.2031E+15,-2.91381E+15,0.693251794,1.02441844,1.020687652,0.033490445,2.078596537
45,45,120,110,20,0,-0.866927689,-0.327817022,-1.920434053,5.858249947,2.644547508,0.451422785,0.519143305,0.213006162,0.144250287,0.876399754
45,45,130,110,20,0,-0.773099066,-0.616094473,-2.312101527,3.752836012,1.254838502,0.334370726,0.349676129,0.015205206,0.25067901,0.615560345
45,45,140,110,20,0,-0.665698615,-0.830061839,-2.539825289,3.0598025,0.801986773,0.262104097,0.269881063,0.009919201,0.34398231,0.623782573
45,45,150,110,20,0,-0.551434266,-0.943911496,-2.629224846,2.785456961,0.58420124,0.209732639,0.234060297,0.063592229,0.429159382,0.726811908
45,45,160,110,20,0,-0.435610729,-0.943911496,-2.617498558,2.773033881,0.461495311,0.166422529,0.23238009,0.128286165,0.513356819,0.874023074
45,45,170,110,20,0,-0.321747244,-0.830061839,-2.54747908,3.069023248,0.387618403,0.12630025,0.2710422,0.185784767,0.604615328,1.061442295
45,45,180,110,20,0,-0.21147065,-0.616094473,-2.461208638,3.994855893,0.343243867,0.085921464,0.374205801,0.229098198,0.711658471,1.31496247
45,45,190,110,20,0,-0.104687022,-0.327817022,-2.393847293,7.302388622,0.3193459,0.043731704,0.594812764,0.255643308,0.842808389,1.693264462
45,45,200,110,20,0,-3.66E-17,-1.17E-16,-2.368679965,2.02E+16,0.311783728,1.55E-17,1.02441844,0.264556636,1.003692821,2.292667897
45,45,210,110,20,0,0.104687022,0.327817022,-2.393847293,-7.302388622,0.3193459,-0.043731704,1.767505326,0.255643308,1.195322299,3.218470933
45,45,220,110,20,0,0.21147065,0.616094473,-2.461208638,-3.994855893,0.343243867,-0.085921464,2.822223096,0.229098198,1.415720444,4.467041737
45,45,230,110,20,0,0.321747244,0.830061839,-2.54747908,-3.069023248,0.387618403,-0.12630025,3.915551602,0.185784767,1.666579323,5.767915692
45,45,240,110,20,0,0.435610729,0.943911496,-2.617498558,-2.773033881,0.461495311,-0.166422529,4.580223245,0.128286165,1.963198338,6.671707747
45,45,250,110,20,0,0.551434266,0.943911496,-2.629224846,-2.785456961,0.58420124,-0.209732639,4.546690501,0.063592229,2.348966304,6.959249034
45,45,260,110,20,0,0.665698615,0.830061839,-2.539825289,-3.0598025,0.801986773,-0.262104097,3.932695369,0.009919201,2.931814178,6.874428748
45,45,270,110,20,0,0.773099066,0.616094473,-2.312101527,-3.752836012,1.254838502,-0.334370726,3.022935342,0.015205206,4.026123523,7.064264071
45,45,280,110,20,0,0.866927689,0.327817022,-1.920434053,-5.858249947,2.644547508,-0.451422785,2.027224829,0.213006162,7.00999539,9.250226381
45,45,290,110,20,0,0.939692621,-8.77E-17,-1.355485306,1.54E+16,-1.07E+16,-0.693251794,1.02441844,1.020687652,30.49083016,32.53593625
45,45,300,110,20,0,0.983905468,-0.327817022,-0.627045027,1.912789711,-3.001386142,-1.569114537,0.105955852,4.038485262,20.36163085,24.50607196
45,45,310,110,20,0,0.992945377,-0.616094473,0.235377553,-0.382047825,-1.611677137,4.218521957,4.947781103,18.31831163,0.378108173,23.6442009
45,45,320,110,20,0,0.961896748,-0.830061839,1.184339983,-1.426809338,-1.158825407,0.812179578,32.46798658,185.0343892,0.011127737,217.5135035
45,45,330,110,20,0,0.888258355,-0.943911496,2.15846974,-2.286728946,-0.941039874,0.411522264,6.586739997,1083.129917,0.175355499,1089.892013
45,45,340,110,20,0,0.772434818,-0.943911496,3.088253665,-3.271761896,-0.818333945,0.250120263,3.581592346,99.97841133,0.362031804,103.9220355
45,45,350,110,20,0,0.617945377,-0.830061839,3.902964386,-4.70201641,-0.744457037,0.158327188,2.409888954,46.46033336,0.530672291,49.4008946
45,45,360,110,20,0,0.43131696,-0.616094473,4.537932611,-7.36564408,-0.700082501,0.095047017,1.759130506,32.01533656,0.685998567,34.46046563
50,40,0,110,20,0,0.445522222,-0.293935252,4.30615594,-14.6500153,-1.515715513,0.103461702,1.342482721,23.89643488,0.663121388,25.90203899
50,40,10,110,20,0,0.229342281,-0.164024347,4.713885595,-28.73893836,-1.398220965,0.048652492,1.175568564,36.39260245,0.826379564,38.39455058
50,40,20,110,20,0,-8.12E-17,5.96E-17,4.853876912,8.14E+16,-1.363283683,-1.67E-17,1.02441844,42.45343891,1.003692821,44.48155017
50,40,30,110,20,0,-0.229342281,0.164024347,4.713885595,28.73893836,-1.398220965,-0.048652492,0.892805183,36.39260245,1.219094067,38.5045017
50,40,40,110,20,0,-0.445522222,0.293935252,4.30615594,14.6500153,-1.515715513,-0.103461702,0.782057557,23.89643488,1.51941948,26.19791192
50,40,50,110,20,0,-0.636524489,0.360169259,3.666084997,10.17878375,-1.767292663,-0.173625131,0.694264307,13.08166339,2.022237113,15.79816481
50,40,60,110,20,0,-0.792502799,0.341700855,2.848371896,8.335864124,-2.319288314,-0.278230101,0.636657111,6.381988241,3.142858543,10.16150389
50,40,70,110,20,0,-0.906566716,0.228974574,1.921104066,8.390032292,-3.959246227,-0.471898807,0.638630767,2.843063572,7.778508026,11.26020237
50,40,80,110,20,0,-0.975250465,0.025415546,0.958472852,37.71206965,-38.37220157,-1.017504527,0.922506674,1.131684456,13283.55744,13285.61163
50,40,90,110,20,0,-0.998618241,-0.25267457,0.032968945,-0.130479869,3.95219132,-30.28966341,1.65890195,0.367756444,1.137291642,3.163950036
50,40,100,110,20,0,-0.980002799,-0.577833121,-0.792035788,1.370699877,1.695996238,1.237321362,0.028393213,0.072065444,0.01086372,0.111322377
50,40,110,110,20,0,-0.925416578,-0.914564151,-1.468465604,1.605645272,1.011866229,0.630192887,0.059815167,0.000262084,0.052300669,0.112377919
50,40,120,110,20,0,-0.842712043,-1.223506611,-1.967776796,1.608309083,0.68876787,0.42825591,0.060199219,0.03027757,0.161727828,0.252204618
50,40,130,110,20,0,-0.740596019,-1.466143798,-2.282788777,1.557001967,0.505131912,0.324425994,0.05288601,0.101439901,0.262075252,0.416401163
50,40,140,110,20,0,-0.627618067,-1.609487122,-2.426938456,1.507895542,0.389949107,0.258604855,0.046076427,0.183707157,0.349169661,0.578953245
50,40,150,110,20,0,-0.511253738,-1.630168144,-2.431096819,1.491316602,0.313620248,0.210297564,0.043826255,0.26236846,0.428148915,0.734343629
50,40,160,110,20,0,-0.397189821,-1.517441863,-2.338379144,1.541000812,0.261749614,0.169856895,0.050644865,0.330406157,0.506168962,0.887219984
50,40,170,110,20,0,-0.28889209,-1.274733409,-2.197619393,1.723983522,0.226629417,0.131456835,0.077237721,0.384639877,0.592095347,1.053972945
50,40,180,110,20,0,-0.1875,-0.919533976,-2.056336108,2.236280727,0.203907637,0.091181592,0.155348093,0.423756908,0.696757818,1.275862819
50,40,190,110,20,0,-0.092051524,-0.481649143,-1.954073011,4.057046585,0.191117384,0.047107515,0.380254545,0.447299807,0.831503698,1.65905805
50,40,200,110,20,0,-3.21E-17,-1.72E-16,-1.916945704,1.12E+16,0.186985321,1.67E-17,1.02441844,0.455152525,1.003692821,2.483263786
50,40,210,110,20,0,0.092051524,0.481649143,-1.954073011,-4.057046585,0.191117384,-0.047107515,2.776761628,0.447299807,1.211578763,4.435640198
50,40,220,110,20,0,0.1875,0.919533976,-2.056336108,-2.236280727,0.203907637,-0.091181592,6.916327342,0.423756908,1.446016734,8.786100984
50,40,230,110,20,0,0.28889209,1.274733409,-2.197619393,-1.723983522,0.226629417,-0.131456835,14.24782708,0.384639877,1.701853882,16.33432084
50,40,240,110,20,0,0.397189821,1.517441863,-2.338379144,-1.541000812,0.261749614,-0.169856895,22.1745652,0.330406157,1.991112551,24.49608391
50,40,250,110,20,0,0.511253738,1.630168144,-2.431096819,-1.491316602,0.313620248,-0.210297564,25.83516598,0.26236846,2.35451905,28.45205349
50,40,260,110,20,0,0.627618067,1.609487122,-2.426938456,-1.507895542,0.389949107,-0.258604855,24.50203644,0.183707157,2.888169423,27.57391302
50,40,270,110,20,0,0.740596019,1.466143798,-2.282788777,-1.557001967,0.505131912,-0.324425994,21.1856498,0.101439901,3.850582722,25.13767242
50,40,280,110,20,0,0.842712043,1.223506611,-1.967776796,-1.608309083,0.68876787,-0.42825591,18.48946576,0.03027757,6.249566134,24.76930946
50,40,290,110,20,0,0.925416578,0.914564151,-1.468465604,-1.605645272,1.011866229,-0.630192887,18.61403554,0.000262084,19.44871307,38.06301069
50,40,300,110,20,0,0.980002799,0.577833121,-0.792035788,-1.370699877,1.695996238,-1.237321362,41.05395018,0.072065444,88.84093027,129.9669459
50,40,310,110,20,0,0.998618241,0.25267457,0.032968945,0.130479869,3.95219132,30.28966341,0.573086281,0.367756444,0.872797686,1.81364041
50,40,320,110,20,0,0.975250465,-0.025415546,0.958472852,-37.71206965,-38.37220157,1.017504527,1.13766453,1.131684456,4.67E-05,2.269395657
50,40,330,110,20,0,0.906566716,-0.228974574,1.921104066,-8.390032292,-3.959246227,0.471898807,1.645499889,2.843063572,0.130056717,4.618620178
50,40,340,110,20,0,0.792502799,-0.341700855,2.848371896,-8.335864124,-2.319288314,0.278230101,1.650630789,6.381988241,0.320931566,8.353550596
50,40,350,110,20,0,0.636524489,-0.360169259,3.666084997,-10.17878375,-1.767292663,0.173625131,1.512972267,13.08166339,0.498388506,15.09302416
50,40,360,110,20,0,0.445522222,-0.293935252,4.30615594,-14.6500153,-1.515715513,0.103461702,1.342482721,23.89643488,0.663121388,25.90203899
55,35,0,110,20,0,0.449530475,0.037155043,4.041606823,108.7768037,12.09877418,0.111225682,0.987870603,0.735486048,0.64265735,2.366014001
55,35,10,110,20,0,0.231828467,0.004752125,4.450569302,936.5429464,48.7841669,0.052089621,1.020104744,0.941127886,0.815090177,2.776322807
55,35,20,110,20,0,-8.22E-17,1.73E-32,4.591162312,2.66E+32,-4.75797E+15,-1.79E-17,1.02441844,1.020687652,1.003692821,3.048798913
55,35,30,110,20,0,-0.231828467,-0.004752125,4.450569302,-936.5429464,48.7841669,-0.052089621,1.028750489,0.941127886,1.235985425,3.2058638
55,35,40,110,20,0,-0.449530475,-0.037155043,4.041606823,-108.7768037,12.09877418,-0.111225682,1.062326932,0.735486048,1.567841442,3.365654422
55,35,50,110,20,0,-0.640263041,-0.120666882,3.401304487,-28.18755603,5.306037849,-0.188240436,1.17874156,0.480435458,2.148066702,3.80724372
55,35,60,110,20,0,-0.793608099,-0.270892194,2.586812298,-9.549231606,2.929608596,-0.306789982,1.55270225,0.251336114,3.560668009,5.364706373
55,35,70,110,20,0,-0.902446622,-0.492919625,1.669117631,-3.386186198,1.830819014,-0.540672871,3.423584716,0.092283237,11.26300417,14.77887213
55,35,80,110,20,0,-0.963471606,-0.780002984,0.725311164,-0.92988255,1.235215282,-1.328356234,756.8790234,0.013345442,50.25535326,807.1477221
55,35,90,110,20,0,-0.977288554,-1.113766224,-0.169690577,0.152357446,0.877462912,5.759238784,0.523361105,0.003022416,0.493174703,1.019558224
55,35,100,110,20,0,-0.948100397,-1.465926097,-0.950998678,0.648735758,0.646758659,0.996952382,0.040366868,0.041704246,1.14E-05,0.082082476
55,35,110,110,20,0,-0.883022222,-1.801339732,-1.570269992,0.871723398,0.490203045,0.562337831,0.003180776,0.110096625,0.079511351,0.192788751
55,35,120,110,20,0,-0.791113862,-2.082020571,-2.00014357,0.96067426,0.379974085,0.395528538,6.28E-05,0.192731276,0.189219322,0.38201335
55,35,130,110,20,0,-0.682250377,-2.271645084,-2.236102626,0.984353868,0.300333173,0.305106916,1.81E-05,0.278548009,0.285461753,0.564027831
55,35,140,110,20,0,-0.565967746,-2.340008954,-2.295581156,0.981013834,0.241865633,0.246546607,6.51E-06,0.360227214,0.367572162,0.727805886
55,35,150,110,20,0,-0.45042191,-2.266892959,-2.214466676,0.976873066,0.198695712,0.203399724,1.91E-07,0.433213121,0.440634259,0.873847571
55,35,160,110,20,0,-0.341583387,-2.044865528,-2.041463253,0.998336186,0.167044425,0.167322819,0.000127757,0.494827756,0.511463584,1.006419097
55,35,170,110,20,0,-0.242759181,-1.680672851,-1.831034495,1.089465148,0.144441662,0.132580342,0.003019814,0.543590924,0.589399907,1.136010645
55,35,180,110,20,0,-0.154492298,-1.195033904,-1.63581362,1.368842854,0.12927859,0.094443705,0.02817077,0.578742526,0.687667358,1.294580654
55,35,190,110,20,0,-0.074841932,-0.620846599,-1.499427054,2.415132912,0.120548187,0.049913687,0.181908084,0.599927416,0.822219508,1.604055008
55,35,200,110,20,0,-2.60E-17,-2.21E-16,-1.450622328,6.57579E+15,0.117696926,1.79E-17,1.02441844,0.607001437,1.003692821,2.635112698
55,35,210,110,20,0,0.074841932,0.620846599,-1.499427054,-2.415132912,0.120548187,-0.049913687,5.882712595,0.599927416,1.225264377,7.707904388
55,35,220,110,20,0,0.154492298,1.195033904,-1.63581362,-1.368842854,0.12927859,-0.094443705,41.40277741,0.578742526,1.465145292,43.44666522
55,35,230,110,20,0,0.242759181,1.680672851,-1.831034495,-1.089465148,0.144441662,-0.132580342,546.0264863,0.543590924,1.709644513,548.2797217
55,35,240,110,20,0,0.341583387,2.044865528,-2.041463253,-0.998336186,0.167044425,-0.167322819,1442510.33,0.494827756,1.970474527,1442512.796
55,35,250,110,20,0,0.45042191,2.266892959,-2.214466676,-0.976873066,0.198695712,-0.203399724,7304.628565,0.433213121,2.287699166,7307.349477
55,35,260,110,20,0,0.565967746,2.340008954,-2.295581156,-0.981013834,0.241865633,-0.246546607,10884.27383,0.360227214,2.743293001,10887.37735
55,35,270,110,20,0,0.682250377,2.271645084,-2.236102626,-0.984353868,0.300333173,-0.305106916,16082.04077,0.278548009,3.534344782,16085.85366
55,35,280,110,20,0,0.791113862,2.082020571,-2.00014357,-0.96067426,0.379974085,-0.395528538,2484.537944,0.192731276,5.338504275,2490.069179
55,35,290,110,20,0,0.883022222,1.801339732,-1.570269992,-0.871723398,0.490203045,-0.562337831,212.5522652,0.110096625,12.75617947,225.4185413
55,35,300,110,20,0,0.948100397,1.465926097,-0.950998678,-0.648735758,0.646758659,-0.996952382,21.91722623,0.041704246,429355.3405,429377.2994
55,35,310,110,20,0,0.977288554,1.113766224,-0.169690577,-0.152357446,0.877462912,-5.759238784,1.815350794,0.003022416,2.011831786,3.830204996
55,35,320,110,20,0,0.963471606,0.780002984,0.725311164,0.92988255,1.235215282,1.328356234,0.000585491,0.013345442,0.019371129,0.033302062
55,35,330,110,20,0,0.902446622,0.492919625,1.669117631,3.386186198,1.830819014,0.540672871,0.309312377,0.092283237,0.089987289,0.491582903
55,35,340,110,20,0,0.793608099,0.270892194,2.586812298,9.549231606,2.929608596,0.306789982,0.676585732,0.251336114,0.283356616,1.211278462
55,35,350,110,20,0,0.640263041,0.120666882,3.401304487,28.18755603,5.306037849,0.188240436,0.890405931,0.480435458,0.469232866,1.840074255
55,35,360,110,20,0,0.449530475,0.037155043,4.041606823,108.7768037,12.09877418,0.111225682,0.987870603,0.735486048,0.64265735,2.366014001
60,30,0,110,20,0,0.443219932,0.367116401,3.746298637,10.20466159,1.207300821,0.118308756,0.694953063,0.010859069,0.62451019,1.330322321
60,30,10,110,20,0,0.229047818,0.173384206,4.153381489,23.9547856,1.321041997,0.05514731,0.868606545,0.022084612,0.805173564,1.695864721
60,30,20,110,20,0,-8.12E-17,-5.96E-17,4.293506195,-7.20E+16,1.363283683,-1.89E-17,1.02441844,0.026899528,1.003692821,2.055010789
60,30,30,110,20,0,-0.229047818,-0.173384206,4.153381489,-23.9547856,1.321041997,-0.05514731,1.20837999,0.022084612,1.251214035,2.481678638
60,30,40,110,20,0,-0.443219932,-0.367116401,3.746298637,-10.20466159,1.207300821,-0.118308756,1.511465651,0.010859069,1.613439741,3.135764461
60,30,50,110,20,0,-0.62904744,-0.59783662,3.110637997,-5.203157339,1.05220627,-0.202224573,2.214049823,0.001276631,2.276525372,4.491851826
60,30,60,110,20,0,-0.775717133,-0.87525432,2.305565496,-2.634166371,0.886276269,-0.336454173,4.999701278,0.00249992,4.064072711,9.066273909
60,30,70,110,20,0,-0.876023258,-1.19983671,1.404428203,-1.170516113,0.730118733,-0.623757951,162.3390027,0.021228243,18.64142506,181.001656
60,30,80,110,20,0,-0.926918065,-1.561721519,0.48662942,-0.311598076,0.593523271,-1.90477194,3.583993896,0.059921965,10.29548031,13.93939617
60,30,90,110,20,0,-0.929604409,-1.941016654,-0.371058652,0.191167165,0.478926549,2.5052762,0.444742109,0.116992271,0.182830509,0.744564889
60,30,100,110,20,0,-0.8891676,-2.309477651,-1.102723894,0.477477621,0.385008099,0.806337475,0.116637838,0.188133859,0.011893544,0.316665241
60,30,110,110,20,0,-0.813797681,-2.633382518,-1.660123677,0.630414938,0.309031322,0.490203045,0.046029992,0.267864676,0.118297267,0.432191935
60,30,120,110,20,0,-0.713700932,-2.877273389,-2.017288044,0.701111007,0.24804766,0.353792278,0.026754047,0.350715087,0.229609856,0.60707899
60,30,130,110,20,0,-0.599834943,-3.008123585,-2.172398384,0.722177239,0.19940502,0.276116456,0.022256186,0.431915209,0.323874571,0.778045965
60,30,140,110,20,0,-0.482620866,-2.999430797,-2.146753097,0.715720162,0.160904151,0.224814333,0.023579346,0.507662292,0.402901546,0.934143183
60,30,150,110,20,0,-0.370787125,-2.834739378,-1.980983105,0.698823716,0.130801134,0.18717329,0.027274392,0.575120063,0.471307967,1.073702422
60,30,160,110,20,0,-0.270481,-2.510156988,-1.729010593,0.68880576,0.107754615,0.156436867,0.02962985,0.632284394,0.534792281,1.196706526
60,30,170,110,20,0,-0.184750241,-2.035545898,-1.45051432,0.712592293,0.090762012,0.127368781,0.024237722,0.677805874,0.602000781,1.304044377
60,30,180,110,20,0,-0.113450467,-1.434223331,-1.202841602,0.83867106,0.079102372,0.094318709,0.005716352,0.710819972,0.688013585,1.404549909
60,30,190,110,20,0,-0.053581151,-0.741179944,-1.033369551,1.394222225,0.07229169,0.051850909,0.031255142,0.730808288,0.81586935,1.577932779
60,30,200,110,20,0,-1.84E-17,-2.63E-16,-0.973258841,3.70199E+15,0.070051714,1.89E-17,1.02441844,0.737499087,1.003692821,2.765610349
60,30,210,110,20,0,0.053581151,0.741179944,-1.033369551,-1.394222225,0.07229169,-0.051850909,37.03229117,0.730808288,1.23480458,38.99790404
60,30,220,110,20,0,0.113450467,1.434223331,-1.202841602,-0.83867106,0.079102372,-0.094318709,129.6158624,0.710819972,1.464407472,131.7910898
60,30,230,110,20,0,0.184750241,2.035545898,-1.45051432,-0.712592293,0.090762012,-0.127368781,35.36229013,0.677805874,1.673824327,37.71392033
60,30,240,110,20,0,0.270481,2.510156988,-1.729010593,-0.68880576,0.107754615,-0.156436867,29.31917751,0.632284394,1.884415562,31.83587746
60,30,250,110,20,0,0.370787125,2.834739378,-1.980983105,-0.698823716,0.130801134,-0.18717329,31.67993932,0.575120063,2.138595545,34.39365493
60,30,260,110,20,0,0.482620866,2.999430797,-2.146753097,-0.715720162,0.160904151,-0.224814333,36.27876633,0.507662292,2.502318306,39.28874693
60,30,270,110,20,0,0.599834943,3.008123585,-2.172398384,-0.722177239,0.19940502,-0.276116456,38.27523994,0.431915209,3.114236889,41.82139204
60,30,280,110,20,0,0.713700932,2.877273389,-2.017288044,-0.701111007,0.24804766,-0.353792278,32.25458374,0.350715087,4.396674015,37.00197285
60,30,290,110,20,0,0.813797681,2.633382518,-1.660123677,-0.630414938,0.309031322,-0.490203045,19.35417962,0.267864676,8.555480162,28.17752446
60,30,300,110,20,0,0.8891676,2.309477651,-1.102723894,-0.477477621,0.385008099,-0.806337475,7.926768114,0.188133859,87.03188152,95.14678349
60,30,310,110,20,0,0.929604409,1.941016654,-0.371058652,-0.191167165,0.478926549,-2.5052762,2.133244981,0.116992271,5.414068545,7.664305796
60,30,320,110,20,0,0.926918065,1.561721519,0.48662942,0.311598076,0.593523271,1.90477194,0.262883636,0.059921965,0.095872644,0.418678245
60,30,330,110,20,0,0.876023258,1.19983671,1.404428203,1.170516113,0.730118733,0.623757951,0.00822572,0.021228243,0.054548117,0.084002079
60,30,340,110,20,0,0.775717133,0.87525432,2.305565496,2.634166371,0.886276269,0.336454173,0.213262054,0.00249992,0.248344712,0.464106685
60,30,350,110,20,0,0.62904744,0.59783662,3.110637997,5.203157339,1.05220627,0.202224573,0.475712477,0.001276631,0.442793636,0.919782743
60,30,360,110,20,0,0.443219932,0.367116401,3.746298637,10.20466159,1.207300821,0.118308756,0.694953063,0.010859069,0.62451019,1.330322321
65,25,0,110,20,0,0.426782336,0.685923113,3.422478857,4.98959547,0.622201421,0.124699773,0.459986732,0.049551493,0.608551402,1.118089627
65,25,10,110,20,0,0.221084823,0.336748096,3.824583935,11.35740329,0.656528797,0.057806241,0.722991867,0.038829909,0.796645743,1.558467519
65,25,20,110,20,0,-7.85E-17,-1.17E-16,3.963173903,-3.38E+16,0.668622362,-1.98E-17,1.02441844,0.035457897,1.003692821,2.063569159
65,25,30,110,20,0,-0.221084823,-0.336748096,3.824583935,-11.35740329,0.656528797,-0.057806241,1.452589421,0.038829909,1.264613475,2.756032805
65,25,40,110,20,0,-0.426782336,-0.685923113,3.422478857,-4.98959547,0.622201421,-0.124699773,2.290499247,0.049551493,1.655789892,3.995840632
65,25,50,110,20,0,-0.603218466,-1.056841395,2.796297673,-2.64590097,0.570774829,-0.215720405,4.960756242,0.069151167,2.408566434,7.438473844
65,25,60,110,20,0,-0.739373509,-1.453022286,2.006771948,-1.381101974,0.508852146,-0.368439229,39.1885367,0.099363678,4.702836856,43.99073723
65,25,70,110,20,0,-0.828099486,-1.870297364,1.129050228,-0.60367418,0.442763542,-0.733447871,16.27491036,0.141329129,42.31590274,58.73214223
65,25,80,110,20,0,-0.866700503,-2.295987936,0.244244133,-0.106378666,0.377484781,-3.548500809,1.502950587,0.195037757,3.178840811,4.876829155
65,25,90,110,20,0,-0.857014663,-2.709290277,-0.569602746,0.210240575,0.316324416,1.504583098,0.41014855,0.259174065,0.039847824,0.70917044
65,25,100,110,20,0,-0.80499505,-3.082856895,-1.246056715,0.404188958,0.261119824,0.646034037,0.16988753,0.331316801,0.047039716,0.548244046
65,25,110,110,20,0,-0.71984631,-3.385411308,-1.737342819,0.513185153,0.212631862,0.414337517,0.095839614,0.40833927,0.173001365,0.677180248
65,25,120,110,20,0,-0.612825405,-3.585101711,-2.019079738,0.56318618,0.170936686,0.303517188,0.07145065,0.48684586,0.287462319,0.845758829
65,25,130,110,20,0,-0.495853869,-3.653201772,-2.092160878,0.572692397,0.135731312,0.237005612,0.067376023,0.563533997,0.382730605,1.013640625
65,25,140,110,20,0,-0.38010988,-3.567716454,-1.981586951,0.555421648,0.106541505,0.191820944,0.074905882,0.635436098,0.462330824,1.172672804
65,25,150,110,20,0,-0.274769046,-3.316453676,-1.732423057,0.522372156,0.082850259,0.158603896,0.09096475,0.700044409,0.530071664,1.321080823
65,25,160,110,20,0,-0.186043069,-2.899178598,-1.403399119,0.484067839,0.064170958,0.132566044,0.112568104,0.755345935,0.589434139,1.457348178
65,25,170,110,20,0,-0.116627844,-2.328569913,-1.058954854,0.454766184,0.05008561,0.110134859,0.131519221,0.799800645,0.645495953,1.576815819
65,25,180,110,20,0,-0.065621541,-1.629834609,-0.760715233,0.466743821,0.040262699,0.086262951,0.123502376,0.832292038,0.710681937,1.666476351
65,25,190,110,20,0,-0.028915177,-0.838992912,-0.559447482,0.666808353,0.03446415,0.05168524,0.035254723,0.852071585,0.816410531,1.703736839
65,25,200,110,20,0,-9.67E-18,-2.97E-16,-0.488488266,1.64356E+15,0.032547149,1.98E-17,1.02441844,0.858711133,1.003692821,2.886822394
65,25,210,110,20,0,0.028915177,0.838992912,-0.559447482,-0.666808353,0.03446415,-0.05168524,24.90425042,0.852071585,1.23398574,26.99030774
65,25,220,110,20,0,0.065621541,1.629834609,-0.760715233,-0.466743821,0.040262699,-0.086262951,7.498872825,0.832292038,1.417667001,9.748831864
65,25,230,110,20,0,0.116627844,2.328569913,-1.058954854,-0.454766184,0.05008561,-0.110134859,7.054418219,0.799800645,1.560941096,9.41515996
65,25,240,110,20,0,0.186043069,2.899178598,-1.403399119,-0.484067839,0.064170958,-0.132566044,8.204461122,0.755345935,1.709545125,10.66935218
65,25,250,110,20,0,0.274769046,3.316453676,-1.732423057,-0.522372156,0.082850259,-0.158603896,10.08205369,0.700044409,1.901217518,12.68331562
65,25,260,110,20,0,0.38010988,3.567716454,-1.981586951,-0.555421648,0.106541505,-0.191820944,12.15574506,0.635436098,2.180181687,14.97136285
65,25,270,110,20,0,0.495853869,3.653201772,-2.092160878,-0.572692397,0.135731312,-0.237005612,13.45667021,0.563533997,2.634440516,16.65464472
65,25,280,110,20,0,0.612825405,3.585101711,-2.019079738,-0.56318618,0.170936686,-0.303517188,12.71973774,0.48684586,3.509687257,16.71627085
65,25,290,110,20,0,0.71984631,3.385411308,-1.737342819,-0.513185153,0.212631862,-0.414337517,9.586470208,0.40833927,5.840829857,15.83563933
65,25,300,110,20,0,0.80499505,3.082856895,-1.246056715,-0.404188958,0.261119824,-0.646034037,5.497305565,0.331316801,21.64208554,27.47070791
65,25,310,110,20,0,0.857014663,2.709290277,-0.569602746,-0.210240575,0.316324416,-1.504583098,2.311254838,0.259174065,24.61969278,27.19012168
65,25,320,110,20,0,0.866700503,2.295987936,0.244244133,0.106378666,0.377484781,3.548500809,0.632921714,0.195037757,0.311866371,1.139825841
65,25,330,110,20,0,0.828099486,1.870297364,1.129050228,0.60367418,0.442763542,0.733447871,0.055225253,0.141329129,0.024215911,0.220770293
65,25,340,110,20,0,0.739373509,1.453022286,2.006771948,1.381101974,0.508852146,0.368439229,0.02964883,0.099363678,0.214705972,0.34371848
65,25,350,110,20,0,0.603218466,1.056841395,2.796297673,2.64590097,0.570774829,0.215720405,0.214901162,0.069151167,0.418556999,0.702609328
65,25,360,110,20,0,0.426782336,0.685923113,3.422478857,4.98959547,0.622201421,0.124699773,0.459986732,0.049551493,0.608551402,1.118089627
70,20,0,110,20,0,0.400717133,0.983888398,3.072611946,3.122927307,0.407279051,0.130415796,0.277774697,0.168831717,0.594603221,1.041209636
70,20,10,110,20,0,0.208181432,0.489880065,3.466678988,7.076587176,0.424964081,0.060052123,0.584469788,0.154648139,0.78951113,1.528629057
70,20,20,110,20,0,-7.40E-17,-1.72E-16,3.602679465,-2.10E+16,0.431077323,-2.05E-17,1.02441844,0.149968486,1.003692821,2.178079748
70,20,30,110,20,0,-0.208181432,-0.489880065,3.466678988,-7.076587176,0.424964081,-0.060052123,1.798999045,0.154648139,1.276046468,3.229693652
70,20,40,110,20,0,-0.400717133,-0.983888398,3.072611946,-3.122927307,0.407279051,-0.130415796,3.819018645,0.168831717,1.694668896,5.682519259
70,20,50,110,20,0,-0.56356092,-1.483734579,2.460675835,-1.658433974,0.379825966,-0.229026884,16.39963204,0.1928679,2.547116689,19.13961663
70,20,60,110,20,0,-0.68568151,-1.986640906,1.692705654,-0.852044096,0.345146175,-0.405080179,156.3851638,0.227086925,5.586804766,162.1990555
70,20,70,110,20,0,-0.760131444,-2.483929979,0.845079499,-0.340218728,0.306019675,-0.899479215,4.077055734,0.271523974,357.1429975,361.4915772
70,20,80,110,20,0,-0.7846486,-2.960491921,1.56E-16,-5.25E-17,0.265039939,-5.0439E+15,0.975876104,0.325683512,0.996313985,2.297873601
70,20,90,110,20,0,-0.761724921,-3.395243485,-0.763811819,0.224965256,0.224350602,0.997267785,0.385099411,0.388413325,1.03E-05,0.773523057
70,20,100,110,20,0,-0.698140288,-3.762565092,-1.379906292,0.366746158,0.185549026,0.505933115,0.203575968,0.45791103,0.108850467,0.770337465
70,20,110,110,20,0,-0.604022774,-4.034576089,-1.801339732,0.446475588,0.149711583,0.335318631,0.137296572,0.531843248,0.249614718,0.918754539
70,20,120,110,20,0,-0.491552333,-4.183998532,-2.005505016,0.479327371,0.117483868,0.245101522,0.11548457,0.607533156,0.369833564,1.09285129
70,20,130,110,20,0,-0.373466566,-4.187279272,-1.996000765,0.476682026,0.089190747,0.187107426,0.117136524,0.682168272,0.471436313,1.270741109
70,20,140,110,20,0,-0.261549533,-4.027598851,-1.801339732,0.447249043,0.064939321,0.145197227,0.13674951,0.752990757,0.559906164,1.449646431
70,20,150,110,20,0,-0.165285134,-3.697399207,-1.470678223,0.397760193,0.04470308,0.112387014,0.175330646,0.817448659,0.639648236,1.632427541
70,20,160,110,20,0,-0.0908352,-3.200110134,-1.06710693,0.333459439,0.028385023,0.085122865,0.237873296,0.873301502,0.713947207,1.825122006
70,20,170,110,20,0,-0.040461854,-2.550841509,-0.659336103,0.258477879,0.015862159,0.061367569,0.33302806,0.918684228,0.785361138,2.037073426
70,20,180,110,20,0,-0.012458778,-1.775924186,-0.312799362,0.176133286,0.007015377,0.039829935,0.473828418,0.952139028,0.856061939,2.282029386
70,20,190,110,20,0,-0.001593476,-0.911313506,-0.08126768,0.089176425,0.001748549,0.019607747,0.679164253,0.972626203,0.92810749,2.579897946
70,20,200,110,20,0,-1.85E-32,-3.22E-16,-6.22E-16,1.929494555,5.73E-17,2.97E-17,0.108520142,0.979524152,1.003692821,2.091737115
70,20,210,110,20,0,0.001593476,0.911313506,-0.08126768,-0.089176425,0.001748549,-0.019607747,1.401096781,0.972626203,1.08543998,3.459162964
70,20,220,110,20,0,0.012458778,1.775924186,-0.312799362,-0.176133286,0.007015377,-0.039829935,2.003474791,0.952139028,1.176810659,4.132424478
70,20,230,110,20,0,0.040461854,2.550841509,-0.659336103,-0.258477879,0.015862159,-0.061367569,2.839289994,0.918684228,1.282792367,5.040766589
70,20,240,110,20,0,0.0908352,3.200110134,-1.06710693,-0.333459439,0.028385023,-0.085122865,3.953861815,0.873301502,1.411179121,6.238342438
70,20,250,110,20,0,0.165285134,3.697399207,-1.470678223,-0.397760193,0.04470308,-0.112387014,5.33056047,0.817448659,1.575223248,7.723232377
70,20,260,110,20,0,0.261549533,4.027598851,-1.801339732,-0.447249043,0.064939321,-0.145197227,6.791915804,0.752990757,1.799798552,9.344705113
70,20,270,110,20,0,0.373466566,4.187279272,-1.996000765,-0.476682026,0.089190747,-0.187107426,7.894035513,0.682168272,2.138012488,10.71421627
70,20,280,110,20,0,0.491552333,4.183998532,-2.005505016,-0.479327371,0.117483868,-0.245101522,8.003521758,0.607533156,2.726486482,11.3375414
70,20,290,110,20,0,0.604022774,4.034576089,-1.801339732,-0.446475588,0.149711583,-0.335318631,6.765588682,0.531843248,4.043337689,11.34076962
70,20,300,110,20,0,0.698140288,3.762565092,-1.379906292,-0.366746158,0.185549026,-0.505933115,4.605983682,0.45791103,9.30176569,14.3656604
70,20,310,110,20,0,0.761724921,3.395243485,-0.763811819,-0.224965256,0.224350602,-0.997267785,2.45985939,0.388413325,534373.6299,534376.4781
70,20,320,110,20,0,0.7846486,2.960491921,1.09E-15,3.68E-16,0.265039939,7.20558E+14,0.975876104,0.325683512,0.996313985,2.297873601
70,20,330,110,20,0,0.760131444,2.483929979,0.845079499,0.340218728,0.306019675,0.899479215,0.230551841,0.271523974,0.002999193,0.505075008
70,20,340,110,20,0,0.68568151,1.986640906,1.692705654,0.852044096,0.345146175,0.405080179,0.004590376,0.227086925,0.180838433,0.412515734
70,20,350,110,20,0,0.56356092,1.483734579,2.460675835,1.658433974,0.379825966,0.229026884,0.067502779,0.1928679,0.395827724,0.656198403
70,20,360,110,20,0,0.400717133,0.983888398,3.072611946,3.122927307,0.407279051,0.130415796,0.277774697,0.168831717,0.594603221,1.041209636
75,15,0,110,20,0,0.365816302,1.251958732,2.699360603,2.156109889,0.292195176,0.135519612,0.143219927,0.2888664,0.582402356,1.014488684
75,15,10,110,20,0,0.190729709,0.628127277,3.082390521,4.907270604,0.303648187,0.061877205,0.453696208,0.27443492,0.783759026,1.511890154
75,15,20,110,20,0,-6.78E-17,-2.21E-16,3.21476646,-1.46E+16,0.307566798,-2.11E-17,1.02441844,0.269638938,1.003692821,2.297750199
75,15,30,110,20,0,-0.190729709,-0.628127277,3.082390521,-4.907270604,0.303648187,-0.061877205,2.322581628,0.27443492,1.285415768,3.882432316
75,15,40,110,20,0,-0.365816302,-1.251958732,2.699360603,-2.156109889,0.292195176,-0.135519612,7.518974995,0.2888664,1.730206635,9.53804803
75,15,50,110,20,0,-0.511279775,-1.865545239,2.106326769,-1.129067644,0.274064528,-0.24273526,272.5102989,0.31302719,2.699215658,275.5225417
75,15,60,110,20,0,-0.61627254,-2.459896447,1.365756848,-0.555209082,0.250527839,-0.451231521,12.14075836,0.34696079,7.003268388,19.49098753
75,15,70,110,20,0,-0.674184308,-3.022089638,0.554677205,-0.18354095,0.223085477,-1.215453425,2.066310681,0.390522275,105.6969866,108.1538195
75,15,80,110,20,0,-0.683255461,-3.535042857,-0.244244133,0.069092269,0.193280673,2.797428347,0.737211708,0.443237365,0.222296291,1.402745363
75,15,90,110,20,0,-0.646630511,-3.978033937,-0.952207823,0.23936644,0.162550275,0.679085485,0.361913118,0.504192065,0.037237148,0.903342331
75,15,100,110,20,0,-0.571850042,-4.327949653,-1.503253949,0.347336284,0.132129551,0.380408142,0.223043507,0.571976686,0.203122889,0.998143082
75,15,110,110,20,0,-0.46984631,-4.561152316,-1.851627363,0.405956047,0.103010441,0.253747768,0.168415021,0.644694319,0.356482919,1.16959226
75,15,120,110,20,0,-0.353566536,-4.655766675,-1.976667189,0.424563198,0.075941636,0.178870038,0.153510009,0.720030334,0.487740994,1.361281338
75,15,130,110,20,0,-0.236391711,-4.594128411,-1.884649881,0.410230127,0.051455181,0.12543004,0.16489501,0.795369486,0.606752472,1.567016968
75,15,140,110,20,0,-0.130542221,-4.365104696,-1.60738323,0.368234749,0.029905862,0.081214124,0.202141856,0.867942248,0.72525163,1.795335734
75,15,150,110,20,0,-0.045662002,-3.966001134,-1.197740639,0.302002092,0.011513361,0.038123447,0.274534352,0.934981667,0.861922589,2.071438609
75,15,160,110,20,0,0.012249766,-3.403807943,-0.722693413,0.212319092,-0.003598842,-0.016950156,0.406527506,0.993875019,1.073978926,2.474381451
75,15,170,110,20,0,0.041433465,-2.695607078,-0.254699406,0.094486844,-0.015370736,-0.162675939,0.664558851,1.042299071,1.933229374,3.640087295
75,15,180,110,20,0,0.044422498,-1.868053206,0.137497101,-0.073604489,-0.023780103,0.323079521,1.315080338,1.078332436,0.263651079,2.657063854
75,15,190,110,20,0,0.027553798,-0.955944299,0.397530618,-0.415851236,-0.028823643,0.069312391,5.816054746,1.100542266,0.760742485,7.677339497
75,15,200,110,20,0,1.03E-17,-3.38E-16,0.488488266,-1.44532E+15,-0.030504239,2.11E-17,1.02441844,1.108045023,1.003692821,3.136156284
75,15,210,110,20,0,-0.027553798,0.955944299,0.397530618,0.415851236,-0.028823643,-0.069312391,0.160353955,1.100542266,1.324325648,2.585221869
75,15,220,110,20,0,-0.044422498,1.868053206,0.137497101,0.073604489,-0.023780103,-0.323079521,0.723771878,1.078332436,3.827506843,5.629611157
75,15,230,110,20,0,-0.041433465,2.695607078,-0.254699406,-0.094486844,-0.015370736,0.162675939,1.431748146,1.042299071,0.521304905,2.995352122
75,15,240,110,20,0,-0.012249766,3.403807943,-0.722693413,-0.212319092,-0.003598842,0.016950156,2.331618031,0.993875019,0.938010524,4.263503574
75,15,250,110,20,0,0.045662002,3.966001134,-1.197740639,-0.302002092,0.011513361,-0.038123447,3.434359568,0.934981667,1.168806631,5.538147866
75,15,260,110,20,0,0.130542221,4.365104696,-1.60738323,-0.368234749,0.029905862,-0.081214124,4.637981116,0.867942248,1.389169752,6.895093116
75,15,270,110,20,0,0.236391711,4.594128411,-1.884649881,-0.410230127,0.051455181,-0.12543004,5.659724881,0.795369486,1.660703663,8.11579803
75,15,280,110,20,0,0.353566536,4.655766675,-1.976667189,-0.424563198,0.075941636,-0.178870038,6.068758403,0.720030334,2.066442889,8.855231626
75,15,290,110,20,0,0.46984631,4.561152316,-1.851627363,-0.405956047,0.103010441,-0.253747768,5.544229027,0.644694319,2.828800038,9.017723384
75,15,300,110,20,0,0.571850042,4.327949653,-1.503253949,-0.347336284,0.132129551,-0.380408142,4.211646529,0.571976686,4.971901407,9.755524621
75,15,310,110,20,0,0.646630511,3.978033937,-0.952207823,-0.23936644,0.162550275,-0.679085485,2.615502169,0.504192065,27.39511175,30.51480598
75,15,320,110,20,0,0.683255461,3.535042857,-0.244244133,-0.069092269,0.193280673,-2.797428347,1.291189178,0.443237365,4.455713531,6.190140074
75,15,330,110,20,0,0.674184308,3.022089638,0.554677205,0.18354095,0.223085477,1.215453425,0.459289185,0.390522275,0.009102219,0.858913679
75,15,340,110,20,0,0.61627254,2.459896447,1.365756848,0.555209082,0.250527839,0.451231521,0.075002113,0.34696079,0.14438827,0.566351173
75,15,350,110,20,0,0.511279775,1.865545239,2.106326769,1.129067644,0.274064528,0.24273526,0.005293619,0.31302719,0.373562916,0.691883725
75,15,360,110,20,0,0.365816302,1.251958732,2.699360603,2.156109889,0.292195176,0.135519612,0.143219927,0.2888664,0.582402356,1.014488684
80,10,0,110,20,0,0.323140288,1.481988934,2.305565496,1.555723827,0.218045007,0.140156629,0.052706249,0.399025403,0.571520373,1.023252026
80,10,10,110,20,0,0.169259915,0.747289159,2.6746432,3.57912753,0.226498556,0.063283176,0.331051971,0.384855691,0.779355575,1.495263238
80,10,20,110,20,0,-6.03E-17,-2.63E-16,2.802387142,-1.07E+16,0.229371453,-2.15E-17,1.02441844,0.380142198,1.003692821,2.408253459
80,10,30,110,20,0,-0.169259915,-0.747289159,2.6746432,-3.57912753,0.226498556,-0.063283176,3.195483785,0.384855691,1.292681889,4.873021366
80,10,40,110,20,0,-0.323140288,-1.481988934,2.305565496,-1.555723827,0.218045007,-0.140156629,21.26174075,0.399025403,1.763184912,23.42395107
80,10,50,110,20,0,-0.447963569,-2.190672251,1.735947283,-0.792426746,0.204486805,-0.258051366,74.3564244,0.42271756,2.881333472,77.66047543
80,10,60,110,20,0,-0.533255555,-2.858409279,1.028413808,-0.359785359,0.186556754,-0.518522361,4.459769832,0.455974048,9.958594035,14.87433792
80,10,70,110,20,0,-0.572869538,-3.468424633,0.260053482,-0.074977406,0.165167071,-2.202891242,1.322439664,0.498720082,7.079941765,8.901101511
80,10,80,110,20,0,-0.565601866,-4.002183305,-0.48662942,0.121590988,0.141323328,1.162284569,0.594511393,0.550654431,0.005359361,1.150525184
80,10,90,110,20,0,-0.51522852,-4.439953842,-1.13335695,0.255263228,0.116043666,0.454603927,0.337741984,0.611138852,0.14197028,1.090851116
80,10,100,110,20,0,-0.429961578,-4.761831653,-1.615160936,0.339189004,0.090293318,0.266203552,0.231655072,0.679104359,0.337990587,1.248750018
80,10,110,110,20,0,-0.321393805,-4.949140239,-1.887822991,0.381444635,0.064939321,0.170245731,0.189768452,0.752990757,0.505361001,1.448120211
80,10,120,110,20,0,-0.203060644,-4.986071703,-1.932785732,0.387636971,0.040725576,0.105061125,0.184181375,0.830732555,0.658855826,1.673769756
80,10,130,110,20,0,-0.088794254,-4.861387282,-1.758955674,0.361821754,0.018265209,0.050481234,0.208378917,0.909799251,0.820354126,1.938532294
80,10,140,110,20,0,0.008931467,-4.569979043,-1.401193571,0.306608314,-0.001954378,-0.006374185,0.268888935,0.987291704,1.029565072,2.285745711
80,10,150,110,20,0,0.080465662,-4.114098123,-0.915687526,0.222573089,-0.019558518,-0.087874585,0.389074582,1.060089533,1.426891495,2.876055609
80,10,160,110,20,0,0.120079644,-3.504082769,-0.372779763,0.106384406,-0.034268495,-0.322119536,0.632906791,1.125038066,3.81115272,5.569097577
80,10,170,110,20,0,0.126569764,-2.758467989,0.151875708,-0.055057992,-0.045884079,0.833377277,1.219691447,1.179158126,0.008598418,2.407447991
80,10,180,110,20,0,0.103293978,-1.903422374,0.586747128,-0.308259027,-0.054267502,0.176045136,3.531092237,1.219858455,0.493449645,5.244400336
80,10,190,110,20,0,0.057641018,-0.971529208,0.873303468,-0.898895741,-0.059330196,0.066003423,352.2913077,1.245129478,0.770903829,354.307341
80,10,200,110,20,0,2.09E-17,-3.43E-16,0.973258841,-2.83589E+15,-0.061023,2.15E-17,1.02441844,1.253698419,1.003692821,3.281809681
80,10,210,110,20,0,-0.057641018,0.971529208,0.873303468,0.898895741,-0.059330196,-0.066003423,0.001689878,1.245129478,1.306860924,2.55368028
80,10,220,110,20,0,-0.103293978,1.903422374,0.586747128,0.308259027,-0.054267502,-0.176045136,0.266889675,1.219858455,2.042504406,3.529252536
80,10,230,110,20,0,-0.126569764,2.758467989,0.151875708,0.055057992,-0.045884079,-0.833377277,0.780563085,1.179158126,121.1102334,123.0699546
80,10,240,110,20,0,-0.120079644,3.504082769,-0.372779763,-0.106384406,-0.034268495,0.322119536,1.502985837,1.125038066,0.264779437,2.89280334
80,10,250,110,20,0,-0.080465662,4.114098123,-0.915687526,-0.222573089,-0.019558518,0.087874585,2.435015183,1.060089533,0.706090515,4.201195231
80,10,260,110,20,0,-0.008931467,4.569979043,-1.401193571,-0.306608314,-0.001954378,0.006374185,3.505271556,0.987291704,0.978471306,5.471034567
80,10,270,110,20,0,0.088794254,4.861387282,-1.758955674,-0.361821754,0.018265209,-0.050481234,4.501971978,0.909799251,1.228051509,6.639822738
80,10,280,110,20,0,0.203060644,4.986071703,-1.932785732,-0.387636971,0.040725576,-0.105061125,5.08006931,0.830732555,1.529264166,7.440066031
80,10,290,110,20,0,0.321393805,4.949140239,-1.887822991,-0.381444635,0.064939321,-0.170245731,4.933750462,0.752990757,1.994300014,7.681041233
80,10,300,110,20,0,0.429961578,4.761831653,-1.615160936,-0.339189004,0.090293318,-0.266203552,4.058002498,0.679104359,2.983897613,7.72100447
80,10,310,110,20,0,0.51522852,4.439953842,-1.13335695,-0.255263228,0.116043666,-0.454603927,2.800190706,0.611138852,7.123051123,10.53438068
80,10,320,110,20,0,0.565601866,4.002183305,-0.48662942,-0.121590988,0.141323328,-1.162284569,1.599486544,0.550654431,177.4806388,179.6307798
80,10,330,110,20,0,0.572869538,3.468424633,0.260053482,0.074977406,0.165167071,2.202891242,0.719729342,0.498720082,0.139666247,1.358115671
80,10,340,110,20,0,0.533255555,2.858409279,1.028413808,0.359785359,0.186556754,0.518522361,0.21039173,0.455974048,0.101706488,0.768072267
80,10,350,110,20,0,0.447963569,2.190672251,1.735947283,0.792426746,0.204486805,0.258051366,0.010747495,0.42271756,0.349996376,0.783461431
80,10,360,110,20,0,0.323140288,1.481988934,2.305565496,1.555723827,0.218045007,0.140156629,0.052706249,0.399025403,0.571520373,1.023252026
85,5,0,110,20,0,0.273985779,1.666989652,1.894223643,1.136313978,0.164359616,0.144642783,0.005767432,0.500402746,0.561172853,1.067343031
85,5,10,110,20,0,0.1444244,0.843745038,2.24654023,2.662581858,0.171170666,0.064287476,0.217223765,0.486369785,0.776224838,1.479818388
85,5,20,110,20,0,-5.16E-17,-2.97E-16,2.368679965,-7.9696E+15,0.173473732,-2.18E-17,1.02441844,0.481706293,1.003692821,2.509817554
85,5,30,110,20,0,-0.1444244,-0.843745038,2.24654023,-2.662581858,0.171170666,-0.064287476,4.90659656,0.486369785,1.29789811,6.690864455
85,5,40,110,20,0,-0.273985779,-1.666989652,1.894223643,-1.136313978,0.164359616,-0.144642783,245.9924107,0.500402746,1.795731588,248.2885451
85,5,50,110,20,0,-0.375536131,-2.449236794,1.352356191,-0.552154122,0.153327817,-0.277690251,11.92795024,0.523917514,3.135519846,15.5873876
85,5,60,110,20,0,-0.439152985,-3.170070792,0.683243917,-0.215529546,0.138530971,-0.642747011,2.363460251,0.557051379,21.161089,24.08160063
85,5,70,110,20,0,-0.459265531,-3.809373301,-0.036549405,0.009594598,0.120561965,12.56560913,0.938685017,0.599893421,0.723730731,2.262309168
85,5,80,110,20,0,-0.435262659,-4.347719438,-0.725311164,0.16682566,0.100112867,0.600104729,0.492686828,0.652386405,0.063384555,1.208457789
85,5,90,110,20,0,-0.37151153,-4.766967996,-1.305880547,0.273943636,0.077934555,0.284491205,0.311132568,0.714209788,0.312348476,1.337690831
85,5,100,110,20,0,-0.276786103,-5.051027809,-1.714775573,0.339490424,0.054797977,0.161412436,0.231331687,0.784653702,0.524010727,1.539996117
85,5,110,110,20,0,-0.163175911,-5.18675104,-1.909651147,0.368178679,0.031460139,0.085448021,0.202195725,0.862498459,0.713014481,1.777708665
85,5,120,110,20,0,-0.044607702,-5.164877466,-1.874194609,0.362873005,0.00863674,0.023800998,0.207345969,0.945918771,0.91269238,2.06595712
85,5,130,110,20,0,0.064841131,-4.980935361,-1.619874751,0.325214972,-0.013017862,-0.040028484,0.247062205,1.032435331,1.177745552,2.457243088
85,5,140,110,20,0,0.152633691,-4.63599689,-1.184339983,0.255466087,-0.032923596,-0.128876584,0.33744282,1.118936715,1.684104826,3.140484361
85,5,150,110,20,0,0.209265531,-4.137190323,-0.626665479,0.151471271,-0.050581558,-0.333934992,0.525295479,1.201790029,4.018239215,5.745324723
85,5,160,110,20,0,0.229378078,-3.497887814,-0.020029034,0.005726037,-0.065576168,-11.45227856,0.953508394,1.277048018,1.414912936,3.645469349
85,5,170,110,20,0,0.21236022,-2.737514246,0.557294955,-0.203577006,-0.077574106,0.381055342,2.247279122,1.340743941,0.202511339,3.790534402
85,5,180,110,20,0,0.162366882,-1.880957017,1.031531656,-0.548407883,-0.086321421,0.157403683,11.67342675,1.38924578,0.532681415,13.59535394
85,5,190,110,20,0,0.087754001,-0.957594695,1.342429951,-1.401876972,-0.091640024,0.06536952,35.86552192,1.419623178,0.772865383,38.05801048
85,5,200,110,20,0,3.16E-17,-3.38E-16,1.450622328,-4.29204E+15,-0.093424518,2.18E-17,1.02441844,1.429969565,1.003692821,3.458080827
85,5,210,110,20,0,-0.087754001,0.957594695,1.342429951,1.401876972,-0.091640024,-0.06536952,0.032203547,1.419623178,1.303542464,2.75536919
85,5,220,110,20,0,-0.162366882,1.880957017,1.031531656,0.548407883,-0.086321421,-0.157403683,0.078127933,1.38924578,1.89189184,3.359265553
85,5,230,110,20,0,-0.21236022,2.737514246,0.557294955,0.203577006,-0.077574106,-0.381055342,0.421951296,1.340743941,4.986965057,6.749660295
85,5,240,110,20,0,-0.229378078,3.497887814,-0.020029034,-0.005726037,-0.065576168,11.45227856,0.998765266,1.277048018,0.701476795,2.977290079
85,5,250,110,20,0,-0.209265531,4.137190323,-0.626665479,-0.151471271,-0.050581558,0.333934992,1.80871668,1.201790029,0.251169513,3.261676222
85,5,260,110,20,0,-0.152633691,4.63599689,-1.184339983,-0.255466087,-0.032923596,0.128876584,2.802640078,1.118936715,0.598329422,4.519906215
85,5,270,110,20,0,-0.064841131,4.980935361,-1.619874751,-0.325214972,-0.013017862,0.040028484,3.809411259,1.032435331,0.855382598,5.697229188
85,5,280,110,20,0,0.044607702,5.164877466,-1.874194609,-0.362873005,0.00863674,-0.023800998,4.523941915,0.945918771,1.103775705,6.573636391
85,5,290,110,20,0,0.163175911,5.18675104,-1.909651147,-0.368178679,0.031460139,-0.085448021,4.636771151,0.862498459,1.413026317,6.912295928
85,5,300,110,20,0,0.276786103,5.051027809,-1.714775573,-0.339490424,0.054797977,-0.161412436,4.063568979,0.784653702,1.923234592,6.771457273
85,5,310,110,20,0,0.37151153,4.766967996,-1.305880547,-0.273943636,0.077934555,-0.284491205,3.036206915,0.714209788,3.229418994,6.979835696
85,5,320,110,20,0,0.435262659,4.347719438,-0.725311164,-0.16682566,0.100112867,-0.600104729,1.927439097,0.652386405,16.02524326,18.60506876
85,5,330,110,20,0,0.459265531,3.809373301,-0.036549405,-0.009594598,0.120561965,-12.56560913,1.014531426,0.599893421,1.371432499,2.985857346
85,5,340,110,20,0,0.439152985,3.170070792,0.683243917,0.215529546,0.138530971,0.642747011,0.400990151,0.557051379,0.048100222,1.006141753
85,5,350,110,20,0,0.375536131,2.449236794,1.352356191,0.552154122,0.153327817,0.277690251,0.076394888,0.523917514,0.321681041,0.921993443
85,5,360,110,20,0,0.273985779,1.666989652,1.894223643,1.136313978,0.164359616,0.144642783,0.005767432,0.500402746,0.561172853,1.067343031
90,0,0,110,20,0,0.21984631,1.801339732,1.468465604,0.815207469,0.122046001,0.149711583,0.008040143,0.596242247,0.549690897,1.153973288
90,0,10,110,20,0,0.116977778,0.914564151,1.801339732,1.969615506,0.127905493,0.064939321,0.114682279,0.5820276,0.774199346,1.470909225
90,0,20,110,20,0,-4.19E-17,-3.22E-16,1.916945704,-5.94409E+15,0.129878641,-2.19E-17,1.02441844,0.57731235,1.003692821,2.605423612
90,0,30,110,20,0,-0.116977778,-0.914564151,1.801339732,-1.969615506,0.127905493,-0.064939321,9.454449575,0.5820276,1.301295351,11.33777253
90,0,40,110,20,0,-0.21984631,-1.801339732,1.468465604,-0.815207469,0.122046001,-0.149711583,96.25204528,0.596242247,1.833282883,98.68157041
90,0,50,110,20,0,-0.296198133,-2.633382518,0.958472852,-0.363970234,0.112478203,-0.309031322,4.547007517,0.620151774,3.596074745,8.763234036
90,0,60,110,20,0,-0.336824089,-3.385411308,0.332874128,-0.098326052,0.099492811,-1.011866229,1.45434219,0.65404366,28745.06455,28747.17294
90,0,70,110,20,0,-0.336824089,-4.034576089,-0.332874128,0.082505354,0.083484381,1.011866229,0.697943846,0.698236718,1.64E-05,1.396196995
90,0,80,110,20,0,-0.296198133,-4.561152316,-0.958472852,0.210138313,0.064939321,0.309031322,0.41032744,0.752990757,0.280573648,1.443891845
90,0,90,110,20,0,-0.21984631,-4.949140239,-1.468465604,0.296711254,0.044421111,0.149711583,0.281141555,0.81838352,0.549690897,1.649215972
90,0,100,110,20,0,-0.116977778,-5.18675104,-1.801339732,0.347296355,0.022553189,0.064939321,0.223085062,0.894154825,0.774199346,1.891439232
90,0,110,110,20,0,-1.15E-16,-5.266765035,-1.916945704,0.363970234,2.19E-17,6.00E-17,0.206272273,0.979524152,1.003692821,2.189489246
90,0,120,110,20,0,0.116977778,-5.18675104,-1.801339732,0.347296355,-0.022553189,-0.064939321,0.223085062,1.07299821,1.301295351,2.597378623
90,0,130,110,20,0,0.21984631,-4.949140239,-1.468465604,0.296711254,-0.044421111,-0.149711583,0.281141555,1.172198742,1.833282883,3.286623179
90,0,140,110,20,0,0.296198133,-4.561152316,-0.958472852,0.210138313,-0.064939321,-0.309031322,0.41032744,1.27375545,3.596074745,5.280157635
90,0,150,110,20,0,0.336824089,-4.034576089,-0.332874128,0.082505354,-0.083484381,-1.011866229,0.697943846,1.373318872,28745.06455,28747.13582
90,0,160,110,20,0,0.336824089,-3.385411308,0.332874128,-0.098326052,-0.099492811,1.011866229,1.45434219,1.465745421,1.64E-05,2.920104041
90,0,170,110,20,0,0.296198133,-2.633382518,0.958472852,-0.363970234,-0.112478203,0.309031322,4.547007517,1.545483847,0.280573648,6.373065011
90,0,180,110,20,0,0.21984631,-1.801339732,1.468465604,-0.815207469,-0.122046001,0.149711583,96.25204528,1.607146464,0.549690897,98.40888264
90,0,190,110,20,0,0.116977778,-0.914564151,1.801339732,-1.969615506,-0.127905493,0.064939321,9.454449575,1.646187937,0.774199346,11.87483686
90,0,200,110,20,0,4.19E-17,-3.22E-16,1.916945704,-5.94409E+15,-0.129878641,2.19E-17,1.02441844,1.659559905,1.003692821,3.687671166
90,0,210,110,20,0,-0.116977778,0.914564151,1.801339732,1.969615506,-0.127905493,-0.064939321,0.114682279,1.646187937,1.301295351,3.062165567
90,0,220,110,20,0,-0.21984631,1.801339732,1.468465604,0.815207469,-0.122046001,-0.149711583,0.008040143,1.607146464,1.833282883,3.44846949
90,0,230,110,20,0,-0.296198133,2.633382518,0.958472852,0.363970234,-0.112478203,-0.309031322,0.206272273,1.545483847,3.596074745,5.347830865
90,0,240,110,20,0,-0.336824089,3.385411308,0.332874128,0.098326052,-0.099492811,-1.011866229,0.654185437,1.465745421,28745.06455,28747.18449
90,0,250,110,20,0,-0.336824089,4.034576089,-0.332874128,-0.082505354,-0.083484381,1.011866229,1.363555165,1.373318872,1.64E-05,2.736890467
90,0,260,110,20,0,-0.296198133,4.561152316,-0.958472852,-0.210138313,-0.064939321,0.309031322,2.310258041,1.27375545,0.280573648,3.864587139
90,0,270,110,20,0,-0.21984631,4.949140239,-1.468465604,-0.296711254,-0.044421111,0.149711583,3.354929228,1.172198742,0.549690897,5.076818867
90,0,280,110,20,0,-0.116977778,5.18675104,-1.801339732,-0.347296355,-0.022553189,0.064939321,4.210877143,1.07299821,0.774199346,6.058074699
90,0,290,110,20,0,3.13E-17,5.266765035,-1.916945704,-0.363970234,5.94E-18,-1.63E-17,4.547007517,0.979524152,1.003692821,6.53022449
90,0,300,110,20,0,0.116977778,5.18675104,-1.801339732,-0.347296355,0.022553189,-0.064939321,4.210877143,0.894154825,1.301295351,6.406327318
90,0,310,110,20,0,0.21984631,4.949140239,-1.468465604,-0.296711254,0.044421111,-0.149711583,3.354929228,0.81838352,1.833282883,6.006595631
90,0,320,110,20,0,0.296198133,4.561152316,-0.958472852,-0.210138313,0.064939321,-0.309031322,2.310258041,0.752990757,3.596074745,6.659323544
90,0,330,110,20,0,0.336824089,4.034576089,-0.332874128,-0.082505354,0.083484381,-1.011866229,1.363555165,0.698236718,28745.06455,28747.12635
90,0,340,110,20,0,0.336824089,3.385411308,0.332874128,0.098326052,0.099492811,1.011866229,0.654185437,0.65404366,1.64E-05,1.308245527
90,0,350,110,20,0,0.296198133,2.633382518,0.958472852,0.363970234,0.112478203,0.309031322,0.206272273,0.620151774,0.280573648,1.106997695
90,0,360,110,20,0,0.21984631,1.801339732,1.468465604,0.815207469,0.122046001,0.149711583,0.008040143,0.596242247,0.549690897,1.153973288