Exit Angle,Plunge,Azimuth,Strike,Dip,Rake,P,SV,SH,SH/SV,P/SV,P/SH
0,90,0,130,90,-100,1.2060416625e-16,5.66449824232,4.75307838594,0.839099631177,2.12912355324e-17,2.53739064365e-17
0,90,10,130,90,-100,1.2060416625e-16,6.40380518599,3.69723864797,0.57735026919,1.88332035013e-17,3.26200653335e-17
0,90,20,130,90,-100,1.2060416625e-16,6.94853574956,2.52906018457,0.363970234266,1.73567742323e-17,4.76873452778e-17
0,90,30,130,90,-100,1.2060416625e-16,7.28213857051,1.28403750724,0.176326980708,1.65616412105e-17,9.39257347003e-17
0,90,40,130,90,-100,1.2060416625e-16,7.39447729594,5.32618680268e-16,7.20292535838e-17,1.63100326667e-17,0.226436230493
0,90,50,130,90,-100,1.2060416625e-16,7.28213857051,1.28403750724,0.176326980708,1.65616412105e-17,9.39257347003e-17
0,90,60,130,90,-100,1.2060416625e-16,6.94853574956,2.52906018457,0.363970234266,1.73567742323e-17,4.76873452778e-17
0,90,70,130,90,-100,1.2060416625e-16,6.40380518599,3.69723864797,0.57735026919,1.88332035013e-17,3.26200653335e-17
0,90,80,130,90,-100,1.2060416625e-16,5.66449824232,4.75307838594,0.839099631177,2.12912355324e-17,2.53739064365e-17
0,90,90,130,90,-100,1.2060416625e-16,4.75307838594,5.66449824232,1.19175359259,2.53739064365e-17,2.12912355324e-17
0,90,100,130,90,-100,1.2060416625e-16,3.69723864797,6.40380518599,1.73205080757,3.26200653335e-17,1.88332035013e-17
0,90,110,130,90,-100,1.2060416625e-16,2.52906018457,6.94853574956,2.74747741945,4.76873452778e-17,1.73567742323e-17
0,90,120,130,90,-100,1.2060416625e-16,1.28403750724,7.28213857051,5.67128181962,9.39257347003e-17,1.65616412105e-17
0,90,130,130,90,-100,1.2060416625e-16,7.98375326766e-17,7.39447729594,9.26190608356e+16,1.51061990779,1.63100326667e-17
0,90,140,130,90,-100,1.2060416625e-16,1.28403750724,7.28213857051,5.67128181962,9.39257347003e-17,1.65616412105e-17
0,90,150,130,90,-100,1.2060416625e-16,2.52906018457,6.94853574956,2.74747741945,4.76873452778e-17,1.73567742323e-17
0,90,160,130,90,-100,1.2060416625e-16,3.69723864797,6.40380518599,1.73205080757,3.26200653335e-17,1.88332035013e-17
0,90,170,130,90,-100,1.2060416625e-16,4.75307838594,5.66449824232,1.19175359259,2.53739064365e-17,2.12912355324e-17
0,90,180,130,90,-100,1.2060416625e-16,5.66449824232,4.75307838594,0.839099631177,2.12912355324e-17,2.53739064365e-17
0,90,190,130,90,-100,1.2060416625e-16,6.40380518599,3.69723864797,0.57735026919,1.88332035013e-17,3.26200653335e-17
0,90,200,130,90,-100,1.2060416625e-16,6.94853574956,2.52906018457,0.363970234266,1.73567742323e-17,4.76873452778e-17
0,90,210,130,90,-100,1.2060416625e-16,7.28213857051,1.28403750724,0.176326980708,1.65616412105e-17,9.39257347003e-17
0,90,220,130,90,-100,1.2060416625e-16,7.39447729594,3.72943614915e-16,5.0435426331e-17,1.63100326667e-17,0.323384451233
0,90,230,130,90,-100,1.2060416625e-16,7.28213857051,1.28403750724,0.176326980708,1.65616412105e-17,9.39257347003e-17
0,90,240,130,90,-100,1.2060416625e-16,6.94853574956,2.52906018457,0.363970234266,1.73567742323e-17,4.76873452778e-17
0,90,250,130,90,-100,1.2060416625e-16,6.40380518599,3.69723864797,0.57735026919,1.88332035013e-17,3.26200653335e-17
0,90,260,130,90,-100,1.2060416625e-16,5.66449824232,4.75307838594,0.839099631177,2.12912355324e-17,2.53739064365e-17
0,90,270,130,90,-100,1.2060416625e-16,4.75307838594,5.66449824232,1.19175359259,2.53739064365e-17,2.12912355324e-17
0,90,280,130,90,-100,1.2060416625e-16,3.69723864797,6.40380518599,1.73205080757,3.26200653335e-17,1.88332035013e-17
0,90,290,130,90,-100,1.2060416625e-16,2.52906018457,6.94853574956,2.74747741945,4.76873452778e-17,1.73567742323e-17
0,90,300,130,90,-100,1.2060416625e-16,1.28403750724,7.28213857051,5.67128181962,9.39257347003e-17,1.65616412105e-17
0,90,310,130,90,-100,1.2060416625e-16,8.25724762507e-16,7.39447729594,8.95513569617e+15,0.14605855574,1.63100326667e-17
0,90,320,130,90,-100,1.2060416625e-16,1.28403750724,7.28213857051,5.67128181962,9.39257347003e-17,1.65616412105e-17
0,90,330,130,90,-100,1.2060416625e-16,2.52906018457,6.94853574956,2.74747741945,4.76873452778e-17,1.73567742323e-17
0,90,340,130,90,-100,1.2060416625e-16,3.69723864797,6.40380518599,1.73205080757,3.26200653335e-17,1.88332035013e-17
0,90,350,130,90,-100,1.2060416625e-16,4.75307838594,5.66449824232,1.19175359259,2.53739064365e-17,2.12912355324e-17
0,90,360,130,90,-100,1.2060416625e-16,5.66449824232,4.75307838594,0.839099631177,2.12912355324e-17,2.53739064365e-17
5,85,0,130,90,-100,0.132300328738,5.68992717256,4.71525851616,0.828702788834,0.0232516734794,0.0280579162912
5,85,10,130,90,-100,0.149241399772,6.40455559956,3.6263507117,0.566214260354,0.0233023817893,0.0411547066559
5,85,20,130,90,-100,0.161544773348,6.91573879641,2.43238485368,0.351717282171,0.023359004454,0.0664141503363
5,85,30,130,90,-100,0.168863187114,7.21022499118,1.17236689199,0.162597823705,0.0234199608639,0.144036127485
5,85,40,130,90,-100,0.171010071663,7.28213857051,0.113637653965,0.0156049837373,0.0234834959548,1.50487154297
5,85,50,130,90,-100,0.16796090172,7.13278805431,1.38593582174,0.194304921327,0.0235477208128,0.121189523415
5,85,60,130,90,-100,0.159849031495,6.77020496009,2.60648784038,0.384993933823,0.0236106635527,0.0613273651306
5,85,70,130,90,-100,0.146956732954,6.20847839232,3.73998836567,0.602400158193,0.0236703300983,0.0392933663386
5,85,80,130,90,-100,0.129702301492,5.46695639937,4.75472445921,0.869720574278,0.0237247733504,0.0272786157441
5,85,90,130,90,-100,0.108624141573,4.56938305855,5.62321014482,1.23062787093,0.023772167967,0.0193171051367
5,85,100,130,90,-100,0.0843627024227,3.54303068163,6.32261794691,1.78452249361,0.0238108867812,0.0133430017646
5,85,110,130,90,-100,0.057641018294,2.41787115945,6.83504297986,2.82688469696,0.0238395739446,0.00843316105895
5,85,120,130,90,-100,0.0292444446101,1.22581162385,7.14764336984,5.83094761933,0.0238572094122,0.0040914806597
5,85,130,130,90,-100,1.17841661136e-16,1.57249242323e-16,7.25270142341,4.61223298522e+16,0.749394142674,1.62479680683e-17
5,85,140,130,90,-100,0.0292444446101,1.22581162385,7.14764336984,5.83094761933,0.0238572094122,0.0040914806597
5,85,150,130,90,-100,0.057641018294,2.41787115945,6.83504297986,2.82688469696,0.0238395739446,0.00843316105895
5,85,160,130,90,-100,0.0843627024227,3.54303068163,6.32261794691,1.78452249361,0.0238108867812,0.0133430017646
5,85,170,130,90,-100,0.108624141573,4.56938305855,5.62321014482,1.23062787093,0.023772167967,0.0193171051367
5,85,180,130,90,-100,0.129702301492,5.46695639937,4.75472445921,0.869720574278,0.0237247733504,0.0272786157441
5,85,190,130,90,-100,0.146956732954,6.20847839232,3.73998836567,0.602400158193,0.0236703300983,0.0392933663386
5,85,200,130,90,-100,0.159849031495,6.77020496009,2.60648784038,0.384993933823,0.0236106635527,0.0613273651306
5,85,210,130,90,-100,0.16796090172,7.13278805431,1.38593582174,0.194304921327,0.0235477208128,0.121189523415
5,85,220,130,90,-100,0.171010071663,7.28213857051,0.113637653965,0.0156049837373,0.0234834959548,1.50487154297
5,85,230,130,90,-100,0.168863187114,7.21022499118,1.17236689199,0.162597823705,0.0234199608639,0.144036127485
5,85,240,130,90,-100,0.161544773348,6.91573879641,2.43238485368,0.351717282171,0.023359004454,0.0664141503363
5,85,250,130,90,-100,0.149241399772,6.40455559956,3.6263507117,0.566214260354,0.0233023817893,0.0411547066559
5,85,260,130,90,-100,0.132300328738,5.68992717256,4.71525851616,0.828702788834,0.0232516734794,0.0280579162912
5,85,270,130,90,-100,0.11122216882,4.79235383174,5.66267608788,1.18160642697,0.0232082548002,0.0196412733297
5,85,280,130,90,-100,0.0866473692401,3.73910788888,6.43625560088,1.72133455149,0.0231732733623,0.0134623878561
5,85,290,130,90,-100,0.0593367601465,2.56340499576,7.00914596656,2.73431080073,0.0231476338092,0.00846561912529
5,85,300,130,90,-100,0.0301467300038,1.30324856072,7.36121229959,5.64835636227,0.0231319879509,0.00409534853457
5,85,310,130,90,-100,1.00268654587e-16,9.1953205325e-16,7.47997673134,8.13454702846e+15,0.109043131484,1.34049420457e-17
5,85,320,130,90,-100,0.0301467300038,1.30324856072,7.36121229959,5.64835636227,0.0231319879509,0.00409534853457
5,85,330,130,90,-100,0.0593367601465,2.56340499576,7.00914596656,2.73431080073,0.0231476338092,0.00846561912529
5,85,340,130,90,-100,0.0866473692401,3.73910788888,6.43625560088,1.72133455149,0.0231732733623,0.0134623878561
5,85,350,130,90,-100,0.11122216882,4.79235383174,5.66267608788,1.18160642697,0.0232082548002,0.0196412733297
5,85,360,130,90,-100,0.132300328738,5.68992717256,4.71525851616,0.828702788834,0.0232516734794,0.0280579162912
10,80,0,130,90,-100,0.26317880618,5.54247054489,4.64155268192,0.837451934895,0.047484024326,0.0567005965924
10,80,10,130,90,-100,0.296232841949,6.21070683211,3.52786405687,0.568029397014,0.0476971220759,0.0839694606065
10,80,20,130,90,-100,0.319876832356,6.67281061946,2.31719760533,0.347259608804,0.0479373461346,0.138044693133
10,80,30,130,90,-100,0.333497837129,6.91923237405,1.05177385679,0.152007303691,0.0481986756768,0.317081314557
10,80,40,130,90,-100,0.336824088833,6.94853574956,0.226410456768,0.0325839090318,0.0484741103699,1.48767019705
10,80,50,130,90,-100,0.32991611104,6.76671138245,1.47728632778,0.218316733829,0.0487557533332,0.223325772963
10,80,60,130,90,-100,0.313145389204,6.3861649188,2.66407854987,0.417164070103,0.0490349674939,0.117543602165
10,80,70,130,90,-100,0.287163593124,5.82451012434,3.75427451364,0.644564853265,0.0493026172148,0.0764897697493
10,80,80,130,90,-100,0.252865636939,5.10330385263,4.72018420837,0.924927134396,0.0495493986329,0.0535711374337
10,80,90,130,90,-100,0.211349766326,4.24684933915,5.53912602274,1.30429068243,0.0497662500944,0.0381557966831
10,80,100,130,90,-100,0.163877420004,3.2811695209,6.19331176756,1.88753178649,0.0499448196628,0.0264603860027
10,80,110,130,90,-100,0.111834901562,2.23321634264,6.66953140598,2.98651379118,0.0500779523359,0.0167680298292
10,80,120,130,90,-100,0.0566980261756,1.13034007456,6.95875028725,6.15633334061,0.0501601486593,0.00814773110617
10,80,130,130,90,-100,1.13330845061e-16,2.29883013312e-16,7.05572811374,3.0692690217e+16,0.49299355976,1.60622466221e-17
10,80,140,130,90,-100,0.0566980261756,1.13034007456,6.95875028725,6.15633334061,0.0501601486593,0.00814773110617
10,80,150,130,90,-100,0.111834901562,2.23321634264,6.66953140598,2.98651379118,0.0500779523359,0.0167680298292
10,80,160,130,90,-100,0.163877420004,3.2811695209,6.19331176756,1.88753178649,0.0499448196628,0.0264603860027
10,80,170,130,90,-100,0.211349766326,4.24684933915,5.53912602274,1.30429068243,0.0497662500944,0.0381557966831
10,80,180,130,90,-100,0.252865636939,5.10330385263,4.72018420837,0.924927134396,0.0495493986329,0.0535711374337
10,80,190,130,90,-100,0.287163593124,5.82451012434,3.75427451364,0.644564853265,0.0493026172148,0.0764897697493
10,80,200,130,90,-100,0.313145389204,6.3861649188,2.66407854987,0.417164070103,0.0490349674939,0.117543602165
10,80,210,130,90,-100,0.32991611104,6.76671138245,1.47728632778,0.218316733829,0.0487557533332,0.223325772963
10,80,220,130,90,-100,0.336824088833,6.94853574956,0.226410456768,0.0325839090318,0.0484741103699,1.48767019705
10,80,230,130,90,-100,0.333497837129,6.91923237405,1.05177385679,0.152007303691,0.0481986756768,0.317081314557
10,80,240,130,90,-100,0.319876832356,6.67281061946,2.31719760533,0.347259608804,0.0479373461346,0.138044693133
10,80,250,130,90,-100,0.296232841949,6.21070683211,3.52786405687,0.568029397014,0.0476971220759,0.0839694606065
10,80,260,130,90,-100,0.26317880618,5.54247054489,4.64155268192,0.837451934895,0.047484024326,0.0567005965924
10,80,270,130,90,-100,0.221662935567,4.68601603141,5.61775754918,1.1988344708,0.0473030681246,0.0394575475403
10,80,280,130,90,-100,0.172946668829,3.66736622866,6.41972222432,1.75049935677,0.0471582760067,0.0269398990775
10,80,290,130,90,-100,0.118566344714,2.5198620433,7.01641235052,2.78444304885,0.0470527126791,0.0168984288253
10,80,300,130,90,-100,0.060279752265,1.28286106617,7.38426275824,5.75608922352,0.0469885273275,0.00816327292764
10,80,310,130,90,-100,7.80726292587e-17,9.8539982786e-16,7.50854902728,7.61979941034e+15,0.0792293920207,1.03978317216e-17
10,80,320,130,90,-100,0.060279752265,1.28286106617,7.38426275824,5.75608922352,0.0469885273275,0.00816327292764
10,80,330,130,90,-100,0.118566344714,2.5198620433,7.01641235052,2.78444304885,0.0470527126791,0.0168984288253
10,80,340,130,90,-100,0.172946668829,3.66736622866,6.41972222432,1.75049935677,0.0471582760067,0.0269398990775
10,80,350,130,90,-100,0.221662935567,4.68601603141,5.61775754918,1.1988344708,0.0473030681246,0.0394575475403
10,80,360,130,90,-100,0.26317880618,5.54247054489,4.64155268192,0.837451934895,0.047484024326,0.0567005965924
15,75,0,130,90,-100,0.388658756018,5.22660875435,4.53252182913,0.867201285223,0.074361555319,0.0857488988845
15,75,10,130,90,-100,0.436508065941,5.82814888032,3.40252822638,0.583809421525,0.0748965194446,0.128289329845
15,75,20,130,90,-100,0.47018533753,6.22713246844,2.18437508405,0.350783461749,0.0755059154295,0.2152493594
15,75,30,130,90,-100,0.488901609515,6.41800238253,0.923176187471,0.143841671044,0.0761766014369,0.529586460472
15,75,40,130,90,-100,0.492403876506,6.40380518599,0.337460139284,0.0526968153282,0.0768923885417,1.45914678264
15,75,50,130,90,-100,0.480944700878,6.19503160935,1.55739379286,0.251394002657,0.077633938163,0.308813803601
15,75,60,130,90,-100,0.455231240868,5.80808448801,2.70139401299,0.465109283202,0.07837889442,0.168517157689
15,75,70,130,90,-100,0.416360466011,5.26356706358,3.73998836567,0.710542550421,0.0791023389617,0.111326674124
15,75,80,130,90,-100,0.365747750718,4.58459000073,4.64972050557,1.01420639683,0.0797776356576,0.0786601582352
15,75,90,130,90,-100,0.30505560813,3.79527725159,5.41288580701,1.42621617557,0.080377687296,0.0563572960906
15,75,100,130,90,-100,0.236128138288,2.91961168462,6.01687074603,2.06084623435,0.0808765561296,0.0392443428245
15,75,110,130,90,-100,0.160934996086,1.98070637733,6.45326067092,3.2580602278,0.0812513141413,0.0249385549868
15,75,120,130,90,-100,0.0815265815126,1.00052371409,6.71689691318,6.71338102097,0.0814839072425,0.0121375365093
15,75,130,130,90,-100,1.07208776889e-16,2.95531905269e-16,6.80505645277,2.30264696685e+16,0.362765491567,1.57542817804e-17
15,75,140,130,90,-100,0.0815265815126,1.00052371409,6.71689691318,6.71338102097,0.0814839072425,0.0121375365093
15,75,150,130,90,-100,0.160934996086,1.98070637733,6.45326067092,3.2580602278,0.0812513141413,0.0249385549868
15,75,160,130,90,-100,0.236128138288,2.91961168462,6.01687074603,2.06084623435,0.0808765561296,0.0392443428245
15,75,170,130,90,-100,0.30505560813,3.79527725159,5.41288580701,1.42621617557,0.080377687296,0.0563572960906
15,75,180,130,90,-100,0.365747750718,4.58459000073,4.64972050557,1.01420639683,0.0797776356576,0.0786601582352
15,75,190,130,90,-100,0.416360466011,5.26356706358,3.73998836567,0.710542550421,0.0791023389617,0.111326674124
15,75,200,130,90,-100,0.455231240868,5.80808448801,2.70139401299,0.465109283202,0.07837889442,0.168517157689
15,75,210,130,90,-100,0.480944700878,6.19503160935,1.55739379286,0.251394002657,0.077633938163,0.308813803601
15,75,220,130,90,-100,0.492403876506,6.40380518599,0.337460139284,0.0526968153282,0.0768923885417,1.45914678264
15,75,230,130,90,-100,0.488901609515,6.41800238253,0.923176187471,0.143841671044,0.0761766014369,0.529586460472
15,75,240,130,90,-100,0.47018533753,6.22713246844,2.18437508405,0.350783461749,0.0755059154295,0.2152493594
15,75,250,130,90,-100,0.436508065941,5.82814888032,3.40252822638,0.583809421525,0.0748965194446,0.128289329845
15,75,260,130,90,-100,0.388658756018,5.22660875435,4.53252182913,0.867201285223,0.074361555319,0.0857488988845
15,75,270,130,90,-100,0.32796661343,4.43729600521,5.53008448345,1.24627351363,0.0739113669777,0.0593058956714
15,75,280,130,90,-100,0.256275738218,3.48419350137,6.35433088531,1.82375946767,0.0735538190166,0.0403308771362
15,75,290,130,90,-100,0.175889092748,2.39975435776,6.97027959987,2.90458045313,0.0732946237515,0.0252341516904
15,75,300,130,90,-100,0.0894834901502,1.22349448727,7.35111451857,6.00829394413,0.0731376324789,0.0121727786888
15,75,310,130,90,-100,5.4690505264e-17,1.02132672734e-15,7.47997673134,7.32378437881e+15,0.053548491193,7.31158761963e-18
15,75,320,130,90,-100,0.0894834901502,1.22349448727,7.35111451857,6.00829394413,0.0731376324789,0.0121727786888
15,75,330,130,90,-100,0.175889092748,2.39975435776,6.97027959987,2.90458045313,0.0732946237515,0.0252341516904
15,75,340,130,90,-100,0.256275738218,3.48419350137,6.35433088531,1.82375946767,0.0735538190166,0.0403308771362
15,75,350,130,90,-100,0.32796661343,4.43729600521,5.53008448345,1.24627351363,0.0739113669777,0.0593058956714
15,75,360,130,90,-100,0.388658756018,5.22660875435,4.53252182913,0.867201285223,0.074361555319,0.0857488988845
20,70,0,130,90,-100,0.504927533471,4.7519391016,4.38899574841,0.923622052928,0.1062571558,0.115043978717
20,70,10,130,90,-100,0.565804880052,5.268505574,3.25129710159,0.617119419525,0.107393808757,0.174024354703
20,70,20,130,90,-100,0.607903241002,5.59224604845,2.03492814941,0.363883872738,0.108704666378,0.298734498895
20,70,30,130,90,-100,0.630352639286,5.72176463629,0.787552589933,0.137641556407,0.11016752337,0.80039434489
20,70,40,130,90,-100,0.633022221559,5.66449824232,0.445941546376,0.0787256924266,0.111752567391,1.41951838016
20,70,50,130,90,-100,0.616457743955,5.43511893563,1.6256485508,0.299100823744,0.113421205912,0.379207266942
20,70,60,130,90,-100,0.581789379784,5.05352834908,2.71815023653,0.537871769735,0.115125381634,0.214038713522
20,70,70,130,90,-100,0.53062177001,4.54269318108,3.69723864797,0.813886939,0.116807750129,0.143518398603
20,70,80,130,90,-100,0.464918776922,3.92657570157,4.54386962216,1.1572092244,0.118403110562,0.102317807416
20,70,90,130,90,-100,0.386894462401,3.22838758524,5.24545026189,1.62478950355,0.119841392084,0.0737581033246
20,70,100,130,90,-100,0.298919555759,2.4693429247,5.79463770504,2.34663142453,0.121052265673,0.0515855470134
20,70,110,130,90,-100,0.203449420337,1.66801365102,6.18787672557,3.7097278681,0.121971076323,0.0328787125795
20,70,120,130,90,-100,0.102975707531,0.840306946849,6.42392389782,7.64473496489,0.12254534836,0.0160300322932
20,70,130,130,90,-100,9.96614725618e-17,3.52201209831e-16,6.50259420318,1.84627253447e+16,0.282967433899,1.53264173417e-17
20,70,140,130,90,-100,0.102975707531,0.840306946849,6.42392389782,7.64473496489,0.12254534836,0.0160300322932
20,70,150,130,90,-100,0.203449420337,1.66801365102,6.18787672557,3.7097278681,0.121971076323,0.0328787125795
20,70,160,130,90,-100,0.298919555759,2.4693429247,5.79463770504,2.34663142453,0.121052265673,0.0515855470134
20,70,170,130,90,-100,0.386894462401,3.22838758524,5.24545026189,1.62478950355,0.119841392084,0.0737581033246
20,70,180,130,90,-100,0.464918776922,3.92657570157,4.54386962216,1.1572092244,0.118403110562,0.102317807416
20,70,190,130,90,-100,0.53062177001,4.54269318108,3.69723864797,0.813886939,0.116807750129,0.143518398603
20,70,200,130,90,-100,0.581789379784,5.05352834908,2.71815023653,0.537871769735,0.115125381634,0.214038713522
20,70,210,130,90,-100,0.616457743955,5.43511893563,1.6256485508,0.299100823744,0.113421205912,0.379207266942
20,70,220,130,90,-100,0.633022221559,5.66449824232,0.445941546376,0.0787256924266,0.111752567391,1.41951838016
20,70,230,130,90,-100,0.630352639286,5.72176463629,0.787552589933,0.137641556407,0.11016752337,0.80039434489
20,70,240,130,90,-100,0.607903241002,5.59224604845,2.03492814941,0.363883872738,0.108704666378,0.298734498895
20,70,250,130,90,-100,0.565804880052,5.268505574,3.25129710159,0.617119419525,0.107393808757,0.174024354703
20,70,260,130,90,-100,0.504927533471,4.7519391016,4.38899574841,0.923622052928,0.1062571558,0.115043978717
20,70,270,130,90,-100,0.426903218949,4.05375098527,5.40032413564,1.33217954316,0.105310666713,0.0790514065872
20,70,280,130,90,-100,0.334102665801,3.19515531762,6.24057925141,1.9531379952,0.104565391222,0.0535371240939
20,70,290,130,90,-100,0.229563281555,2.20673135039,6.87109881269,3.11369973126,0.104028649212,0.0334099811126
20,70,300,130,90,-100,0.116870602862,1.1269526475,7.26201985868,6.4439440954,0.103704980968,0.0160934017169
20,70,310,130,90,-100,3.08327366082e-17,1.02622113102e-15,7.39447729594,7.20553989039e+15,0.0300449247011,4.16969792106e-18
20,70,320,130,90,-100,0.116870602862,1.1269526475,7.26201985868,6.4439440954,0.103704980968,0.0160934017169
20,70,330,130,90,-100,0.229563281555,2.20673135039,6.87109881269,3.11369973126,0.104028649212,0.0334099811126
20,70,340,130,90,-100,0.334102665801,3.19515531762,6.24057925141,1.9531379952,0.104565391222,0.0535371240939
20,70,350,130,90,-100,0.426903218949,4.05375098527,5.40032413564,1.33217954316,0.105310666713,0.0790514065872
20,70,360,130,90,-100,0.504927533471,4.7519391016,4.38899574841,0.923622052928,0.1062571558,0.115043978717
25,65,0,130,90,-100,0.608452370571,4.13288418384,4.21206675989,1.01915915678,0.147222216618,0.144454588509
25,65,10,130,90,-100,0.68019466601,4.5487813918,3.07532164267,0.676075937219,0.149533382113,0.22117838231
25,65,20,130,90,-100,0.728846053962,4.78744206209,1.86999418283,0.390604034176,0.15224122705,0.389758460562
25,65,30,130,90,-100,0.75355300848,4.85167396692,0.645935241648,0.133136572254,0.155318146606,1.16660767193
25,65,40,130,90,-100,0.754406506735,4.75307838594,0.551029069033,0.115930987097,0.1587195593,1.36908658568
25,65,50,130,90,-100,0.732337745032,4.51006292337,1.68153114167,0.372839840649,0.162378609229,0.435518395637
25,65,60,130,90,-100,0.688974400943,4.14542330847,2.71421969549,0.65475091288,0.166201217505,0.253838848081
25,65,70,130,90,-100,0.626475733216,3.683791865,3.6263507117,0.984407057891,0.17006273866,0.172756521093
25,65,80,130,90,-100,0.547365454104,3.14925438667,4.40343714725,1.39824752357,0.173807951629,0.124304136928
25,65,90,130,90,-100,0.454379696963,2.56340499576,5.03809367299,1.9653912204,0.177256304686,0.0901888147493
25,65,100,130,90,-100,0.350343786971,1.94404442956,5.52830397221,2.84371277124,0.180213878676,0.0633727430207
25,65,110,130,90,-100,0.23808639505,1.30463917399,5.875399302,4.50346687356,0.1824921402,0.0405225896679
25,65,120,130,90,-100,0.120393683391,0.654557878247,6.08206094272,9.29186118577,0.183931302933,0.0197948827749
25,65,130,130,90,-100,9.09182531038e-17,3.98169058854e-16,6.15064328534,1.54473160296e+16,0.228340829309,1.47819096127e-17
25,65,140,130,90,-100,0.120393683391,0.654557878247,6.08206094272,9.29186118577,0.183931302933,0.0197948827749
25,65,150,130,90,-100,0.23808639505,1.30463917399,5.875399302,4.50346687356,0.1824921402,0.0405225896679
25,65,160,130,90,-100,0.350343786971,1.94404442956,5.52830397221,2.84371277124,0.180213878676,0.0633727430207
25,65,170,130,90,-100,0.454379696963,2.56340499576,5.03809367299,1.9653912204,0.177256304686,0.0901888147493
25,65,180,130,90,-100,0.547365454104,3.14925438667,4.40343714725,1.39824752357,0.173807951629,0.124304136928
25,65,190,130,90,-100,0.626475733216,3.683791865,3.6263507117,0.984407057891,0.17006273866,0.172756521093
25,65,200,130,90,-100,0.688974400943,4.14542330847,2.71421969549,0.65475091288,0.166201217505,0.253838848081
25,65,210,130,90,-100,0.732337745032,4.51006292337,1.68153114167,0.372839840649,0.162378609229,0.435518395637
25,65,220,130,90,-100,0.754406506735,4.75307838594,0.551029069033,0.115930987097,0.1587195593,1.36908658568
25,65,230,130,90,-100,0.75355300848,4.85167396692,0.645935241648,0.133136572254,0.155318146606,1.16660767193
25,65,240,130,90,-100,0.728846053962,4.78744206209,1.86999418283,0.390604034176,0.15224122705,0.389758460562
25,65,250,130,90,-100,0.68019466601,4.5487813918,3.07532164267,0.676075937219,0.149533382113,0.22117838231
25,65,260,130,90,-100,0.608452370571,4.13288418384,4.21206675989,1.01915915678,0.147222216618,0.144454588509
25,65,270,130,90,-100,0.51546661343,3.54703479294,5.22946406035,1.47431992231,0.145323247028,0.0985696827593
25,65,280,130,90,-100,0.404062719765,2.80903395637,6.07933304124,2.16420774389,0.143844014006,0.0664649751911
25,65,290,130,90,-100,0.277958048069,1.94665792761,6.71962481466,3.45187755864,0.142787309536,0.0413651142342
25,65,300,130,90,-100,0.141608946838,0.996168921804,7.11765684274,7.14503001143,0.142153548197,0.0198954445216
25,65,310,130,90,-100,7.22422951943e-18,9.99934324931e-16,7.25270142341,7.25317777636e+15,0.00722470400236,9.96074303585e-19
25,65,320,130,90,-100,0.141608946838,0.996168921804,7.11765684274,7.14503001143,0.142153548197,0.0198954445216
25,65,330,130,90,-100,0.277958048069,1.94665792761,6.71962481466,3.45187755864,0.142787309536,0.0413651142342
25,65,340,130,90,-100,0.404062719765,2.80903395637,6.07933304124,2.16420774389,0.143844014006,0.0664649751911
25,65,350,130,90,-100,0.51546661343,3.54703479294,5.22946406035,1.47431992231,0.145323247028,0.0985696827593
25,65,360,130,90,-100,0.608452370571,4.13288418384,4.21206675989,1.01915915678,0.147222216618,0.144454588509
30,60,0,130,90,-100,0.696087717529,3.3882536715,4.00308140002,1.18145858844,0.205441441231,0.17388797478
30,60,10,130,90,-100,0.776201748054,3.69084478881,2.87594112912,0.779209447614,0.210304630096,0.26989486683
30,60,20,130,90,-100,0.829338990238,3.83717407124,1.69082843139,0.440644182412,0.216132751562,0.490492692718
30,60,30,130,90,-100,0.85475933622,3.83416763914,0.499401936148,0.130250417601,0.222932176333,1.71156592386
30,60,40,130,90,-100,0.852868531952,3.69723864797,0.651922927755,0.176326980708,0.230677165625,1.30823521561
30,60,50,130,90,-100,0.825063748913,3.44797093137,1.72461626521,0.500182948041,0.239289647545,0.47840424885
30,60,60,130,90,-100,0.773529541714,3.11136167832,2.68963230369,0.8644550463,0.248614472275,0.287596762075
30,60,70,130,90,-100,0.701009881464,2.71296039718,3.52786405687,1.30037432929,0.258392965188,0.198706602682
30,60,80,130,90,-100,0.610582681698,2.27624457082,4.22949185678,1.85810079945,0.2682412468,0.14436312975
30,60,90,130,90,-100,0.505460807115,1.82053464263,4.79239414916,2.63241030242,0.277644157535,0.105471459856
30,60,100,130,90,-100,0.388838332681,1.35967712817,5.21989650807,3.83907061459,0.285978431663,0.0744915789192
30,60,110,130,90,-100,0.263793493274,0.901623895829,5.51820654207,6.12029757375,0.292575978182,0.0478042079909
30,60,120,130,90,-100,0.13325127271,0.448920399737,5.69390983141,12.6835622412,0.296826058222,0.0234024205959
30,60,130,130,90,-100,8.12447768135e-17,4.32038742507e-16,5.75188225823,1.33133483003e+16,0.188049748367,1.4124902626e-17
30,60,140,130,90,-100,0.13325127271,0.448920399737,5.69390983141,12.6835622412,0.296826058222,0.0234024205959
30,60,150,130,90,-100,0.263793493274,0.901623895829,5.51820654207,6.12029757375,0.292575978182,0.0478042079909
30,60,160,130,90,-100,0.388838332681,1.35967712817,5.21989650807,3.83907061459,0.285978431663,0.0744915789192
30,60,170,130,90,-100,0.505460807115,1.82053464263,4.79239414916,2.63241030242,0.277644157535,0.105471459856
30,60,180,130,90,-100,0.610582681698,2.27624457082,4.22949185678,1.85810079945,0.2682412468,0.14436312975
30,60,190,130,90,-100,0.701009881464,2.71296039718,3.52786405687,1.30037432929,0.258392965188,0.198706602682
30,60,200,130,90,-100,0.773529541714,3.11136167832,2.68963230369,0.8644550463,0.248614472275,0.287596762075
30,60,210,130,90,-100,0.825063748913,3.44797093137,1.72461626521,0.500182948041,0.239289647545,0.47840424885
30,60,220,130,90,-100,0.852868531952,3.69723864797,0.651922927755,0.176326980708,0.230677165625,1.30823521561
30,60,230,130,90,-100,0.85475933622,3.83416763914,0.499401936148,0.130250417601,0.222932176333,1.71156592386
30,60,240,130,90,-100,0.829338990238,3.83717407124,1.69082843139,0.440644182412,0.216132751562,0.490492692718
30,60,250,130,90,-100,0.776201748054,3.69084478881,2.87594112912,0.779209447614,0.210304630096,0.26989486683
30,60,260,130,90,-100,0.696087717529,3.3882536715,4.00308140002,1.18145858844,0.205441441231,0.17388797478
30,60,270,130,90,-100,0.590965842946,2.93254374331,5.01880460593,1.71141679212,0.201519873078,0.11775031892
30,60,280,130,90,-100,0.464030199271,2.3375615198,5.87181943583,2.51194220391,0.19851036875,0.0790266465688
30,60,290,130,90,-100,0.319602941799,1.62743628875,6.51701041437,4.00446423583,0.196384303342,0.0490413428056
30,60,300,130,90,-100,0.162946860016,0.835117107502,6.91912416047,8.28521425118,0.195118575051,0.0235502147725
30,60,310,130,90,-100,1.5417683461e-17,9.43265020369e-16,7.05572811374,7.48011212266e+15,0.0163450177077,2.18513004079e-18
30,60,320,130,90,-100,0.162946860016,0.835117107502,6.91912416047,8.28521425118,0.195118575051,0.0235502147725
30,60,330,130,90,-100,0.319602941799,1.62743628875,6.51701041437,4.00446423583,0.196384303342,0.0490413428056
30,60,340,130,90,-100,0.464030199271,2.3375615198,5.87181943583,2.51194220391,0.19851036875,0.0790266465688
30,60,350,130,90,-100,0.590965842946,2.93254374331,5.01880460593,1.71141679212,0.201519873078,0.11775031892
30,60,360,130,90,-100,0.696087717529,3.3882536715,4.00308140002,1.18145858844,0.205441441231,0.17388797478
35,55,0,130,90,-100,0.765170818674,2.54067278589,3.76363017356,1.48135178779,0.301168581379,0.203306590549
35,55,10,130,90,-100,0.850908999578,2.72076373457,2.65467296703,0.975708744314,0.312746376603,0.320532513852
35,55,20,130,90,-100,0.906328622815,2.77031548793,1.49879445464,0.541019411387,0.327157187245,0.604705081481
35,55,30,130,90,-100,0.930896519453,2.70016206782,0.349067880367,0.12927664029,0.344755794679,2.66680657777
35,55,40,130,90,-100,0.925416578398,2.52906018457,0.747855259354,0.295704809208,0.36591322897,1.23742738561
35,55,50,130,90,-100,0.891818322893,2.28111408739,1.75457601763,0.769175039219,0.390957351859,0.508281381902
35,55,60,130,90,-100,0.832885636933,1.982762898,2.64457518601,1.33378286868,0.420063154184,0.314941182742
35,55,70,130,90,-100,0.751959532374,1.65969700052,3.40252822638,2.05009000156,0.453070368953,0.221000233457
35,55,80,130,90,-100,0.652649636231,1.33407221552,4.02335757945,3.0158469179,0.489216122363,0.162215170624
35,55,90,130,90,-100,0.538585719172,1.02234826561,4.51022161212,4.41162934767,0.526812376258,0.119414469064
35,55,100,130,90,-100,0.413233555597,0.733996725262,4.87176247965,6.63730819496,0.562991007146,0.0848221885453
35,55,110,130,90,-100,0.279789617839,0.471213231841,5.11901689838,10.8634829255,0.593764348988,0.0546569045175
35,55,120,130,90,-100,0.141157804142,0.229642702046,5.2624246282,22.9157059263,0.614684476729,0.0268237198848
35,55,130,130,90,-100,7.0934967373e-17,4.52781147592e-16,5.30934593406,1.17260755274e+16,0.156665019624,1.33603966014e-17
35,55,140,130,90,-100,0.141157804142,0.229642702046,5.2624246282,22.9157059263,0.614684476729,0.0268237198848
35,55,150,130,90,-100,0.279789617839,0.471213231841,5.11901689838,10.8634829255,0.593764348988,0.0546569045175
35,55,160,130,90,-100,0.413233555597,0.733996725262,4.87176247965,6.63730819496,0.562991007146,0.0848221885453
35,55,170,130,90,-100,0.538585719172,1.02234826561,4.51022161212,4.41162934767,0.526812376258,0.119414469064
35,55,180,130,90,-100,0.652649636231,1.33407221552,4.02335757945,3.0158469179,0.489216122363,0.162215170624
35,55,190,130,90,-100,0.751959532374,1.65969700052,3.40252822638,2.05009000156,0.453070368953,0.221000233457
35,55,200,130,90,-100,0.832885636933,1.982762898,2.64457518601,1.33378286868,0.420063154184,0.314941182742
35,55,210,130,90,-100,0.891818322893,2.28111408739,1.75457601763,0.769175039219,0.390957351859,0.508281381902
35,55,220,130,90,-100,0.925416578398,2.52906018457,0.747855259354,0.295704809208,0.36591322897,1.23742738561
35,55,230,130,90,-100,0.930896519453,2.70016206782,0.349067880367,0.12927664029,0.344755794679,2.66680657777
35,55,240,130,90,-100,0.906328622815,2.77031548793,1.49879445464,0.541019411387,0.327157187245,0.604705081481
35,55,250,130,90,-100,0.850908999578,2.72076373457,2.65467296703,0.975708744314,0.312746376603,0.320532513852
35,55,260,130,90,-100,0.765170818674,2.54067278589,3.76363017356,1.48135178779,0.301168581379,0.203306590549
35,55,270,130,90,-100,0.651106901614,2.22894883598,4.76994901801,2.13999933108,0.292113883955,0.1365018576
35,55,280,130,90,-100,0.512183022801,1.79506345931,5.61961773901,3.13059558416,0.285328644034,0.0911419684734
35,55,290,130,90,-100,0.353232603721,1.25876582177,6.26479762975,4.97693655276,0.280618203649,0.0563837213262
35,55,300,130,90,-100,0.180236000702,0.648690682477,6.66793276546,10.2790635746,0.277845829407,0.0270302666571
35,55,310,130,90,-100,3.64050392645e-17,8.57935085479e-16,6.80505645277,7.9319013384e+15,0.0424333261113,5.34970422614e-18
35,55,320,130,90,-100,0.180236000702,0.648690682477,6.66793276546,10.2790635746,0.277845829407,0.0270302666571
35,55,330,130,90,-100,0.353232603721,1.25876582177,6.26479762975,4.97693655276,0.280618203649,0.0563837213262
35,55,340,130,90,-100,0.512183022801,1.79506345931,5.61961773901,3.13059558416,0.285328644034,0.0911419684734
35,55,350,130,90,-100,0.651106901614,2.22894883598,4.76994901801,2.13999933108,0.292113883955,0.1365018576
35,55,360,130,90,-100,0.765170818674,2.54067278589,3.76363017356,1.48135178779,0.301168581379,0.203306590549
40,50,0,130,90,-100,0.813602618934,1.61589484332,3.49553544894,2.16321963239,0.503499730999,0.232754789879
40,50,10,130,90,-100,0.902046478548,1.66801365102,2.41320114073,1.44675143351,0.540790825061,0.373796640207
40,50,20,130,90,-100,0.957475660664,1.61928227038,1.29535374709,0.799955493112,0.59129632812,0.739161532375
40,50,30,130,90,-100,0.979651168392,1.48411343842,0.196077207243,0.132117398959,0.660091838691,4.99625215069
40,50,40,130,90,-100,0.969846310393,1.28403750724,0.838095960863,0.652703644666,0.755309953896,1.15720198603
40,50,50,130,90,-100,0.930573163019,1.04494674616,1.77118238711,1.69499775335,0.890546017241,0.525396576768
40,50,60,130,90,-100,0.865239181681,0.793918870352,2.57939125433,3.2489355659,1.0898332487,0.335443171031
40,50,70,130,90,-100,0.777776606585,0.55600455034,3.25129710159,5.84760880033,1.3988673404,0.239220404129
40,50,80,130,90,-100,0.672288134578,0.351364751033,3.78660312157,10.7768440358,1.91336248898,0.177543860023
40,50,90,130,90,-100,0.552747949443,0.193098353882,4.19372356527,21.7180699936,2.86252025628,0.131803620539
40,50,100,130,90,-100,0.422788219215,0.086014203279,4.48655139711,52.1605877411,4.91533029544,0.0942345649907
40,50,110,130,90,-100,0.285588734593,0.0264849922484,4.68086844514,176.736636403,10.7830401427,0.0610119121996
40,50,120,130,90,-100,0.14387304173,0.00338742705733,4.79088919603,1414.31508781,42.4726611955,0.0300305508734
40,50,130,130,90,-100,6.03020831251e-17,4.59766026625e-16,4.82640228146,1.04975183071e+16,0.131158197068,1.24942098914e-17
40,50,140,130,90,-100,0.14387304173,0.00338742705733,4.79088919603,1414.31508781,42.4726611955,0.0300305508734
40,50,150,130,90,-100,0.285588734593,0.0264849922484,4.68086844514,176.736636403,10.7830401427,0.0610119121996
40,50,160,130,90,-100,0.422788219215,0.086014203279,4.48655139711,52.1605877411,4.91533029544,0.0942345649907
40,50,170,130,90,-100,0.552747949443,0.193098353882,4.19372356527,21.7180699936,2.86252025628,0.131803620539
40,50,180,130,90,-100,0.672288134578,0.351364751033,3.78660312157,10.7768440358,1.91336248898,0.177543860023
40,50,190,130,90,-100,0.777776606585,0.55600455034,3.25129710159,5.84760880033,1.3988673404,0.239220404129
40,50,200,130,90,-100,0.865239181681,0.793918870352,2.57939125433,3.2489355659,1.0898332487,0.335443171031
40,50,210,130,90,-100,0.930573163019,1.04494674616,1.77118238711,1.69499775335,0.890546017241,0.525396576768
40,50,220,130,90,-100,0.969846310393,1.28403750724,0.838095960863,0.652703644666,0.755309953896,1.15720198603
40,50,230,130,90,-100,0.979651168392,1.48411343842,0.196077207243,0.132117398959,0.660091838691,4.99625215069
40,50,240,130,90,-100,0.957475660664,1.61928227038,1.29535374709,0.799955493112,0.59129632812,0.739161532375
40,50,250,130,90,-100,0.902046478548,1.66801365102,2.41320114073,1.44675143351,0.540790825061,0.373796640207
40,50,260,130,90,-100,0.813602618934,1.61589484332,3.49553544894,2.16321963239,0.503499730999,0.232754789879
40,50,270,130,90,-100,0.694062433799,1.45762844617,4.4847912379,3.07677258199,0.476158677901,0.154759139719
40,50,280,130,90,-100,0.547058091178,1.19802330396,5.32464735797,4.44452736468,0.456633931385,0.102740717723
40,50,290,130,90,-100,0.377825213576,0.851848392274,5.96490595238,7.00230933871,0.443535747678,0.0633413530058
40,50,300,130,90,-100,0.192951047103,0.442554119319,6.3659943759,14.3846686722,0.435994240434,0.0303096477486
40,50,310,130,90,-100,5.51001477051e-17,7.46537227152e-16,6.50259420318,8.71034151637e+15,0.0738076357093,8.47356393208e-18
40,50,320,130,90,-100,0.192951047103,0.442554119319,6.3659943759,14.3846686722,0.435994240434,0.0303096477486
40,50,330,130,90,-100,0.377825213576,0.851848392274,5.96490595238,7.00230933871,0.443535747678,0.0633413530058
40,50,340,130,90,-100,0.547058091178,1.19802330396,5.32464735797,4.44452736468,0.456633931385,0.102740717723
40,50,350,130,90,-100,0.694062433799,1.45762844617,4.4847912379,3.07677258199,0.476158677901,0.154759139719
40,50,360,130,90,-100,0.813602618934,1.61589484332,3.49553544894,2.16321963239,0.503499730999,0.232754789879
45,45,0,130,90,-100,0.839911542567,0.642018753619,3.20083758889,4.98558269653,1.30823521561,0.262403673801
45,45,10,130,90,-100,0.928060398543,0.564581816745,2.15336339662,3.81408563427,1.64380143146,0.430981784125
45,45,20,130,90,-100,0.981226026923,0.419047980431,1.08205461536,2.58217355982,2.34156009036,0.906817468351
45,45,30,130,90,-100,0.9995418977,0.222970773188,0.0415942681778,0.186545831021,4.48283819179,24.0307605228
45,45,40,130,90,-100,0.984807753012,5.32618680268e-16,0.921958246053,1.73099119541e+15,1.84899213921e+15,1.06816958059
45,45,50,130,90,-100,0.940150723086,0.222970773188,1.77430898915,7.95758548883,4.21647514445,0.529868658071
45,45,60,130,90,-100,0.869607129874,0.419047980431,2.49457659772,5.95296174712,2.07519704302,0.348599089188
45,45,70,130,90,-100,0.777676665362,0.564581816745,3.07532164267,5.44707879612,1.37743838412,0.252876529912
45,45,80,130,90,-100,0.668901470904,0.642018753619,3.52103032752,5.48431071159,1.04187216827,0.18997322053
45,45,90,130,90,-100,0.547517185728,0.642018753619,3.84530874985,5.98940253408,0.852805595851,0.142385754005
45,45,100,130,90,-100,0.417212009916,0.564581816745,4.06719494938,7.20390708442,0.738975286737,0.102579791505
45,45,110,130,90,-100,0.281014640309,0.419047980431,4.20709575665,10.0396516703,0.670602540596,0.0667953991455
45,45,120,130,90,-100,0.141314484356,0.222970773188,4.28289220426,19.2083121165,0.633780303738,0.0329951064879
45,45,130,130,90,-100,4.96691988772e-17,4.52781147592e-16,4.30672679323,9.5117184453e+15,0.109698027715,1.15329347e-17
45,45,140,130,90,-100,0.141314484356,0.222970773188,4.28289220426,19.2083121165,0.633780303738,0.0329951064879
45,45,150,130,90,-100,0.281014640309,0.419047980431,4.20709575665,10.0396516703,0.670602540596,0.0667953991455
45,45,160,130,90,-100,0.417212009916,0.564581816745,4.06719494938,7.20390708442,0.738975286737,0.102579791505
45,45,170,130,90,-100,0.547517185728,0.642018753619,3.84530874985,5.98940253408,0.852805595851,0.142385754005
45,45,180,130,90,-100,0.668901470904,0.642018753619,3.52103032752,5.48431071159,1.04187216827,0.18997322053
45,45,190,130,90,-100,0.777676665362,0.564581816745,3.07532164267,5.44707879612,1.37743838412,0.252876529912
45,45,200,130,90,-100,0.869607129874,0.419047980431,2.49457659772,5.95296174712,2.07519704302,0.348599089188
45,45,210,130,90,-100,0.940150723086,0.222970773188,1.77430898915,7.95758548883,4.21647514445,0.529868658071
45,45,220,130,90,-100,0.984807753012,1.2785059101e-15,0.921958246053,7.21121614511e+14,7.70280172531e+14,1.06816958059
45,45,230,130,90,-100,0.9995418977,0.222970773188,0.0415942681778,0.186545831021,4.48283819179,24.0307605228
45,45,240,130,90,-100,0.981226026923,0.419047980431,1.08205461536,2.58217355982,2.34156009036,0.906817468351
45,45,250,130,90,-100,0.928060398543,0.564581816745,2.15336339662,3.81408563427,1.64380143146,0.430981784125
45,45,260,130,90,-100,0.839911542567,0.642018753619,3.20083758889,4.98558269653,1.30823521561,0.262403673801
45,45,270,130,90,-100,0.718527257391,0.642018753619,4.16550148848,6.48813054914,1.11916864319,0.172494778691
45,45,280,130,90,-100,0.567595743096,0.564581816745,4.98915319544,8.83690024627,1.00533833408,0.11376594802
45,45,290,130,90,-100,0.392633537358,0.419047980431,5.61961773901,13.4104398576,0.936965587935,0.0698683710517
45,45,300,130,90,-100,0.20070565897,0.222970773188,6.01560692524,26.9793517743,0.900143351077,0.0333641578421
45,45,310,130,90,-100,7.0934967373e-17,6.12456212945e-16,6.15064328534,1.00425845233e+16,0.115820471527,1.15329347e-17
45,45,320,130,90,-100,0.20070565897,0.222970773188,6.01560692524,26.9793517743,0.900143351077,0.0333641578421
45,45,330,130,90,-100,0.392633537358,0.419047980431,5.61961773901,13.4104398576,0.936965587935,0.0698683710517
45,45,340,130,90,-100,0.567595743096,0.564581816745,4.98915319544,8.83690024627,1.00533833408,0.11376594802
45,45,350,130,90,-100,0.718527257391,0.642018753619,4.16550148848,6.48813054914,1.11916864319,0.172494778691
45,45,360,130,90,-100,0.839911542567,0.642018753619,3.20083758889,4.98558269653,1.30823521561,0.262403673801
50,40,0,130,90,-100,0.843298206241,0.351364751033,2.88177942208,8.20167479409,2.40006490054,0.292631073628
50,40,10,130,90,-100,0.928160339766,0.55600455034,1.87713725682,3.37611851498,1.66933946709,0.494455233038
50,40,20,130,90,-100,0.97685807873,0.793918870352,0.860520394657,1.08388958468,1.23042557018,1.13519456923
50,40,30,130,90,-100,0.989964337633,1.04494674616,0.113205228384,0.108335882953,0.947382573585,8.74486410005
50,40,40,130,90,-100,0.969846310393,1.28403750724,0.998803872297,0.77786191343,0.755309953896,0.971007759674
50,40,50,130,90,-100,0.920259993778,1.48411343842,1.76393202844,1.18854258898,0.62007389055,0.521709441715
50,40,60,130,90,-100,0.845856763615,1.61928227038,2.39077670693,1.47644221806,0.52236523495,0.353799985236
50,40,70,130,90,-100,0.751662745368,1.66801365102,2.87594112912,1.72417121848,0.450633449497,0.261362354659
50,40,80,130,90,-100,0.642592547271,1.61589484332,3.22866036662,1.99806341357,0.397669780263,0.199027607213
50,40,90,130,90,-100,0.523052362136,1.45762844617,3.46762881298,2.37895248415,0.358837921633,0.150838624993
50,40,100,130,90,-100,0.396674357997,1.19802330396,3.61688469225,3.01904368663,0.331107380538,0.109672934514
50,40,110,130,90,-100,0.266206316527,0.851848392274,3.70130452914,4.34502731086,0.312504336384,0.0719222950803
50,40,120,130,90,-100,0.133559872489,0.442554119319,3.74229981673,8.45614051112,0.301793309923,0.0356892496673
50,40,130,130,90,-100,3.93593894367e-17,4.32038742507e-16,3.75427451364,8.68967095833e+15,0.0911015276275,1.04838869118e-17
50,40,140,130,90,-100,0.133559872489,0.442554119319,3.74229981673,8.45614051112,0.301793309923,0.0356892496673
50,40,150,130,90,-100,0.266206316527,0.851848392274,3.70130452914,4.34502731086,0.312504336384,0.0719222950803
50,40,160,130,90,-100,0.396674357997,1.19802330396,3.61688469225,3.01904368663,0.331107380538,0.109672934514
50,40,170,130,90,-100,0.523052362136,1.45762844617,3.46762881298,2.37895248415,0.358837921633,0.150838624993
50,40,180,130,90,-100,0.642592547271,1.61589484332,3.22866036662,1.99806341357,0.397669780263,0.199027607213
50,40,190,130,90,-100,0.751662745368,1.66801365102,2.87594112912,1.72417121848,0.450633449497,0.261362354659
50,40,200,130,90,-100,0.845856763615,1.61928227038,2.39077670693,1.47644221806,0.52236523495,0.353799985236
50,40,210,130,90,-100,0.920259993778,1.48411343842,1.76393202844,1.18854258898,0.62007389055,0.521709441715
50,40,220,130,90,-100,0.969846310393,1.28403750724,0.998803872297,0.77786191343,0.755309953896,0.971007759674
50,40,230,130,90,-100,0.989964337633,1.04494674616,0.113205228384,0.108335882953,0.947382573585,8.74486410005
50,40,240,130,90,-100,0.97685807873,0.793918870352,0.860520394657,1.08388958468,1.23042557018,1.13519456923
50,40,250,130,90,-100,0.928160339766,0.55600455034,1.87713725682,3.37611851498,1.66933946709,0.494455233038
50,40,260,130,90,-100,0.843298206241,0.351364751033,2.88177942208,8.20167479409,2.40006490054,0.292631073628
50,40,270,130,90,-100,0.723758021106,0.193098353882,3.81450975753,19.7542323942,3.74813149131,0.189738149097
50,40,280,130,90,-100,0.573171952395,0.086014203279,4.61568856455,53.6619347572,6.66368960643,0.124179078458
50,40,290,130,90,-100,0.397207631642,0.0264849922484,5.23156084142,197.529257036,14.9974607474,0.0759252627814
50,40,300,130,90,-100,0.203264216344,0.00338742705733,5.61943707355,1658.91013399,60.0054887985,0.0361716331518
50,40,310,130,90,-100,8.34283652854e-17,4.59766026625e-16,5.75188225823,1.25104551558e+16,0.18145830804,1.45045328711e-17
50,40,320,130,90,-100,0.203264216344,0.00338742705733,5.61943707355,1658.91013399,60.0054887985,0.0361716331518
50,40,330,130,90,-100,0.397207631642,0.0264849922484,5.23156084142,197.529257036,14.9974607474,0.0759252627814
50,40,340,130,90,-100,0.573171952395,0.086014203279,4.61568856455,53.6619347572,6.66368960643,0.124179078458
50,40,350,130,90,-100,0.723758021106,0.193098353882,3.81450975753,19.7542323942,3.74813149131,0.189738149097
50,40,360,130,90,-100,0.843298206241,0.351364751033,2.88177942208,8.20167479409,2.40006490054,0.292631073628
55,35,0,130,90,-100,0.823659707894,1.33407221552,2.54078917379,1.90453645929,0.617402640059,0.324174754989
55,35,10,130,90,-100,0.902343265555,1.65969700052,1.58662496905,0.955972667637,0.543679518174,0.568718684727
55,35,20,130,90,-100,0.944504533982,1.982762898,0.63243709415,0.318967585477,0.476357780819,1.4934363318
55,35,30,130,90,-100,0.951209497507,2.28111408739,0.267143164802,0.117110830309,0.416993390539,3.56067316268
55,35,40,130,90,-100,0.925416578398,2.52906018457,1.06804799798,0.422310233854,0.36591322897,0.866455983392
55,35,50,130,90,-100,0.871505344839,2.70016206782,1.74013047989,0.644454086896,0.322760383618,0.500827584432
55,35,60,130,90,-100,0.794709725766,2.77031548793,2.26878156182,0.818961440205,0.286866145472,0.350280405632
55,35,70,130,90,-100,0.700525266398,2.72076373457,2.65467296703,0.975708744314,0.257473759113,0.263883828667
55,35,80,130,90,-100,0.594160747011,2.54067278589,2.91171835081,1.14604224794,0.233859610065,0.204058454639
55,35,90,130,90,-100,0.480096829951,2.22894883598,3.06355812704,1.37444075772,0.215391588269,0.156712166064
55,35,100,130,90,-100,0.361799289621,1.79506345931,3.13904775868,1.74871130176,0.201552367268,0.115257656919
55,35,110,130,90,-100,0.241613706672,1.25876582177,3.16734413925,2.51622985345,0.191944921361,0.0762827454325
55,35,120,130,90,-100,0.120844826088,0.648690682477,3.17322626794,4.89174016779,0.186290368202,0.0380826376325
55,35,130,130,90,-100,2.96859131464e-17,3.98169058854e-16,3.1732499381,7.96960453742e+15,0.0745560522253,9.35505041376e-18
55,35,140,130,90,-100,0.120844826088,0.648690682477,3.17322626794,4.89174016779,0.186290368202,0.0380826376325
55,35,150,130,90,-100,0.241613706672,1.25876582177,3.16734413925,2.51622985345,0.191944921361,0.0762827454325
55,35,160,130,90,-100,0.361799289621,1.79506345931,3.13904775868,1.74871130176,0.201552367268,0.115257656919
55,35,170,130,90,-100,0.480096829951,2.22894883598,3.06355812704,1.37444075772,0.215391588269,0.156712166064
55,35,180,130,90,-100,0.594160747011,2.54067278589,2.91171835081,1.14604224794,0.233859610065,0.204058454639
55,35,190,130,90,-100,0.700525266398,2.72076373457,2.65467296703,0.975708744314,0.257473759113,0.263883828667
55,35,200,130,90,-100,0.794709725766,2.77031548793,2.26878156182,0.818961440205,0.286866145472,0.350280405632
55,35,210,130,90,-100,0.871505344839,2.70016206782,1.74013047989,0.644454086896,0.322760383618,0.500827584432
55,35,220,130,90,-100,0.925416578398,2.52906018457,1.06804799798,0.422310233854,0.36591322897,0.866455983392
55,35,230,130,90,-100,0.951209497507,2.28111408739,0.267143164802,0.117110830309,0.416993390539,3.56067316268
55,35,240,130,90,-100,0.944504533982,1.982762898,0.63243709415,0.318967585477,0.476357780819,1.4934363318
55,35,250,130,90,-100,0.902343265555,1.65969700052,1.58662496905,0.955972667637,0.543679518174,0.568718684727
55,35,260,130,90,-100,0.823659707894,1.33407221552,2.54078917379,1.90453645929,0.617402640059,0.324174754989
55,35,270,130,90,-100,0.709595790834,1.02234826561,3.43448730406,3.35941031014,0.694084212495,0.206608942766
55,35,280,130,90,-100,0.563617288777,0.733996725262,4.20709575665,5.73176366033,0.767874391506,0.133968257767
55,35,290,130,90,-100,0.391408514887,0.471213231841,4.80368860693,10.1942990611,0.830639906605,0.0814808258643
55,35,300,130,90,-100,0.200548978755,0.229642702046,5.18049991263,22.5589573128,0.873308739921,0.0387122830108
55,35,310,130,90,-100,9.22007358687e-17,2.93106082239e-16,5.30934593406,1.81140762877e+16,0.314564389673,1.7365742789e-17
55,35,320,130,90,-100,0.200548978755,0.229642702046,5.18049991263,22.5589573128,0.873308739921,0.0387122830108
55,35,330,130,90,-100,0.391408514887,0.471213231841,4.80368860693,10.1942990611,0.830639906605,0.0814808258643
55,35,340,130,90,-100,0.563617288777,0.733996725262,4.20709575665,5.73176366033,0.767874391506,0.133968257767
55,35,350,130,90,-100,0.709595790834,1.02234826561,3.43448730406,3.35941031014,0.694084212495,0.206608942766
55,35,360,130,90,-100,0.823659707894,1.33407221552,2.54078917379,1.90453645929,0.617402640059,0.324174754989
60,30,0,130,90,-100,0.78159275336,2.27624457082,2.18046198572,0.957920784821,0.343369409149,0.358452822602
60,30,10,130,90,-100,0.851393614644,2.71296039718,1.28403750724,0.473297549266,0.313824564314,0.66305977033
60,30,20,130,90,-100,0.885148438763,3.11136167832,0.39954056548,0.128413410843,0.284489085576,2.21541569302
60,30,30,130,90,-100,0.884454923527,3.44797093137,0.419047980431,0.121534661623,0.256514611385,2.11062924732
60,30,40,130,90,-100,0.852868531952,3.69723864797,1.12916363349,0.305407289332,0.230677165625,0.755309953896
60,30,50,130,90,-100,0.795368161606,3.83416763914,1.70308548767,0.44418649573,0.20744219775,0.467015993833
60,30,60,130,90,-100,0.71772009319,3.83717407124,2.12951961909,0.554970814344,0.187043923436,0.33703380178
60,30,70,130,90,-100,0.625818014874,3.69084478881,2.41320114073,0.653834360102,0.169559559039,0.259331062095
60,30,80,130,90,-100,0.525077645866,3.3882536715,2.57261640021,0.759275027679,0.154969992443,0.204102580479
60,30,90,130,90,-100,0.419955771283,2.93254374331,2.63617191392,0.898936945078,0.143205287983,0.159305153456
60,30,100,130,90,-100,0.313646466091,2.3375615198,2.63732077625,1.1282358791,0.134176775,0.118926172696
60,30,110,130,90,-100,0.20798404475,1.62743628875,2.60927834797,1.6033059887,0.127798578776,0.0797094127237
60,30,120,130,90,-100,0.103555685403,0.835117107502,2.5800025512,3.08939013227,0.124001393903,0.0401378228693
60,30,130,130,90,-100,2.09426936884e-17,3.52201209831e-16,2.56807501448,7.29149969618e+15,0.0594622991172,8.15501633337e-18
60,30,140,130,90,-100,0.103555685403,0.835117107502,2.5800025512,3.08939013227,0.124001393903,0.0401378228693
60,30,150,130,90,-100,0.20798404475,1.62743628875,2.60927834797,1.6033059887,0.127798578776,0.0797094127237
60,30,160,130,90,-100,0.313646466091,2.3375615198,2.63732077625,1.1282358791,0.134176775,0.118926172696
60,30,170,130,90,-100,0.419955771283,2.93254374331,2.63617191392,0.898936945078,0.143205287983,0.159305153456
60,30,180,130,90,-100,0.525077645866,3.3882536715,2.57261640021,0.759275027679,0.154969992443,0.204102580479
60,30,190,130,90,-100,0.625818014874,3.69084478881,2.41320114073,0.653834360102,0.169559559039,0.259331062095
60,30,200,130,90,-100,0.71772009319,3.83717407124,2.12951961909,0.554970814344,0.187043923436,0.33703380178
60,30,210,130,90,-100,0.795368161606,3.83416763914,1.70308548767,0.44418649573,0.20744219775,0.467015993833
60,30,220,130,90,-100,0.852868531952,3.69723864797,1.12916363349,0.305407289332,0.230677165625,0.755309953896
60,30,230,130,90,-100,0.884454923527,3.44797093137,0.419047980431,0.121534661623,0.256514611385,2.11062924732
60,30,240,130,90,-100,0.885148438763,3.11136167832,0.39954056548,0.128413410843,0.284489085576,2.21541569302
60,30,250,130,90,-100,0.851393614644,2.71296039718,1.28403750724,0.473297549266,0.313824564314,0.66305977033
60,30,260,130,90,-100,0.78159275336,2.27624457082,2.18046198572,0.957920784821,0.343369409149,0.358452822602
60,30,270,130,90,-100,0.676470878778,1.82053464263,3.0283263284,1.66342691729,0.371578141354,0.223381104088
60,30,280,130,90,-100,0.539222065862,1.35967712817,3.76648440974,2.77013147586,0.396580963738,0.143163227881
60,30,290,130,90,-100,0.375412390323,0.901623895829,4.33925740159,4.81271339597,0.416373603295,0.0865153540294
60,30,300,130,90,-100,0.192642447323,0.448920399737,4.70213601931,10.4743202181,0.429123843417,0.0409691354169
60,30,310,130,90,-100,9.69855350818e-17,1.17540257862e-16,4.82640228146,4.10616955351e+16,0.825126104414,2.00947889185e-17
60,30,320,130,90,-100,0.192642447323,0.448920399737,4.70213601931,10.4743202181,0.429123843417,0.0409691354169
60,30,330,130,90,-100,0.375412390323,0.901623895829,4.33925740159,4.81271339597,0.416373603295,0.0865153540294
60,30,340,130,90,-100,0.539222065862,1.35967712817,3.76648440974,2.77013147586,0.396580963738,0.143163227881
60,30,350,130,90,-100,0.676470878778,1.82053464263,3.0283263284,1.66342691729,0.371578141354,0.223381104088
60,30,360,130,90,-100,0.78159275336,2.27624457082,2.18046198572,0.957920784821,0.343369409149,0.358452822602
65,25,0,130,90,-100,0.718375525767,3.14925438667,1.80354016535,0.572687990206,0.228109716639,0.398314126611
65,25,10,130,90,-100,0.776859466397,3.683791865,0.971677744673,0.263771076185,0.210885819522,0.799503200167
65,25,20,130,90,-100,0.800593297992,4.14542330847,0.163603291857,0.0394660037548,0.193127031528,4.89350360193
65,25,30,130,90,-100,0.791728919646,4.51006292337,0.567763587901,0.125888174411,0.17554720036,1.39446934696
65,25,40,130,90,-100,0.754406506735,4.75307838594,1.18168565194,0.248614804132,0.1587195593,0.638415559582
65,25,50,130,90,-100,0.694161833866,4.85167396692,1.65307898654,0.340723428204,0.143076768678,0.41992054797
65,25,60,130,90,-100,0.617227156913,4.78744206209,1.97405074623,0.41233934962,0.128926292769,0.312670359712
65,25,70,130,90,-100,0.52981093283,4.5487813918,2.15336339662,0.473393467643,0.116473157797,0.246038793852
65,25,80,130,90,-100,0.437442298908,4.13288418384,2.21393528542,0.535687715149,0.105844315846,0.197585856185
65,25,90,130,90,-100,0.344456541767,3.54703479294,2.18872284077,0.617057054283,0.097111125736,0.157377871401
65,25,100,130,90,-100,0.253678986584,2.80903395637,2.11552219026,0.753113783284,0.0903082663023,0.119913176875
65,25,110,130,90,-100,0.16633915102,1.94665792761,2.03135437294,1.04350864327,0.0854485776166,0.0818858359901
65,25,120,130,90,-100,0.0822177722245,0.996168921804,1.9671434572,1.97470872073,0.0825339663032,0.0417955141621
65,25,130,130,90,-100,1.33953893616e-17,2.95531905269e-16,1.94335548935,6.57578912698e+15,0.045326372966,6.89291765455e-18
65,25,140,130,90,-100,0.0822177722245,0.996168921804,1.9671434572,1.97470872073,0.0825339663032,0.0417955141621
65,25,150,130,90,-100,0.16633915102,1.94665792761,2.03135437294,1.04350864327,0.0854485776166,0.0818858359901
65,25,160,130,90,-100,0.253678986584,2.80903395637,2.11552219026,0.753113783284,0.0903082663023,0.119913176875
65,25,170,130,90,-100,0.344456541767,3.54703479294,2.18872284077,0.617057054283,0.097111125736,0.157377871401
65,25,180,130,90,-100,0.437442298908,4.13288418384,2.21393528542,0.535687715149,0.105844315846,0.197585856185
65,25,190,130,90,-100,0.52981093283,4.5487813918,2.15336339662,0.473393467643,0.116473157797,0.246038793852
65,25,200,130,90,-100,0.617227156913,4.78744206209,1.97405074623,0.41233934962,0.128926292769,0.312670359712
65,25,210,130,90,-100,0.694161833866,4.85167396692,1.65307898654,0.340723428204,0.143076768678,0.41992054797
65,25,220,130,90,-100,0.754406506735,4.75307838594,1.18168565194,0.248614804132,0.1587195593,0.638415559582
65,25,230,130,90,-100,0.791728919646,4.51006292337,0.567763587901,0.125888174411,0.17554720036,1.39446934696
65,25,240,130,90,-100,0.800593297992,4.14542330847,0.163603291857,0.0394660037548,0.193127031528,4.89350360193
65,25,250,130,90,-100,0.776859466397,3.683791865,0.971677744673,0.263771076185,0.210885819522,0.799503200167
65,25,260,130,90,-100,0.718375525767,3.14925438667,1.80354016535,0.572687990206,0.228109716639,0.398314126611
65,25,270,130,90,-100,0.625389768626,2.56340499576,2.59911796084,1.01393184656,0.243968381766,0.240616154422
65,25,280,130,90,-100,0.500727520151,1.94404442956,3.2972078422,1.69605580616,0.257569998163,0.151864105666
65,25,290,130,90,-100,0.349705292099,1.30463917399,3.84180182731,2.94472364766,0.268047517714,0.0910263745551
65,25,300,130,90,-100,0.179784858005,0.654557878247,4.18798603164,6.39819055094,0.274666097498,0.0429287148158
65,25,310,130,90,-100,9.76373792218e-17,6.15969677707e-17,4.30672679323,6.99178376648e+16,1.58510041574,2.26709015708e-17
65,25,320,130,90,-100,0.179784858005,0.654557878247,4.18798603164,6.39819055094,0.274666097498,0.0429287148158
65,25,330,130,90,-100,0.349705292099,1.30463917399,3.84180182731,2.94472364766,0.268047517714,0.0910263745551
65,25,340,130,90,-100,0.500727520151,1.94404442956,3.2972078422,1.69605580616,0.257569998163,0.151864105666
65,25,350,130,90,-100,0.625389768626,2.56340499576,2.59911796084,1.01393184656,0.243968381766,0.240616154422
65,25,360,130,90,-100,0.718375525767,3.14925438667,1.80354016535,0.572687990206,0.228109716639,0.398314126611
70,20,0,130,90,-100,0.635928848585,3.92657570157,1.4128923153,0.359828110467,0.161955071522,0.450090103611
70,20,10,130,90,-100,0.68100550319,4.54269318108,0.651922927755,0.143510226592,0.149912282438,1.0446104504
70,20,20,130,90,-100,0.693408276833,5.05352834908,0.0735791016024,0.0145599463424,0.13721270149,9.42398400812
70,20,30,130,90,-100,0.675848918569,5.43511893563,0.712158171642,0.131028994963,0.124348505814,0.949015184381
70,20,40,130,90,-100,0.633022221559,5.66449824232,1.22521432906,0.216297062273,0.111752567391,0.516662437373
70,20,50,130,90,-100,0.570961464672,5.72176463629,1.59049155616,0.277972209146,0.0997876531046,0.35898427908
70,20,60,130,90,-100,0.496284343953,5.59224604845,1.80355815522,0.32251051538,0.0887450837558,0.275169582149
70,20,70,130,90,-100,0.415421146871,5.268505574,1.87713725682,0.356294062985,0.0788499017485,0.221305685219
70,20,80,130,90,-100,0.333917461808,4.7519391016,1.83840478629,0.386874652007,0.070269726667,0.181634351857
70,20,90,130,90,-100,0.255893147286,4.05375098527,1.72461626521,0.42543714981,0.0631250286996,0.148376860666
70,20,100,130,90,-100,0.18371893262,3.19515531762,1.57762320301,0.493754777525,0.0574992181467,0.116452985903
70,20,110,130,90,-100,0.117944384506,2.20673135039,1.43797056456,0.651629190976,0.0534475501447,0.0820214178321
70,20,120,130,90,-100,0.0574794282479,1.1269526475,1.3393132137,1.18843787862,0.0510042976297,0.0429170918796
70,20,130,130,90,-100,7.27332118885e-18,2.29883013312e-16,1.30384585551,5.67177990545e+15,0.0316392285104,5.57835971033e-18
70,20,140,130,90,-100,0.0574794282479,1.1269526475,1.3393132137,1.18843787862,0.0510042976297,0.0429170918796
70,20,150,130,90,-100,0.117944384506,2.20673135039,1.43797056456,0.651629190976,0.0534475501447,0.0820214178321
70,20,160,130,90,-100,0.18371893262,3.19515531762,1.57762320301,0.493754777525,0.0574992181467,0.116452985903
70,20,170,130,90,-100,0.255893147286,4.05375098527,1.72461626521,0.42543714981,0.0631250286996,0.148376860666
70,20,180,130,90,-100,0.333917461808,4.7519391016,1.83840478629,0.386874652007,0.070269726667,0.181634351857
70,20,190,130,90,-100,0.415421146871,5.268505574,1.87713725682,0.356294062985,0.0788499017485,0.221305685219
70,20,200,130,90,-100,0.496284343953,5.59224604845,1.80355815522,0.32251051538,0.0887450837558,0.275169582149
70,20,210,130,90,-100,0.570961464672,5.72176463629,1.59049155616,0.277972209146,0.0997876531046,0.35898427908
70,20,220,130,90,-100,0.633022221559,5.66449824232,1.22521432906,0.216297062273,0.111752567391,0.516662437373
70,20,230,130,90,-100,0.675848918569,5.43511893563,0.712158171642,0.131028994963,0.124348505814,0.949015184381
70,20,240,130,90,-100,0.693408276833,5.05352834908,0.0735791016024,0.0145599463424,0.13721270149,9.42398400812
70,20,250,130,90,-100,0.68100550319,4.54269318108,0.651922927755,0.143510226592,0.149912282438,1.0446104504
70,20,260,130,90,-100,0.635928848585,3.92657570157,1.4128923153,0.359828110467,0.161955071522,0.450090103611
70,20,270,130,90,-100,0.557904534063,3.22838758524,2.1501287362,0.66600700177,0.172812129688,0.2594749443
70,20,280,130,90,-100,0.449303288939,2.4693429247,2.80283753207,1.13505398705,0.181952569019,0.160303008575
70,20,290,130,90,-100,0.315068317386,1.66801365102,3.31510782138,1.98745844757,0.188888332654,0.095040141788
70,20,300,130,90,-100,0.162366882145,0.840306946849,3.64196294151,4.3340864373,0.193223301026,0.0445822444525
70,20,310,130,90,-100,9.41364623344e-17,2.38862600708e-16,3.75427451364,1.57172973187e+16,0.394102978262,2.50744749731e-17
70,20,320,130,90,-100,0.162366882145,0.840306946849,3.64196294151,4.3340864373,0.193223301026,0.0445822444525
70,20,330,130,90,-100,0.315068317386,1.66801365102,3.31510782138,1.98745844757,0.188888332654,0.095040141788
70,20,340,130,90,-100,0.449303288939,2.4693429247,2.80283753207,1.13505398705,0.181952569019,0.160303008575
70,20,350,130,90,-100,0.557904534063,3.22838758524,2.1501287362,0.66600700177,0.172812129688,0.2594749443
70,20,360,130,90,-100,0.635928848585,3.92657570157,1.4128923153,0.359828110467,0.161955071522,0.450090103611
75,15,0,130,90,-100,0.536757822381,4.58459000073,1.01149150161,0.220628562521,0.117078696742,0.530659745065
75,15,10,130,90,-100,0.566744199192,5.26356706358,0.327206583715,0.0621644181146,0.107673027121,1.73206844666
75,15,20,130,90,-100,0.566850137917,5.80808448801,0.310201513671,0.0534085746017,0.0975967445183,1.82736096678
75,15,30,130,90,-100,0.540335875492,6.19503160935,0.851132801684,0.137389581742,0.0872208423725,0.634843204753
75,15,40,130,90,-100,0.492403876506,6.40380518599,1.25941838534,0.196667192202,0.0768923885417,0.390977202047
75,15,50,130,90,-100,0.429510434901,6.41800238253,1.51579952468,0.236179333434,0.0669227602767,0.283355699687
75,15,60,130,90,-100,0.358566440481,6.22713246844,1.61933939763,0.260045760362,0.0575813092621,0.221427602519
75,15,70,130,90,-100,0.286124332761,5.82814888032,1.58662496905,0.27223480416,0.0490935181369,0.180335201035
75,15,80,130,90,-100,0.217648684355,5.22660875435,1.44888291668,0.277212813275,0.0416424290748,0.150218269433
75,15,90,130,90,-100,0.156956541767,4.43729600521,1.24738431853,0.281113614477,0.0353721143648,0.125828535308
75,15,100,130,90,-100,0.105892005038,3.48419350137,1.02771755059,0.294965692976,0.0303921136975,0.103036096812
75,15,110,130,90,-100,0.0642701956989,2.39975435776,0.833642931913,0.347386776992,0.0267819893695,0.0770955924156
75,15,120,130,90,-100,0.0300923155364,1.22349448727,0.701289987941,0.573186062736,0.0245953830192,0.0429099460335
75,15,130,130,90,-100,2.7625051137e-18,1.57249242323e-16,0.65441316743,4.16163001973e+15,0.0175676847335,4.2213470804e-18
75,15,140,130,90,-100,0.0300923155364,1.22349448727,0.701289987941,0.573186062736,0.0245953830192,0.0429099460335
75,15,150,130,90,-100,0.0642701956989,2.39975435776,0.833642931913,0.347386776992,0.0267819893695,0.0770955924156
75,15,160,130,90,-100,0.105892005038,3.48419350137,1.02771755059,0.294965692976,0.0303921136975,0.103036096812
75,15,170,130,90,-100,0.156956541767,4.43729600521,1.24738431853,0.281113614477,0.0353721143648,0.125828535308
75,15,180,130,90,-100,0.217648684355,5.22660875435,1.44888291668,0.277212813275,0.0416424290748,0.150218269433
75,15,190,130,90,-100,0.286124332761,5.82814888032,1.58662496905,0.27223480416,0.0490935181369,0.180335201035
75,15,200,130,90,-100,0.358566440481,6.22713246844,1.61933939763,0.260045760362,0.0575813092621,0.221427602519
75,15,210,130,90,-100,0.429510434901,6.41800238253,1.51579952468,0.236179333434,0.0669227602767,0.283355699687
75,15,220,130,90,-100,0.492403876506,6.40380518599,1.25941838534,0.196667192202,0.0768923885417,0.390977202047
75,15,230,130,90,-100,0.540335875492,6.19503160935,0.851132801684,0.137389581742,0.0872208423725,0.634843204753
75,15,240,130,90,-100,0.566850137917,5.80808448801,0.310201513671,0.0534085746017,0.0975967445183,1.82736096678
75,15,250,130,90,-100,0.566744199192,5.26356706358,0.327206583715,0.0621644181146,0.107673027121,1.73206844666
75,15,260,130,90,-100,0.536757822381,4.58459000073,1.01149150161,0.220628562521,0.117078696742,0.530659745065
75,15,270,130,90,-100,0.476065679793,3.79527725159,1.6847757336,0.443913743822,0.12543633791,0.282569169474
75,15,280,130,90,-100,0.386511871468,2.91961168462,2.28713593593,0.783369907709,0.13238468441,0.16899383434
75,15,290,130,90,-100,0.272553893135,1.98070637733,2.76318384321,1.3950497029,0.137604390158,0.0986376255074
75,15,300,130,90,-100,0.140917756126,1.00052371409,3.06822231431,3.06661628416,0.140843994143,0.0459281439514
75,15,310,130,90,-100,8.65891580076e-17,4.08870514392e-16,3.1732499381,7.76101437106e+15,0.211776479251,2.72872164805e-17
75,15,320,130,90,-100,0.140917756126,1.00052371409,3.06822231431,3.06661628416,0.140843994143,0.0459281439514
75,15,330,130,90,-100,0.272553893135,1.98070637733,2.76318384321,1.3950497029,0.137604390158,0.0986376255074
75,15,340,130,90,-100,0.386511871468,2.91961168462,2.28713593593,0.783369907709,0.13238468441,0.16899383434
75,15,350,130,90,-100,0.476065679793,3.79527725159,1.6847757336,0.443913743822,0.12543633791,0.282569169474
75,15,360,130,90,-100,0.536757822381,4.58459000073,1.01149150161,0.220628562521,0.117078696742,0.530659745065
80,10,0,130,90,-100,0.423875708602,5.10330385263,0.602392626838,0.11803973352,0.0830590771864,0.703653547067
80,10,10,130,90,-100,0.437547326304,5.82451012434,8.33616401161e-16,1.43122148192e-16,0.0751217384748,5.24878500105e+14
80,10,20,130,90,-100,0.424764286253,6.3861649188,0.544463104915,0.0852566621498,0.0665132034098,0.780152562071
80,10,30,130,90,-100,0.389307285654,6.76671138245,0.983629797177,0.145363048841,0.0575327162118,0.395786389118
80,10,40,130,90,-100,0.336824088833,6.94853574956,1.28403750724,0.184792530904,0.0484741103699,0.262316394135
80,10,50,130,90,-100,0.274106662515,6.91923237405,1.42957134355,0.206608373049,0.0396151838379,0.191740456852
80,10,60,130,90,-100,0.208257935307,6.67281061946,1.42279648944,0.213222968638,0.0312099274479,0.146372258333
80,10,70,130,90,-100,0.145849108768,6.21070683211,1.28403750724,0.206745792701,0.0234834959548,0.113586330575
80,10,80,130,90,-100,0.0921687345173,5.54247054489,1.04833417321,0.189145646282,0.0166295398001,0.0879192311691
80,10,90,130,90,-100,0.0506528639039,4.68601603141,0.760659023989,0.16232531406,0.0108093663283,0.0665907618347
80,10,100,130,90,-100,0.0225629356486,3.66736622866,0.469990347061,0.128154734967,0.00615235409876,0.0480072320413
80,10,110,130,90,-100,0.0069474476653,2.5198620433,0.222970773188,0.0884853096546,0.002757074612,0.0311585575364
80,10,120,130,90,-100,0.000888577651076,1.28286106617,0.0579295219226,0.0451565048237,0.000692653066267,0.0153389432812
80,10,130,130,90,-100,1.23259516441e-32,7.98375326766e-17,6.25212300871e-16,7.83105739757,1.54387932979e-16,1.9714825871e-17
80,10,140,130,90,-100,0.000888577651076,1.28286106617,0.0579295219226,0.0451565048237,0.000692653066267,0.0153389432812
80,10,150,130,90,-100,0.0069474476653,2.5198620433,0.222970773188,0.0884853096546,0.002757074612,0.0311585575364
80,10,160,130,90,-100,0.0225629356486,3.66736622866,0.469990347061,0.128154734967,0.00615235409876,0.0480072320413
80,10,170,130,90,-100,0.0506528639039,4.68601603141,0.760659023989,0.16232531406,0.0108093663283,0.0665907618347
80,10,180,130,90,-100,0.0921687345173,5.54247054489,1.04833417321,0.189145646282,0.0166295398001,0.0879192311691
80,10,190,130,90,-100,0.145849108768,6.21070683211,1.28403750724,0.206745792701,0.0234834959548,0.113586330575
80,10,200,130,90,-100,0.208257935307,6.67281061946,1.42279648944,0.213222968638,0.0312099274479,0.146372258333
80,10,210,130,90,-100,0.274106662515,6.91923237405,1.42957134355,0.206608373049,0.0396151838379,0.191740456852
80,10,220,130,90,-100,0.336824088833,6.94853574956,1.28403750724,0.184792530904,0.0484741103699,0.262316394135
80,10,230,130,90,-100,0.389307285654,6.76671138245,0.983629797177,0.145363048841,0.0575327162118,0.395786389118
80,10,240,130,90,-100,0.424764286253,6.3861649188,0.544463104915,0.0852566621498,0.0665132034098,0.780152562071
80,10,250,130,90,-100,0.437547326304,5.82451012434,0.0,0.0,0.0751217384748,inf
80,10,260,130,90,-100,0.423875708602,5.10330385263,0.602392626838,0.11803973352,0.0830590771864,0.703653547067
80,10,270,130,90,-100,0.382359837988,4.24684933915,1.20660057036,0.284116641304,0.0900337656115,0.316890151869
80,10,280,130,90,-100,0.314261153185,3.2811695209,1.7540278543,0.534573981359,0.0957771767607,0.179165429109
80,10,290,130,90,-100,0.223453798611,2.23321634264,2.19023036754,0.980751540154,0.100059181166,0.102022966133
80,10,300,130,90,-100,0.116089200789,1.13034007456,2.47113066265,2.18618336045,0.102702897475,0.0469781717916
80,10,310,130,90,-100,7.52247872643e-17,5.66455104396e-16,2.56807501448,4.53358967824e+15,0.132799204527,2.92922857939e-17
80,10,320,130,90,-100,0.116089200789,1.13034007456,2.47113066265,2.18618336045,0.102702897475,0.0469781717916
80,10,330,130,90,-100,0.223453798611,2.23321634264,2.19023036754,0.980751540154,0.100059181166,0.102022966133
80,10,340,130,90,-100,0.314261153185,3.2811695209,1.7540278543,0.534573981359,0.0957771767607,0.179165429109
80,10,350,130,90,-100,0.382359837988,4.24684933915,1.20660057036,0.284116641304,0.0900337656115,0.316890151869
80,10,360,130,90,-100,0.423875708602,5.10330385263,0.602392626838,0.11803973352,0.0830590771864,0.703653547067
85,5,0,130,90,-100,0.300712373154,5.46695639937,0.188709180439,0.034518142574,0.0550054456606,1.59352275525
85,5,10,130,90,-100,0.297340466135,6.20847839232,0.327206583715,0.0527031847481,0.0478926473357,0.908723971135
85,5,20,130,90,-100,0.271467928544,6.77020496009,0.774581003176,0.114410273801,0.0400974461105,0.350470676961
85,5,30,130,90,-100,0.227352076334,7.13278805431,1.10864077598,0.155428812344,0.0318742228989,0.205072807405
85,5,40,130,90,-100,0.171010071663,7.28213857051,1.29888432839,0.178365780301,0.0234834959548,0.131659200073
85,5,50,130,90,-100,0.1094720125,7.21022499118,1.3324632613,0.184801897712,0.0151828843945,0.0821576216615
85,5,60,130,90,-100,0.0499258762989,6.91573879641,1.21542524086,0.175747707749,0.00721916743369,0.0410768796144
85,5,70,130,90,-100,0.00114233340871,6.40455559956,0.971677744673,0.151716653805,0.000178362634371,0.00117562989888
85,5,80,130,90,-100,0.0387097429251,5.68992717256,0.639806973689,0.112445547067,0.0068032053401,0.0605022210088
85,5,90,130,90,-100,0.0597879028433,4.79235383174,0.268144654978,0.0559525995768,0.0124756862583,0.222968840637
85,5,100,130,90,-100,0.0637363639403,3.73910788888,0.0913137667977,0.0244212709319,0.0170458745333,0.697992933327
85,5,110,130,90,-100,0.0522821369025,2.56340499576,0.389398327754,0.151906674286,0.0203955820438,0.134263896828
85,5,120,130,90,-100,0.0292444446101,1.30324856072,0.585871822736,0.449547262427,0.0224396523361,0.0499161138584
85,5,130,130,90,-100,9.30256832273e-19,4.62750061137e-32,0.65441316743,1.41418277897e+31,2.01027922068e+13,1.42151301131e-18
85,5,140,130,90,-100,0.0292444446101,1.30324856072,0.585871822736,0.449547262427,0.0224396523361,0.0499161138584
85,5,150,130,90,-100,0.0522821369025,2.56340499576,0.389398327754,0.151906674286,0.0203955820438,0.134263896828
85,5,160,130,90,-100,0.0637363639403,3.73910788888,0.0913137667977,0.0244212709319,0.0170458745333,0.697992933327
85,5,170,130,90,-100,0.0597879028433,4.79235383174,0.268144654978,0.0559525995768,0.0124756862583,0.222968840637
85,5,180,130,90,-100,0.0387097429251,5.68992717256,0.639806973689,0.112445547067,0.0068032053401,0.0605022210088
85,5,190,130,90,-100,0.00114233340871,6.40455559956,0.971677744673,0.151716653805,0.000178362634371,0.00117562989888
85,5,200,130,90,-100,0.0499258762989,6.91573879641,1.21542524086,0.175747707749,0.00721916743369,0.0410768796144
85,5,210,130,90,-100,0.1094720125,7.21022499118,1.3324632613,0.184801897712,0.0151828843945,0.0821576216615
85,5,220,130,90,-100,0.171010071663,7.28213857051,1.29888432839,0.178365780301,0.0234834959548,0.131659200073
85,5,230,130,90,-100,0.227352076334,7.13278805431,1.10864077598,0.155428812344,0.0318742228989,0.205072807405
85,5,240,130,90,-100,0.271467928544,6.77020496009,0.774581003176,0.114410273801,0.0400974461105,0.350470676961
85,5,250,130,90,-100,0.297340466135,6.20847839232,0.327206583715,0.0527031847481,0.0478926473357,0.908723971135
85,5,260,130,90,-100,0.300712373154,5.46695639937,0.188709180439,0.034518142574,0.0550054456606,1.59352275525
85,5,270,130,90,-100,0.279634213236,4.56938305855,0.719242448227,0.157404717226,0.0611973672711,0.388789919068
85,5,280,130,90,-100,0.234746435603,3.54303068163,1.20757056159,0.340829834709,0.0662558291747,0.194395626285
85,5,290,130,90,-100,0.169259915343,2.41787115945,1.60060791628,0.661990573825,0.0700036950611,0.105747268661
85,5,300,130,90,-100,0.088635619224,1.22581162385,1.85523221454,1.51347252583,0.0723077000572,0.0477760242244
85,5,310,130,90,-100,6.03886507588e-17,7.06828242692e-16,1.94335548935,2.74940271479e+15,0.0854361033011,3.10744231253e-17
85,5,320,130,90,-100,0.088635619224,1.22581162385,1.85523221454,1.51347252583,0.0723077000572,0.0477760242244
85,5,330,130,90,-100,0.169259915343,2.41787115945,1.60060791628,0.661990573825,0.0700036950611,0.105747268661
85,5,340,130,90,-100,0.234746435603,3.54303068163,1.20757056159,0.340829834709,0.0662558291747,0.194395626285
85,5,350,130,90,-100,0.279634213236,4.56938305855,0.719242448227,0.157404717226,0.0611973672711,0.388789919068
85,5,360,130,90,-100,0.300712373154,5.46695639937,0.188709180439,0.034518142574,0.0550054456606,1.59352275525
90,0,0,130,90,-100,0.171010071663,5.66449824232,0.226410456768,0.0399700815646,0.0301898004637,0.755309953896
90,0,10,130,90,-100,0.15038373318,6.40380518599,0.651922927755,0.101802429777,0.0234834959548,0.230677165625
90,0,20,130,90,-100,0.111618897049,6.94853574956,0.998803872297,0.143743071677,0.0160636573045,0.111752567391
90,0,30,130,90,-100,0.0593911746139,7.28213857051,1.22521432906,0.168249246729,0.0081557325556,0.0484741103699
90,0,40,130,90,-100,2.12657684958e-17,7.39447729594,1.30384585551,0.176326980708,2.87589881538e-18,1.63100326667e-17
90,0,50,130,90,-100,0.0593911746139,7.28213857051,1.22521432906,0.168249246729,0.0081557325556,0.0484741103699
90,0,60,130,90,-100,0.111618897049,6.94853574956,0.998803872297,0.143743071677,0.0160636573045,0.111752567391
90,0,70,130,90,-100,0.15038373318,6.40380518599,0.651922927755,0.101802429777,0.0234834959548,0.230677165625
90,0,80,130,90,-100,0.171010071663,5.66449824232,0.226410456768,0.0399700815646,0.0301898004637,0.755309953896
90,0,90,130,90,-100,0.171010071663,4.75307838594,0.226410456768,0.0476344883008,0.0359788031624,0.755309953896
90,0,100,130,90,-100,0.15038373318,3.69723864797,0.651922927755,0.176326980708,0.040674608133,0.230677165625
90,0,110,130,90,-100,0.111618897049,2.52906018457,0.998803872297,0.394930843635,0.044134535718,0.111752567391
90,0,120,130,90,-100,0.0593911746139,1.28403750724,1.22521432906,0.954188894139,0.0462534577682,0.0484741103699
90,0,130,130,90,-100,0.0,7.98375326766e-17,1.30384585551,1.63312393532e+16,0.0,0.0
90,0,140,130,90,-100,0.0593911746139,1.28403750724,1.22521432906,0.954188894139,0.0462534577682,0.0484741103699
90,0,150,130,90,-100,0.111618897049,2.52906018457,0.998803872297,0.394930843635,0.044134535718,0.111752567391
90,0,160,130,90,-100,0.15038373318,3.69723864797,0.651922927755,0.176326980708,0.040674608133,0.230677165625
90,0,170,130,90,-100,0.171010071663,4.75307838594,0.226410456768,0.0476344883008,0.0359788031624,0.755309953896
90,0,180,130,90,-100,0.171010071663,5.66449824232,0.226410456768,0.0399700815646,0.0301898004637,0.755309953896
90,0,190,130,90,-100,0.15038373318,6.40380518599,0.651922927755,0.101802429777,0.0234834959548,0.230677165625
90,0,200,130,90,-100,0.111618897049,6.94853574956,0.998803872297,0.143743071677,0.0160636573045,0.111752567391
90,0,210,130,90,-100,0.0593911746139,7.28213857051,1.22521432906,0.168249246729,0.0081557325556,0.0484741103699
90,0,220,130,90,-100,2.19942564005e-16,7.39447729594,1.30384585551,0.176326980708,2.97441665181e-17,1.68687550814e-16
90,0,230,130,90,-100,0.0593911746139,7.28213857051,1.22521432906,0.168249246729,0.0081557325556,0.0484741103699
90,0,240,130,90,-100,0.111618897049,6.94853574956,0.998803872297,0.143743071677,0.0160636573045,0.111752567391
90,0,250,130,90,-100,0.15038373318,6.40380518599,0.651922927755,0.101802429777,0.0234834959548,0.230677165625
90,0,260,130,90,-100,0.171010071663,5.66449824232,0.226410456768,0.0399700815646,0.0301898004637,0.755309953896
90,0,270,130,90,-100,0.171010071663,4.75307838594,0.226410456768,0.0476344883008,0.0359788031624,0.755309953896
90,0,280,130,90,-100,0.15038373318,3.69723864797,0.651922927755,0.176326980708,0.040674608133,0.230677165625
90,0,290,130,90,-100,0.111618897049,2.52906018457,0.998803872297,0.394930843635,0.044134535718,0.111752567391
90,0,300,130,90,-100,0.0593911746139,1.28403750724,1.22521432906,0.954188894139,0.0462534577682,0.0484741103699
90,0,310,130,90,-100,4.25315369915e-17,8.25724762507e-16,1.30384585551,1.57903203914e+15,0.0515081282804,3.26200653335e-17
90,0,320,130,90,-100,0.0593911746139,1.28403750724,1.22521432906,0.954188894139,0.0462534577682,0.0484741103699
90,0,330,130,90,-100,0.111618897049,2.52906018457,0.998803872297,0.394930843635,0.044134535718,0.111752567391
90,0,340,130,90,-100,0.15038373318,3.69723864797,0.651922927755,0.176326980708,0.040674608133,0.230677165625
90,0,350,130,90,-100,0.171010071663,4.75307838594,0.226410456768,0.0476344883008,0.0359788031624,0.755309953896
90,0,360,130,90,-100,0.171010071663,5.66449824232,0.226410456768,0.0399700815646,0.0301898004637,0.755309953896
