Index,AZT,DPT,AZN,DPN,AZP,DPP,Strike,Dip,Rake,Misfit
2526,28,0,118,29,298,61,324,52,-52,0.041099527
638,28,0,120,34,299,56,90,54,-134,0.054233381
670,28,1,119,30,298,60,92,52,-130,0.014670723
2555,28,1,118,33,297,57,326,54,-48,0.042344635
2575,28,1,120,33,299,57,328,54,-48,0.033811276
637,28,1,119,32,296,58,90,52,-132,0.039143606
669,28,1,121,32,298,58,92,52,-132,0.02028981
2554,28,1,120,31,297,59,326,54,-50,0.020326714
2574,28,1,122,31,299,59,328,54,-50,0.035434999
703,28,2,121,28,297,62,94,50,-128,0.052724832
636,28,2,121,33,296,57,90,52,-134,0.041508654
668,28,2,123,33,298,57,92,52,-134,0.046682631
2553,28,2,121,30,297,60,326,54,-52,0.023426743
667,28,2,120,30,295,60,92,50,-130,0.052426686
702,28,2,122,30,297,60,94,50,-130,0.031181738
2580,28,2,121,34,296,56,328,56,-48,0.049196841
2601,28,2,123,34,298,56,330,56,-48,0.053750868
2552,28,3,123,28,296,62,326,54,-54,0.048001748
666,28,3,122,31,295,59,92,50,-132,0.027937339
701,28,3,124,31,297,59,94,50,-132,0.028611461
2579,28,3,123,32,296,58,328,56,-50,0.021596732
2600,28,3,125,32,298,58,330,56,-50,0.047952356
665,28,4,124,32,296,58,92,50,-134,0.022215717
700,28,4,126,32,298,58,94,50,-134,0.047022986
2557,28,4,122,31,294,59,326,56,-52,0.053805031
2578,28,4,124,31,296,59,328,56,-52,0.006707779
737,28,4,125,29,296,61,96,48,-130,0.047892967
664,28,5,126,33,296,56,92,50,-136,0.042305102
2556,28,5,124,29,293,60,326,56,-54,0.049879851
2577,28,5,126,29,295,60,328,56,-54,0.035381998
699,28,5,125,30,294,60,94,48,-132,0.025755653
736,28,5,127,30,296,60,96,48,-132,0.043410909
2604,28,5,126,33,296,57,330,58,-50,0.03604111
698,28,6,127,31,295,58,94,48,-134,0.003489852
2583,28,6,126,32,293,58,328,58,-52,0.047057912
2603,28,6,128,32,295,58,330,58,-52,0.014192395
663,28,6,127,32,293,57,92,48,-136,0.048450807
697,28,6,129,32,295,57,94,48,-136,0.03029337
2582,28,6,127,30,293,59,328,58,-54,0.035695518
2602,28,6,129,30,295,59,330,58,-54,0.027123916
735,28,7,128,29,293,60,96,46,-132,0.034203845
2628,28,7,129,34,295,55,332,60,-50,0.05425083
2581,28,7,128,28,292,61,328,58,-56,0.044132249
696,28,7,128,30,292,59,94,46,-134,0.045254667
734,28,7,130,30,294,59,96,46,-134,0.015900115
2608,28,7,129,32,293,57,330,60,-52,0.048052941
2627,28,7,131,32,295,57,332,60,-52,0.032322195
695,28,8,130,31,292,58,94,46,-136,0.029778377
733,28,8,132,31,294,58,96,46,-136,0.029321745
2607,28,8,130,31,292,58,330,60,-54,0.02690481
2626,28,8,132,31,294,58,332,60,-54,0.027892319
777,28,8,131,28,292,61,98,44,-132,0.047699171
694,28,9,132,32,293,56,94,46,-138,0.035931136
732,28,9,134,32,295,56,96,46,-138,0.053772298
2606,28,9,131,29,291,60,330,60,-56,0.027463359
2625,28,9,133,29,293,60,332,60,-56,0.047223507
731,28,9,131,29,290,60,96,44,-134,0.040789749
776,28,9,133,29,292,60,98,44,-134,0.034249732
2649,28,9,134,33,294,56,334,62,-52,0.05108702
2605,28,10,133,27,290,61,330,60,-58,0.05000432
730,28,10,133,30,291,58,96,44,-136,0.01522308
775,28,10,135,30,293,58,98,44,-136,0.039446709
2631,28,10,133,31,291,57,332,62,-54,0.029696801
2648,28,10,135,31,293,57,334,62,-54,0.037591016
729,28,10,135,31,292,57,96,44,-138,0.018193822
774,28,11,134,28,289,60,98,42,-134,0.044289361
823,28,11,136,28,291,60,100,42,-134,0.052072261
2630,28,11,134,30,291,58,332,62,-56,0.012227731
2647,28,11,136,30,293,58,334,62,-56,0.043848485
728,28,11,137,32,293,56,96,44,-140,0.043174447
773,28,11,136,29,290,59,98,42,-136,0.018469098
822,28,11,138,29,292,59,100,42,-136,0.054099798
2629,28,11,136,28,290,60,332,62,-58,0.033478284
2653,28,12,136,32,291,56,334,64,-54,0.042476347
2671,28,12,138,32,293,56,336,64,-54,0.05188682
727,28,12,136,30,289,57,96,42,-138,0.039253406
772,28,12,138,30,291,57,98,42,-138,0.014550246
821,28,12,137,27,288,60,100,40,-134,0.053838775
2652,28,13,138,30,290,57,334,64,-56,0.013783796
2670,28,13,140,30,292,57,336,64,-56,0.046182852
726,28,13,138,31,290,56,96,42,-140,0.033504721
771,28,13,140,31,292,56,98,42,-140,0.038362183
770,28,13,136,28,287,59,98,40,-136,0.054310291
820,28,13,138,28,289,59,100,40,-136,0.033944505
2632,28,13,137,28,287,58,332,64,-58,0.052133448
2651,28,13,139,28,289,58,334,64,-58,0.016285997
725,28,14,140,32,291,55,96,42,-142,0.046315424
769,28,14,138,29,288,58,98,40,-138,0.028420756
819,28,14,140,29,290,58,100,40,-138,0.029172999
2650,28,14,140,27,288,59,334,64,-60,0.046029969
2674,28,14,141,31,290,55,336,66,-56,0.030842451
2692,28,14,143,31,292,55,338,66,-56,0.054223277
27,28,15,140,30,289,57,98,40,-140,0.012690899
7,28,15,142,30,291,57,100,40,-140,0.043481298
881,28,15,141,26,287,59,102,38,-136,0.050805033
2655,28,15,140,29,287,57,334,66,-58,0.049227881
2673,28,15,142,29,289,57,336,66,-58,0.003831032
724,28,15,140,30,288,55,96,40,-142,0.054373445
767,28,15,142,30,290,55,98,40,-142,0.030159205
817,28,15,141,27,287,58,100,38,-138,0.029566739
2654,28,16,141,27,286,58,334,66,-60,0.045615495
2672,28,16,143,27,288,58,336,66,-60,0.028825151
766,28,16,141,28,286,57,98,38,-140,0.048126836
816,28,16,143,28,288,57,100,38,-140,0.007475129
2696,28,16,144,31,290,54,338,68,-56,0.050316316
765,28,17,143,29,287,56,98,38,-142,0.033874806
2677,28,17,143,29,287,55,336,68,-58,0.054362447
764,28,18,145,30,289,54,98,38,-144,0.037119429
2676,28,18,144,28,286,56,336,68,-60,0.040744916
813,28,18,144,27,285,57,100,36,-140,0.040494943
2695,45,17,145,29,289,55,338,68,-58,0.0218055
880,45,15,143,27,289,58,102,38,-138,0.046326175
2691,45,15,144,29,291,57,338,66,-58,0.054216432
762,45,19,146,28,286,55,98,36,-144,0.054061132
879,45,17,144,26,286,58,102,36,-138,0.040634505
2675,46,18,145,26,284,58,336,68,-62,0.045827868
815,46,17,145,29,289,56,100,38,-142,0.024149215
812,46,18,146,28,287,56,100,36,-142,0.017431262
105,46,20,147,28,286,55,338,70,-60,0.045754408
763,46,18,147,31,290,53,98,38,-146,0.054042831
2694,46,18,146,28,288,56,338,68,-60,0.012170197
761,47,20,148,29,287,54,98,36,-146,0.051275402
878,47,18,146,27,287,57,102,36,-140,0.026425763
2715,47,19,148,30,289,54,340,70,-58,0.042212749
814,47,18,147,30,291,54,100,38,-144,0.048644796
875,47,19,147,25,284,57,102,34,-140,0.04214909
811,47,19,148,28,288,55,100,36,-144,0.017785261
2698,47,20,148,26,284,56,338,70,-62,0.038172294
2693,48,18,147,26,286,58,338,68,-62,0.040309313
809,48,21,149,27,285,55,100,34,-144,0.036957992
877,48,18,148,28,289,56,102,36,-142,0.032228314
107,48,20,149,28,288,55,340,70,-60,0.014696018
874,48,20,149,26,286,56,102,34,-142,0.017571323
810,49,20,150,29,289,54,100,36,-146,0.039861474
2697,49,21,149,24,283,57,338,70,-64,0.051072685
871,49,22,149,25,283,56,102,32,-142,0.052384907
2717,49,22,151,27,285,54,340,72,-62,0.041781638
808,49,21,151,28,287,54,100,34,-146,0.029359204
960,49,19,149,25,286,57,104,34,-140,0.044290295
876,49,19,150,28,290,55,102,36,-144,0.05080968
2713,49,20,150,26,286,56,340,70,-62,0.020553719
958,50,21,149,24,283,57,104,32,-140,0.051088632
2731,50,21,152,28,288,53,342,72,-60,0.034801006
873,50,21,151,27,287,55,102,34,-144,0.011676311
870,50,22,151,25,284,55,102,32,-144,0.027662948
807,50,22,153,28,288,53,100,34,-148,0.040252289
2716,50,23,151,25,283,55,340,72,-64,0.041246121
959,50,20,151,26,288,56,104,34,-142,0.046179989
2712,51,21,151,24,285,57,340,70,-64,0.049732694
957,51,22,151,25,285,56,104,32,-142,0.03205823
806,51,24,154,27,285,53,100,32,-148,0.044777282
2730,51,22,153,27,287,54,342,72,-62,0.008325321
872,51,21,153,28,289,54,102,34,-146,0.034211698
869,52,23,154,26,286,54,102,32,-146,0.00903997
2733,52,25,154,25,284,54,342,74,-64,0.043164423
866,52,25,154,25,283,54,102,30,-146,0.043212469
956,52,22,153,25,286,55,104,32,-144,0.026202825
805,52,24,156,27,287,52,100,32,-150,0.047401965
2729,52,23,153,25,285,55,342,72,-64,0.027095796
2748,53,24,156,27,287,53,344,74,-62,0.028075063
954,53,24,154,24,283,55,104,30,-144,0.031249137
868,53,24,156,27,287,53,102,32,-148,0.024624117
2745,53,22,155,27,289,54,344,72,-62,0.052824955
1038,53,23,154,23,284,56,106,30,-142,0.048111848
2732,54,25,155,23,282,55,342,74,-66,0.048398218
865,54,25,156,25,285,53,102,30,-148,0.026000035
955,54,23,156,26,288,54,104,32,-146,0.038706921
2747,54,25,156,25,286,54,344,74,-64,0.002947742
953,54,25,156,25,285,54,104,30,-146,0.011287344
867,54,24,158,27,289,52,102,32,-150,0.047573796
2766,54,26,159,27,288,51,346,76,-62,0.053247457
2762,55,24,158,27,289,53,346,74,-62,0.051283435
1037,55,24,156,24,285,55,106,30,-144,0.042507078
950,55,26,157,23,282,54,104,28,-146,0.040268116
864,55,26,158,26,286,52,102,30,-150,0.026308095
2749,55,27,158,23,283,53,344,76,-66,0.049709839
1035,55,25,157,22,283,55,106,28,-144,0.042959668
2746,56,25,157,23,284,55,344,74,-66,0.032588861
952,56,25,158,25,287,53,104,30,-148,0.020800237
862,56,27,159,24,284,52,102,28,-150,0.04166899
2765,56,27,159,25,286,52,346,76,-64,0.023821004
2761,56,25,158,25,288,54,346,74,-64,0.046699086
1036,56,25,158,25,287,54,106,30,-146,0.048981248
949,56,27,159,24,284,53,104,28,-148,0.016431676
863,56,27,161,26,288,51,102,30,-152,0.04290763
1034,57,26,159,23,284,54,106,28,-146,0.028823974
945,57,28,159,22,281,53,104,26,-148,0.052827692
951,57,26,160,26,288,52,104,30,-150,0.042628243
861,57,28,161,25,286,51,102,28,-152,0.0353149
2764,57,27,160,23,285,53,346,76,-66,0.009834891
1031,57,28,159,21,282,54,106,26,-146,0.046085751
2782,57,28,162,25,287,50,348,78,-64,0.052105939
948,58,27,161,24,286,52,104,28,-150,0.00848986
2778,58,27,161,25,288,52,348,76,-64,0.040777407
1033,58,27,161,24,286,53,106,28,-148,0.030301956
944,58,29,161,22,283,52,104,26,-150,0.030730966
860,58,29,163,25,287,50,102,28,-154,0.043461261
2763,59,28,160,21,283,54,346,76,-68,0.038447661
2781,59,29,163,23,285,51,348,78,-66,0.026397847
1030,59,28,161,22,283,53,106,26,-148,0.024689185
947,59,28,163,25,288,51,104,28,-152,0.030888457
2777,59,27,162,23,287,53,348,76,-66,0.03734319
859,59,30,164,23,285,51,102,26,-154,0.045943221
1110,59,28,161,21,284,54,108,26,-146,0.044992371
2796,59,28,164,25,289,50,350,78,-64,0.052251689
1032,60,27,163,24,288,52,106,28,-150,0.045100646
943,60,29,163,23,285,51,104,26,-152,0.015763287
2780,60,30,163,22,284,52,348,78,-68,0.022189589
1029,60,29,163,22,285,52,106,26,-150,0.014032454
946,60,29,165,25,289,50,104,28,-154,0.053410093
940,61,31,164,21,283,51,104,24,-152,0.04470775
858,61,31,166,24,287,50,102,26,-156,0.047422259
2795,61,29,165,23,287,51,350,78,-66,0.027667922
1109,61,28,163,22,285,53,108,26,-148,0.043421681
1026,61,30,164,21,283,52,106,24,-150,0.031361769
942,61,30,166,23,287,51,104,26,-154,0.025114661
1107,62,30,164,20,283,53,108,24,-148,0.038990138
1028,62,29,165,23,287,51,106,26,-152,0.028528297
2779,62,30,164,20,282,53,348,78,-70,0.04640742
2798,62,32,166,22,285,50,350,80,-68,0.037708892
939,62,31,166,21,284,51,104,24,-154,0.028505128
2794,62,30,165,22,286,52,350,78,-68,0.025436434
1108,62,29,165,22,287,52,108,26,-150,0.052224945
2812,62,31,168,24,288,49,352,80,-66,0.045617568
1025,63,31,166,21,285,51,106,24,-152,0.008800336
941,63,31,168,24,289,50,104,26,-156,0.045043723
857,63,33,168,22,286,49,102,24,-158,0.052789671
1106,63,30,166,21,285,52,108,24,-150,0.029708512
1027,63,30,168,23,289,51,106,26,-154,0.048974332
2797,63,32,166,20,283,51,350,80,-70,0.038119685
1022,64,32,166,19,282,51,106,22,-152,0.042548283
938,64,32,168,22,286,50,104,24,-156,0.026461722
2793,64,30,166,20,284,53,350,78,-70,0.049189958
2811,64,32,168,22,287,50,352,80,-68,0.015528831
1103,64,32,166,19,282,52,108,22,-150,0.040888098
1024,64,31,168,21,286,51,106,24,-154,0.014130553
1172,64,31,166,19,282,53,110,22,-148,0.053274966
936,65,33,168,20,284,50,104,22,-156,0.040453724
1105,65,31,168,21,287,51,108,24,-152,0.035038635
1021,65,33,168,20,284,51,106,22,-154,0.020481246
937,65,33,170,22,288,49,104,24,-158,0.040009071
2810,65,32,168,20,285,51,352,80,-70,0.015991102
1102,66,32,168,19,284,51,108,22,-152,0.0233009
2828,66,33,171,22,288,48,354,82,-68,0.046974881
1023,66,32,170,22,288,50,106,24,-156,0.035910613
2824,66,32,170,22,289,50,354,80,-68,0.044872867
1171,66,32,168,19,284,52,110,22,-150,0.044253186
1104,66,31,170,21,288,51,108,24,-154,0.049954821
935,66,34,171,20,286,49,104,22,-158,0.032212038
1098,66,33,169,18,282,51,108,20,-152,0.048413061
1020,67,33,170,20,286,50,106,22,-156,0.007297885
1168,67,33,168,17,282,52,110,20,-150,0.053297658
2809,67,33,169,18,283,52,352,80,-72,0.046550152
1101,67,33,170,20,286,51,108,22,-154,0.019907528
2827,67,34,171,20,286,49,354,82,-70,0.022185115
932,67,35,171,19,283,49,104,20,-158,0.051153798
2823,67,32,170,20,287,51,354,80,-70,0.042633587
1170,68,32,170,19,286,51,110,22,-152,0.044928753
2842,68,33,173,22,290,48,356,82,-68,0.05128304
1017,68,35,171,18,284,50,106,20,-156,0.033208416
934,68,34,173,21,288,48,104,22,-160,0.038024965
1097,68,34,171,18,284,50,108,20,-154,0.027074072
1019,68,34,173,20,288,49,106,22,-158,0.025539653
1167,68,33,171,18,284,51,110,20,-152,0.038337681
1100,69,33,172,20,288,50,108,22,-156,0.03425205
2826,69,35,171,18,284,50,354,82,-72,0.025222735
33,69,36,173,19,285,48,104,20,-160,0.039273677
1169,69,33,172,20,288,51,110,22,-154,0.05441476
2841,69,34,173,20,288,49,356,82,-70,0.024535197
1016,69,35,173,19,285,49,106,20,-158,0.016027589
933,69,35,175,21,289,48,104,22,-162,0.053011478
1096,70,35,173,18,286,50,108,20,-156,0.010081517
1018,70,34,175,21,290,48,106,22,-160,0.046539634
1166,70,34,173,18,286,50,110,20,-154,0.032242884
1099,70,34,175,20,290,49,108,22,-158,0.053138212
2825,70,35,172,16,282,51,354,82,-74,0.051755014
2844,70,37,174,18,285,48,356,84,-72,0.044908139
1013,70,36,173,17,283,49,106,18,-158,0.04505164
930,70,36,175,19,287,48,104,20,-162,0.038302239
2840,71,35,173,18,286,50,356,82,-72,0.021361866
2859,71,36,176,20,289,47,358,84,-70,0.04842799
1093,71,36,173,16,283,50,108,18,-156,0.036580661
34,71,36,175,19,287,48,106,20,-160,0.019269048
1163,71,35,173,16,283,50,110,18,-154,0.03966529
1095,71,35,175,19,287,49,108,20,-158,0.019805423
1220,72,35,173,16,283,51,112,18,-152,0.052008692
1165,72,35,175,18,288,50,110,20,-156,0.038644922
928,72,37,175,17,285,48,104,18,-162,0.046266035
2843,72,37,174,16,283,49,356,84,-74,0.047932045
1012,72,37,175,17,285,48,106,18,-160,0.02674978
929,72,37,177,19,289,47,104,20,-164,0.048378838
2839,72,35,174,16,284,51,356,82,-74,0.047186308
2858,72,37,176,18,287,48,358,84,-72,0.019822892
1092,72,36,175,17,285,49,108,18,-158,0.01520495
1014,72,36,177,19,289,48,106,20,-162,0.03737012
2855,73,35,175,18,288,50,358,82,-72,0.050484601
1162,73,36,175,16,285,50,110,18,-156,0.02569244
35,73,36,177,19,289,48,108,20,-160,0.039446466
1219,73,35,175,16,285,50,112,18,-154,0.04441231
1164,73,35,177,19,289,49,110,20,-158,0.0527557
927,73,38,177,17,287,47,104,18,-164,0.039917531
1088,74,37,175,15,283,49,108,16,-158,0.047588469
1011,74,37,177,17,287,48,106,18,-162,0.018824601
2857,74,37,176,16,285,49,358,84,-74,0.01794304
1159,74,37,175,15,283,49,110,16,-156,0.04645574
1091,74,37,177,17,287,48,108,18,-160,0.006503232
1217,74,37,175,14,283,50,112,16,-154,0.05277579
12,74,37,178,18,289,48,0,84,-72,0.032049324
1161,74,36,177,17,287,49,110,18,-158,0.025108319
925,75,39,177,15,285,47,104,16,-164,0.052780489
1218,75,36,177,16,287,50,112,18,-156,0.045711067
926,75,38,179,18,289,47,104,18,-166,0.044556376
1008,75,38,177,15,285,48,106,16,-162,0.036862856
1087,75,38,177,15,285,48,108,16,-160,0.026338438
1010,75,38,179,17,289,47,106,18,-164,0.029961378
14,76,39,179,16,287,47,0,86,-74,0.045099504
2856,76,38,177,14,283,49,358,84,-76,0.046519551
1158,76,37,177,15,285,49,110,16,-158,0.027769325
1090,76,37,179,17,289,48,108,18,-162,0.02690225
11,76,37,178,16,287,49,0,84,-74,0.020919781
1216,76,37,177,15,285,49,112,16,-156,0.039620066
1160,76,37,179,17,289,48,110,18,-160,0.037912115
924,76,39,180,16,287,47,104,16,-166,0.042214476
1007,77,39,179,15,287,47,106,16,-164,0.023107955
1009,77,38,181,18,291,47,106,18,-166,0.048008795
1086,77,38,179,15,287,48,108,16,-162,0.00587072
13,77,39,179,14,285,47,0,86,-76,0.045494886
1157,77,38,179,15,287,48,110,16,-160,0.016276336
1089,77,38,181,17,291,47,108,18,-164,0.047280909
28,78,39,181,16,289,47,2,86,-74,0.027611552
10,78,38,179,14,285,49,0,84,-76,0.042151809
1215,78,37,179,15,287,49,112,16,-158,0.03470577
25,78,37,180,16,289,49,2,84,-74,0.049380256
1260,78,37,179,15,287,49,114,16,-156,0.053200554
923,78,40,182,16,288,46,104,16,-168,0.041290801
1004,78,40,180,14,285,47,106,14,-164,0.046286572
1083,78,39,180,13,285,48,108,14,-162,0.037695586
1006,78,39,182,16,289,47,106,16,-166,0.024592306
1154,79,39,179,13,285,48,110,14,-160,0.035828081
1085,79,39,181,15,289,47,108,16,-164,0.015502837
1212,79,39,179,13,285,49,112,14,-158,0.041425542
1156,79,38,181,15,289,48,110,16,-162,0.024364307
1259,79,38,179,13,285,49,114,14,-156,0.051981161
27,79,39,181,14,287,47,2,86,-76,0.015637261
1214,79,38,181,15,289,48,112,16,-160,0.040550849
41,80,39,183,16,291,47,4,86,-74,0.037380893
921,80,41,182,14,286,46,104,14,-168,0.044931241
922,80,40,184,16,290,46,104,16,-170,0.05014063
1003,80,40,182,14,286,47,106,14,-166,0.029473148
1005,80,40,184,16,290,46,106,16,-168,0.039135685
1082,80,40,182,14,287,47,108,14,-164,0.017409569
1153,80,39,182,13,287,48,110,14,-162,0.017607072
1084,80,39,184,16,291,47,108,16,-166,0.035669104
1211,81,39,181,13,287,48,112,14,-160,0.029587646
1155,81,39,183,15,291,47,110,16,-164,0.041458853
1258,81,39,181,13,287,49,114,14,-158,0.04453779
1213,81,38,183,15,291,48,112,16,-162,0.053400846
26,81,40,181,12,285,48,2,86,-78,0.040602386
40,81,39,183,14,289,47,4,86,-76,0.013441967
920,81,41,184,14,288,46,104,14,-170,0.038581293
1078,82,41,182,12,284,47,108,12,-164,0.048672641
1002,82,41,184,14,288,46,106,14,-168,0.021892412
1149,82,40,182,11,284,48,110,12,-162,0.046154159
1081,82,40,184,14,288,47,108,14,-166,0.006536209
1208,82,40,182,11,284,48,112,12,-160,0.048199917
1152,82,40,184,14,289,47,110,14,-164,0.012934107
1255,82,40,182,11,284,48,114,12,-158,0.054200051
1210,82,39,184,13,289,48,112,14,-162,0.028974303
1257,83,39,183,13,289,48,114,14,-160,0.045212085
42,83,42,184,12,286,46,4,88,-78,0.052553257
57,83,41,186,14,290,45,6,88,-76,0.043049074
39,83,40,183,12,287,48,4,86,-78,0.03001851
918,83,42,184,12,286,46,104,12,-170,0.048148272
919,83,42,186,14,290,45,104,14,-172,0.042784646
999,83,41,184,12,286,46,106,12,-168,0.036657022
54,83,39,185,14,291,47,6,86,-76,0.041339975
1077,83,41,184,12,286,47,108,12,-166,0.028405949
1001,83,41,186,14,290,46,106,14,-170,0.030588056
1148,84,41,184,12,286,47,110,12,-164,0.026468338
1080,84,41,186,14,290,46,108,14,-168,0.024531737
1207,84,40,184,11,286,48,112,12,-162,0.031876077
1151,84,40,186,14,290,47,110,14,-166,0.028601967
1254,84,40,184,11,286,48,114,12,-160,0.041753262
1209,84,40,186,14,291,47,112,14,-164,0.039642229
1291,84,40,184,11,286,48,116,12,-158,0.053580823
1256,84,39,186,13,291,48,114,14,-162,0.05336096
56,85,42,186,12,288,46,6,88,-78,0.02742417
856,85,43,186,12,288,45,102,12,-174,0.051285728
71,85,41,188,14,292,45,8,88,-76,0.04684499
917,85,42,186,12,288,45,104,12,-172,0.03679156
53,85,40,185,12,289,48,6,86,-78,0.040157496
998,85,42,186,12,288,46,106,12,-170,0.022568447
1000,85,42,188,14,292,45,106,14,-172,0.046967293
1076,85,41,186,12,288,46,108,12,-168,0.009603403
1147,85,41,186,12,288,47,110,12,-166,0.00977408
1079,85,41,188,14,292,46,108,14,-170,0.044148546
1206,86,41,186,12,288,47,112,12,-164,0.022604831
1150,86,41,188,14,292,46,110,14,-168,0.047240227
1253,86,40,186,11,288,48,114,12,-162,0.036453482
1290,86,40,186,11,288,48,116,12,-160,0.050379825
55,87,42,186,10,286,46,6,88,-80,0.039704858
855,87,43,188,12,290,45,102,12,-176,0.049023213
914,87,43,186,10,286,46,104,10,-172,0.052184352
70,87,42,188,12,290,46,8,88,-78,0.016214583
916,87,43,188,12,290,45,104,12,-174,0.035281959
994,87,43,186,10,286,46,106,10,-170,0.044400682
997,87,42,188,12,290,45,106,12,-172,0.022538076
1072,87,42,186,10,286,46,108,10,-168,0.039112091
1143,87,42,186,10,286,47,110,10,-166,0.037342902
1075,87,42,188,12,290,46,108,12,-170,0.013712015
1203,87,42,186,10,286,47,112,10,-164,0.03950683
1146,87,41,188,12,290,46,110,12,-168,0.016693193
1250,87,41,186,10,286,47,114,10,-162,0.044974884
1205,87,41,188,12,290,47,112,12,-166,0.027785757
39,88,41,186,9,286,48,116,10,-160,0.052663339
1252,88,41,188,12,290,47,114,12,-164,0.040729488
1289,88,40,188,11,290,48,116,12,-162,0.054116186
853,88,44,188,10,288,45,102,10,-176,0.047803572
69,89,42,188,10,288,46,8,88,-80,0.01649654
913,89,43,188,10,288,45,104,10,-174,0.03668415
915,89,43,190,12,292,45,104,12,-176,0.044277256
993,89,43,188,10,288,46,106,10,-172,0.026643107
84,89,42,190,12,292,46,10,88,-78,0.034028161
996,89,43,190,12,292,45,106,12,-174,0.036176987
1071,89,43,188,10,288,46,108,10,-170,0.019372572
1074,89,42,190,12,292,45,108,12,-172,0.032618012
1142,89,42,188,10,288,46,110,10,-168,0.01840137
1202,89,42,188,10,288,47,112,10,-166,0.024397442
1145,89,42,190,12,292,46,110,12,-170,0.034930118
1249,89,42,188,10,288,47,114,10,-164,0.033757093
1204,89,41,190,12,292,46,112,12,-168,0.042070502
1287,89,41,188,10,288,47,116,10,-162,0.044327056
1251,89,41,190,12,292,47,114,12,-166,0.052005232
6,90,44,190,10,290,44,100,10,-180,0.052609473
852,90,44,190,10,290,45,102,10,-178,0.040481491
68,90,43,188,8,286,46,8,88,-82,0.04733378
912,90,44,190,10,290,45,104,10,-176,0.028375269
988,90,43,188,8,286,46,106,8,-172,0.052824567
83,91,42,190,10,290,46,10,88,-80,0.015536846
992,91,43,190,10,290,45,106,10,-174,0.016316153
1067,91,43,188,8,286,46,108,8,-170,0.049808825
995,91,43,192,12,294,45,106,12,-176,0.053732261
1138,91,43,188,8,286,46,110,8,-168,0.048718016
1070,91,43,190,10,290,46,108,10,-172,0.004468399
1073,91,43,192,12,294,45,108,12,-174,0.051921093
1198,91,43,188,8,286,46,112,8,-166,0.049655822
1141,91,43,190,10,290,46,110,10,-170,0.007954123
1245,91,42,188,8,286,47,114,8,-164,0.052484719
1144,91,42,192,12,294,45,110,12,-172,0.053815733
1201,91,42,190,10,290,46,112,10,-168,0.019795525
1248,91,42,190,10,290,47,114,10,-166,0.031629457
1286,91,42,190,10,290,47,116,10,-164,0.043388984
804,92,45,192,10,292,44,100,10,178,0.05338764
799,92,45,190,8,288,45,100,8,-180,0.05439347
847,92,44,190,8,288,45,102,8,-178,0.046359808
31,92,44,192,10,292,44,102,10,-180,0.042632778
907,92,44,190,8,288,45,104,8,-176,0.039203776
911,92,44,192,10,292,45,104,10,-178,0.0327287
987,92,44,190,8,288,45,106,8,-174,0.033495314
82,92,43,190,8,288,46,10,88,-82,0.035986325
991,92,44,192,10,292,45,106,10,-176,0.0247114
1066,92,43,190,8,288,46,108,8,-172,0.030060112
95,93,42,192,10,292,46,12,88,-80,0.03701061
1069,93,43,192,10,292,45,108,10,-174,0.02084156
1137,93,43,190,8,288,46,110,8,-170,0.029674282
1197,93,43,190,8,288,46,112,8,-168,0.032413696
1140,93,43,192,10,292,46,110,10,-172,0.023227386
1244,93,43,190,8,288,46,114,8,-166,0.037563192
1200,93,43,192,10,292,46,112,10,-170,0.030366836
1284,93,42,190,8,288,47,116,8,-164,0.04424968
1247,93,42,192,10,292,46,114,10,-168,0.039714816
1311,93,42,190,8,288,47,118,8,-162,0.051841488
1285,93,42,192,10,292,47,116,10,-166,0.04998854
760,94,45,192,8,290,44,98,8,176,0.052170544
802,94,45,192,8,290,44,100,8,178,0.042668437
854,94,45,194,10,294,44,102,10,178,0.052886746
846,94,45,192,8,290,45,102,8,-180,0.033290655
906,94,44,192,8,290,45,104,8,-178,0.024205918
32,94,44,194,10,294,44,104,10,-180,0.046039224
986,94,44,192,8,290,45,106,8,-176,0.01593463
990,94,44,194,10,294,45,106,10,-178,0.041465919
1065,94,44,192,8,290,45,108,8,-174,0.010572511
94,94,43,192,8,290,46,12,88,-82,0.037559601
1068,94,44,194,10,294,45,108,10,-176,0.039939443
1136,94,43,192,8,290,46,110,8,-172,0.012582
1139,95,43,194,10,294,45,110,10,-174,0.041765609
1196,95,43,192,8,290,46,112,8,-170,0.019787256
1243,95,43,192,8,290,46,114,8,-168,0.028439056
1199,95,43,194,10,294,46,112,10,-172,0.046513056
1283,95,43,192,8,290,46,116,8,-166,0.037505491
1246,95,43,194,10,294,46,114,10,-170,0.053364772
1310,95,42,192,8,290,47,118,8,-164,0.046702676
759,96,45,194,8,292,44,98,8,174,0.04806661
801,96,45,194,8,292,44,100,8,176,0.038712561
798,96,45,192,6,288,45,100,6,178,0.0528259
850,96,45,194,8,292,44,102,8,178,0.029470856
840,96,45,192,6,288,45,102,6,-180,0.048482338
900,96,45,192,6,288,45,104,6,-178,0.044989813
905,96,45,194,8,292,45,104,8,-180,0.020526273
980,96,44,192,6,288,45,106,6,-176,0.042564751
985,96,44,194,8,292,45,106,8,-178,0.012553017
1059,96,44,192,6,288,45,108,6,-174,0.041396298
1064,96,44,194,8,292,45,108,8,-176,0.008776522
1132,96,44,192,6,288,46,110,6,-172,0.041586249
1192,96,44,192,6,288,46,112,6,-170,0.043107487
1135,96,44,194,8,292,45,110,8,-174,0.013366237
105,96,43,194,8,292,46,14,88,-82,0.049941673
1240,96,44,192,6,288,46,114,6,-168,0.045814349
1195,96,43,194,8,292,46,112,8,-172,0.021464
1280,96,43,192,6,288,46,116,6,-166,0.049496285
1242,97,43,194,8,292,46,114,8,-170,0.030342834
1308,97,43,192,6,288,46,118,6,-164,0.053935207
1282,97,43,194,8,292,46,116,8,-168,0.039439018
1309,97,43,194,8,292,46,118,8,-166,0.048591279
758,98,46,196,8,294,43,98,8,172,0.052016979
800,98,45,196,8,294,44,100,8,174,0.044372504
723,98,46,194,6,290,44,96,6,172,0.04852543
757,98,45,194,6,290,44,98,6,174,0.042155914
849,98,45,196,8,294,44,102,8,176,0.037503068
797,98,45,194,6,290,44,100,6,176,0.036131644
845,98,45,194,6,290,45,102,6,178,0.030681449
909,98,45,196,8,294,44,104,8,178,0.031936936
899,98,45,194,6,290,45,104,6,-180,0.026186789
979,98,45,194,6,290,45,106,6,-178,0.023222762
984,98,45,196,8,294,45,106,8,-180,0.0284625
1058,98,44,194,6,290,45,108,6,-176,0.022409013
1063,98,44,196,8,294,45,108,8,-178,0.027872464
1131,98,44,194,6,290,45,110,6,-174,0.023959891
1134,98,44,196,8,294,45,110,8,-176,0.030322373
1191,98,44,194,6,290,46,112,6,-172,0.027465065
1239,98,44,194,6,290,46,114,6,-170,0.032276892
1194,98,44,196,8,294,45,112,8,-174,0.035160883
1279,98,44,194,6,290,46,116,6,-168,0.037880647
1241,98,43,196,8,294,46,114,8,-172,0.041534795
1307,98,43,194,6,290,46,118,6,-166,0.043952616
1281,99,43,196,8,294,46,116,8,-170,0.04881649
1327,99,43,194,6,290,46,120,6,-164,0.050300569
848,100,45,198,8,296,44,102,8,174,0.052002881
756,100,46,196,6,292,44,98,6,172,0.031752087
722,100,46,196,6,292,44,96,6,170,0.038867983
796,100,45,196,6,292,44,100,6,174,0.024627234
693,100,46,196,6,292,44,94,6,168,0.045957177
908,100,45,198,8,296,44,104,8,176,0.048624568
844,100,45,196,6,292,44,102,6,176,0.017527433
662,100,46,196,6,292,43,92,6,166,0.053007279
904,100,45,196,6,292,45,104,6,178,0.010557378
893,100,45,194,4,288,45,104,4,-180,0.054096021
989,100,45,198,8,296,44,106,8,178,0.046843559
978,100,45,196,6,292,45,106,6,-180,0.004464775
973,100,45,194,4,288,45,106,4,-178,0.05356257
1052,100,45,194,4,288,45,108,4,-176,0.053533081
1125,100,45,194,4,288,45,110,4,-174,0.054008377
1057,100,45,196,6,292,45,108,6,-178,0.005735187
1062,100,45,198,8,296,45,108,8,-180,0.046844401
1130,100,44,196,6,292,45,110,6,-176,0.012253695
1133,100,44,198,8,296,45,110,8,-178,0.048621165
1190,100,44,196,6,292,45,112,6,-174,0.019264224
1193,100,44,198,8,296,45,112,8,-176,0.051979557
1238,100,44,196,6,292,46,114,6,-172,0.026357939
1278,100,44,196,6,292,46,116,6,-170,0.033460642
1306,100,44,196,6,292,46,118,6,-168,0.040545115
1326,100,43,196,6,292,46,120,6,-166,0.047596328
795,102,46,198,6,294,44,100,6,172,0.025901139
755,102,46,198,6,294,44,98,6,170,0.031833539
843,102,45,198,6,294,44,102,6,174,0.02063259
721,102,46,198,6,294,44,96,6,168,0.038099451
903,102,45,198,6,294,44,104,6,176,0.016706192
692,102,46,198,6,294,43,94,6,166,0.044535039
839,102,45,196,4,290,45,102,4,176,0.035881516
793,102,45,196,4,290,45,100,4,174,0.037423106
753,102,45,196,4,290,44,98,4,172,0.039540715
983,102,45,198,6,294,45,106,6,178,0.01522608
898,102,45,196,4,290,45,104,4,178,0.03500084
719,102,46,196,4,290,44,96,4,170,0.042138077
972,102,45,196,4,290,45,106,4,-180,0.034837138
690,102,46,196,4,290,44,94,4,168,0.045121394
661,102,46,198,6,294,43,92,6,164,0.051051663
1056,102,45,198,6,294,45,108,6,-180,0.016860243
1051,102,45,196,4,290,45,108,4,-178,0.035403364
660,102,46,196,4,290,44,92,4,166,0.048407122
1124,102,45,196,4,290,45,110,4,-176,0.036665929
635,102,46,196,4,290,44,90,4,164,0.051924683
1186,102,45,196,4,290,45,112,4,-174,0.038554152
1129,102,45,198,6,294,45,110,6,-178,0.020888429
1189,102,44,198,6,294,45,112,6,-176,0.026220509
1235,102,44,196,4,290,45,114,4,-172,0.04097708
1275,102,44,196,4,290,46,116,4,-170,0.043839724
1237,102,44,198,6,294,45,114,6,-174,0.032201334
1304,102,44,196,4,290,46,118,4,-168,0.047053934
1277,102,44,198,6,294,46,116,6,-172,0.038512954
1324,102,44,196,4,290,46,120,4,-166,0.050543468
1340,102,44,196,4,290,46,122,4,-164,0.054245004
1305,102,44,198,6,294,46,118,6,-170,0.044997521
1325,102,44,198,6,294,46,120,6,-168,0.051569674
842,104,46,200,6,296,44,102,6,172,0.035776929
794,104,46,200,6,296,44,100,6,170,0.038490168
902,104,45,200,6,296,44,104,6,174,0.034235564
754,104,46,200,6,296,44,98,6,168,0.042133942
982,104,45,200,6,296,44,106,6,176,0.034038819
720,104,46,200,6,296,43,96,6,166,0.046471225
897,104,45,198,4,292,45,104,4,176,0.016228023
838,104,45,198,4,292,45,102,4,174,0.016850198
792,104,45,198,4,292,44,100,4,172,0.018762128
1061,104,45,200,6,296,45,108,6,178,0.035215884
977,104,45,198,4,292,45,106,4,178,0.017049959
752,104,46,198,4,292,44,98,4,170,0.021610107
1050,104,45,198,4,292,45,108,4,-180,0.019136841
718,104,46,198,4,292,44,96,4,168,0.025061127
691,104,46,200,6,296,43,94,6,164,0.051305434
1128,104,45,200,6,296,45,110,6,-180,0.037638708
1123,104,45,198,4,292,45,110,4,-178,0.022134615
689,104,46,198,4,292,44,94,4,166,0.028882752
1185,104,45,198,4,292,45,112,4,-176,0.025723856
659,104,46,198,4,292,44,92,4,164,0.032928389
1234,104,45,198,4,292,45,114,4,-174,0.029685077
1188,104,45,200,6,296,45,112,6,-178,0.041082998
634,104,46,198,4,292,44,90,4,162,0.037106601
1236,104,44,200,6,296,45,114,6,-176,0.04530784
1274,104,44,198,4,292,45,116,4,-172,0.033880285
610,104,46,198,4,292,44,88,4,160,0.041358754
1303,104,44,198,4,292,46,118,4,-170,0.038223221
586,104,46,198,4,292,43,86,4,158,0.045645618
1276,104,44,200,6,296,45,116,6,-174,0.050104447
1323,104,44,198,4,292,46,120,4,-168,0.042658355
563,104,47,198,4,292,43,84,4,156,0.049939683
1339,104,44,198,4,292,46,122,4,-166,0.047148388
542,104,47,198,4,291,43,82,4,154,0.054220741
1351,104,44,198,4,292,46,124,4,-164,0.051667079
1556,106,47,200,4,294,43,200,88,86,0.050939737
901,106,46,202,6,298,44,104,6,172,0.052716904
841,106,46,202,6,298,44,102,6,170,0.053465312
981,106,45,202,6,298,44,106,6,174,0.052813189
1060,106,45,202,6,298,44,108,6,176,0.053755169
976,106,45,200,4,294,45,106,4,176,0.008909518
896,106,45,200,4,294,45,104,4,174,0.004501096
837,106,45,200,4,294,44,102,4,172,0.002454391
1044,106,45,198,2,290,45,108,2,-180,0.049495793
1055,106,45,200,4,294,45,108,4,178,0.013551504
971,106,45,198,2,290,45,106,2,178,0.048877676
892,106,45,198,2,290,45,104,2,176,0.048407928
834,106,45,198,2,290,45,102,2,174,0.048090447
791,106,46,200,4,294,44,100,4,170,0.006018638
1180,106,45,198,2,290,45,112,2,-176,0.051153533
1122,106,45,200,4,294,45,110,4,-180,0.018251666
1117,106,45,198,2,290,45,110,2,-178,0.050256729
788,106,45,198,2,290,45,100,2,172,0.047927277
748,106,45,198,2,290,45,98,2,170,0.047918489
751,106,46,200,4,294,44,98,4,168,0.01049882
1229,106,45,198,2,290,45,114,2,-174,0.052178145
714,106,45,198,2,290,45,96,2,168,0.04806215
1270,106,45,198,2,290,45,116,2,-172,0.053321691
1184,106,45,200,4,294,45,112,4,-178,0.022971819
717,106,46,200,4,294,44,96,4,166,0.015073446
685,106,46,198,2,290,45,94,2,166,0.0483544
1233,106,45,200,4,294,45,114,4,-176,0.027696309
655,106,46,198,2,290,44,92,2,164,0.048789603
688,106,46,200,4,294,44,94,4,164,0.019651326
1273,106,45,200,4,294,45,116,4,-174,0.032415764
630,106,46,198,2,290,44,90,2,162,0.049360585
658,106,46,200,4,294,44,92,4,162,0.02420631
606,106,46,198,2,290,44,88,2,160,0.050058913
1302,106,44,200,4,294,45,118,4,-172,0.037123147
582,106,46,198,2,290,44,86,2,158,0.050875204
633,106,46,200,4,294,44,90,4,160,0.028725806
559,106,46,198,2,290,44,84,2,156,0.05179943
1322,106,44,200,4,294,46,120,4,-170,0.04181247
609,106,46,200,4,294,43,88,4,158,0.033201485
538,106,46,198,2,290,44,82,2,154,0.052821199
1338,106,44,200,4,294,46,122,4,-168,0.0464783
517,106,46,198,2,290,44,80,2,152,0.053930012
585,106,47,200,4,294,43,86,4,156,0.037626731
1350,106,44,200,4,294,46,124,4,-166,0.051115532
562,106,47,200,4,293,43,84,4,154,0.041995746
541,106,47,200,4,293,43,82,4,152,0.046303189
519,106,47,200,4,293,43,80,4,150,0.050544012
1562,108,47,202,4,296,43,202,88,86,0.049845728
1054,108,45,202,4,296,45,108,4,176,0.026274909
975,108,45,202,4,296,45,106,4,174,0.02375302
895,108,45,202,4,296,44,104,4,172,0.021912834
1116,108,45,200,2,292,45,110,2,-180,0.035445459
1127,108,45,202,4,296,45,110,4,178,0.029304951
1049,108,45,200,2,292,45,108,2,178,0.034102426
970,108,45,200,2,292,45,106,2,176,0.032912997
891,108,45,200,2,292,45,104,2,174,0.031894589
836,108,46,202,4,296,44,102,4,170,0.020927808
1228,108,45,200,2,292,45,114,2,-176,0.038522362
1183,108,45,202,4,296,45,112,4,-180,0.032701124
1179,108,45,200,2,292,45,112,2,-178,0.036924479
833,108,45,200,2,292,45,102,2,172,0.031063471
787,108,45,200,2,292,45,100,2,170,0.030433625
790,108,46,202,4,296,44,100,4,168,0.02090763
1269,108,45,200,2,292,45,116,2,-174,0.040222936
747,108,45,200,2,292,45,98,2,168,0.030015541
1300,108,45,200,2,292,45,118,2,-172,0.042011235
1232,108,45,202,4,296,45,114,4,-178,0.036357509
750,108,46,202,4,296,44,98,4,166,0.021839849
713,108,46,200,2,292,45,96,2,166,0.02981514
1272,108,45,202,4,296,45,116,4,-176,0.040197789
1320,108,45,200,2,292,45,120,2,-170,0.043873595
684,108,46,200,2,292,44,94,2,164,0.029833053
716,108,46,202,4,296,44,96,4,164,0.023594147
1301,108,45,202,4,296,45,118,4,-174,0.044167121
1336,108,45,200,2,292,45,122,2,-168,0.045797659
654,108,46,200,2,292,44,92,2,162,0.030064418
1349,108,45,200,2,292,46,124,2,-166,0.047772305
687,108,46,202,4,296,44,94,4,162,0.025985163
629,108,46,200,2,292,44,90,2,160,0.030499263
1321,108,44,202,4,296,45,120,4,-172,0.048225524
1360,108,44,200,2,292,46,126,2,-164,0.049787553
605,108,46,200,2,292,44,88,2,158,0.031123382
657,108,46,202,4,296,44,92,4,160,0.028834501
1368,108,44,200,2,292,46,128,2,-162,0.051834445
581,108,46,200,2,292,44,86,2,156,0.031919516
1337,108,44,202,4,296,46,122,4,-170,0.052343178
1376,108,44,200,2,292,46,130,2,-160,0.053904935
632,108,46,202,4,296,43,90,4,158,0.031998946
558,108,46,200,2,292,44,84,2,154,0.032868618
537,108,46,200,2,292,44,82,2,152,0.033951004
608,108,47,202,4,296,43,88,4,156,0.03537275
516,108,46,200,2,292,44,80,2,150,0.035147268
584,108,47,202,4,295,43,86,4,154,0.038880123
499,108,46,200,2,292,44,78,2,148,0.03643894
483,108,46,200,2,292,44,76,2,146,0.037808888
561,108,47,202,4,295,43,84,4,152,0.042466757
467,108,46,200,2,292,44,74,2,144,0.039241512
540,108,47,202,4,295,43,82,4,150,0.04609313
451,108,46,200,2,292,44,72,2,142,0.0407228
437,108,46,200,2,292,44,70,2,140,0.042240283
518,108,47,202,3,295,43,80,4,148,0.049729805
421,109,46,200,2,291,44,68,2,138,0.04378293
500,109,47,202,3,295,43,78,4,146,0.053354269
405,109,46,200,1,291,44,66,2,136,0.045341023
389,109,46,200,1,291,44,64,2,134,0.046906018
373,109,47,200,1,291,44,62,2,132,0.04847041
358,109,47,200,1,291,44,60,2,130,0.050027615
343,109,47,200,1,291,43,58,2,128,0.051571851
328,109,47,200,1,291,43,56,2,126,0.053098047
1563,110,47,202,2,294,43,202,88,88,0.043340041
1126,110,45,204,4,298,45,110,4,176,0.04535192
1053,110,45,204,4,298,45,108,4,174,0.043314807
974,110,45,204,4,298,44,106,4,172,0.041651257
1178,110,45,202,2,294,45,112,2,-180,0.028103704
1187,110,45,204,4,298,45,112,4,178,0.047714598
1121,110,45,202,2,294,45,110,2,178,0.025886863
1048,110,45,202,2,294,45,108,2,176,0.023720717
969,110,45,202,2,294,45,106,2,174,0.021621992
894,110,46,204,4,298,44,104,4,170,0.040405423
1268,110,45,202,2,294,45,116,2,-176,0.03264041
1231,110,45,204,4,298,45,114,4,-180,0.050355095
1227,110,45,202,2,294,45,114,2,-178,0.030358302
890,110,45,202,2,294,45,104,2,172,0.019612778
832,110,45,202,2,294,45,102,2,170,0.017722701
835,110,46,204,4,298,44,102,4,168,0.039612421
1299,110,45,202,2,294,45,118,2,-174,0.034941705
786,110,45,202,2,294,45,100,2,168,0.01599167
1319,110,45,202,2,294,45,120,2,-172,0.037255264
1271,110,45,204,4,298,45,116,4,-178,0.053228585
789,110,46,204,4,298,44,100,4,166,0.039293061
746,110,46,202,2,294,45,98,2,166,0.014472641
1335,110,45,202,2,294,45,122,2,-170,0.039575194
712,110,46,202,2,294,44,96,2,164,0.013232495
749,110,46,204,4,298,44,98,4,164,0.039450028
1348,110,45,202,2,294,45,124,2,-168,0.041896374
683,110,46,202,2,294,44,94,2,162,0.012346982
1359,110,45,202,2,294,46,126,2,-166,0.044214272
715,110,46,204,4,298,44,96,4,162,0.04006689
653,110,46,202,2,294,44,92,2,160,0.011884945
1367,110,44,202,2,294,46,128,2,-164,0.04652481
628,110,46,202,2,294,44,90,2,158,0.011883498
686,110,46,204,4,298,44,94,4,160,0.041110336
1375,110,44,202,2,294,46,130,2,-162,0.048824269
604,110,46,202,2,294,44,88,2,156,0.012329336
1383,110,44,202,2,294,46,132,2,-160,0.051109221
656,110,46,204,4,298,43,92,4,158,0.04253487
580,110,46,202,2,294,44,86,2,154,0.013163116
1390,110,44,202,2,294,46,134,2,-158,0.053376471
557,110,46,202,2,294,44,84,2,152,0.014303099
631,110,47,204,4,298,43,90,4,156,0.044288393
536,110,46,202,2,294,44,82,2,150,0.01566872
607,110,47,204,4,297,43,88,4,154,0.046317248
515,110,46,202,2,294,44,80,2,148,0.017192764
498,110,46,202,2,294,44,78,2,146,0.018823687
583,110,47,204,4,297,43,86,4,152,0.048569913
482,110,46,202,2,294,44,76,2,144,0.020523393
560,110,47,204,4,297,43,84,4,150,0.050999187
466,110,46,202,2,294,44,74,2,142,0.022263991
450,110,46,202,2,294,44,72,2,140,0.024024945
539,110,47,204,3,297,43,82,4,148,0.053563153
436,111,46,202,2,293,44,70,2,138,0.025790921
420,111,46,202,1,293,44,68,2,136,0.027550269
404,111,46,202,1,293,44,66,2,134,0.02929397
388,111,47,202,1,293,44,64,2,132,0.031014917
372,111,47,202,1,293,44,62,2,130,0.032707409
357,111,47,202,1,293,43,60,2,128,0.034366813
342,111,47,202,1,293,43,58,2,126,0.035989311
327,111,47,202,1,293,43,56,2,124,0.037571736
313,111,47,202,1,293,43,54,2,122,0.039111439
300,111,47,202,1,293,43,52,2,120,0.040606205
286,111,47,202,1,293,43,50,2,118,0.042054185
273,111,47,202,1,293,43,48,2,116,0.043453845
261,111,47,202,1,293,43,46,2,114,0.044803932
249,111,47,202,1,293,43,44,2,112,0.046103448
238,111,47,202,1,293,43,42,2,110,0.047351625
228,111,47,202,1,293,43,40,2,108,0.048547917
218,111,47,202,1,293,43,38,2,106,0.049691982
208,112,47,202,1,293,43,36,2,104,0.050783677
198,112,47,202,0,292,43,34,2,102,0.051823052
188,112,47,202,0,292,43,32,2,100,0.05281034
178,112,47,202,0,292,43,30,2,98,0.053745963
1569,112,47,204,2,296,43,204,88,88,0.039454447
1226,112,45,204,2,296,45,114,2,-180,0.031957794
101,112,45,22,0,292,45,332,0,40,0.050288259
1182,112,45,204,2,296,45,112,2,178,0.029691781
1120,112,45,204,2,296,45,110,2,176,0.027434129
1047,112,45,204,2,296,45,108,2,174,0.025189189
1298,112,45,204,2,296,45,118,2,-176,0.036499781
1267,112,45,204,2,296,45,116,2,-178,0.034228302
968,112,45,204,2,296,45,106,2,172,0.022962008
889,112,45,204,2,296,45,104,2,170,0.020758678
1318,112,45,204,2,296,45,120,2,-174,0.038768964
831,112,45,204,2,296,45,102,2,168,0.018586895
1334,112,45,204,2,296,45,122,2,-172,0.04103277
785,112,46,204,2,296,45,100,2,166,0.016456918
1347,112,45,204,2,296,45,124,2,-170,0.043288271
745,112,46,204,2,296,44,98,2,164,0.014383267
1358,112,45,204,2,296,45,126,2,-168,0.045532655
711,112,46,204,2,296,44,96,2,162,0.012387816
1366,112,45,204,2,296,46,128,2,-166,0.047763213
682,112,46,204,2,296,44,94,2,160,0.010505642
1374,112,44,204,2,296,46,130,2,-164,0.049977317
652,112,46,204,2,296,44,92,2,158,0.008795999
1382,112,44,204,2,296,46,132,2,-162,0.052172417
627,112,46,204,2,296,44,90,2,156,0.007360896
1389,112,44,204,2,296,46,134,2,-160,0.054346031
603,112,46,204,2,296,44,88,2,154,0.006363423
579,112,46,204,2,296,44,86,2,152,0.00599595
556,112,46,204,2,296,44,84,2,150,0.006338456
535,112,46,204,2,296,44,82,2,148,0.0072633
514,112,46,204,2,296,44,80,2,146,0.008558681
497,112,46,204,2,296,44,78,2,144,0.01005976
481,112,46,204,2,296,44,76,2,142,0.011666746
465,112,46,204,2,296,44,74,2,140,0.013322484
449,113,46,204,2,295,44,72,2,138,0.014993476
435,113,46,204,1,295,44,70,2,136,0.0166591
419,113,46,204,1,295,44,68,2,134,0.018305951
403,113,47,204,1,295,44,66,2,132,0.019924842
387,113,47,204,1,295,44,64,2,130,0.021509175
371,113,47,204,1,295,43,62,2,128,0.023054015
356,113,47,204,1,295,43,60,2,126,0.024555546
341,113,47,204,1,295,43,58,2,124,0.026010739
326,113,47,204,1,295,43,56,2,122,0.027417144
312,113,47,204,1,295,43,54,2,120,0.028772757
299,113,47,204,1,295,43,52,2,118,0.030075934
285,113,47,204,1,295,43,50,2,116,0.031325327
272,113,47,204,1,295,43,48,2,114,0.032519851
260,113,47,204,1,295,43,46,2,112,0.033658656
248,113,47,204,1,295,43,44,2,110,0.034741105
237,113,47,204,1,295,43,42,2,108,0.035766767
227,113,47,204,1,295,43,40,2,106,0.036735408
217,114,47,204,1,295,43,38,2,104,0.037646988
207,114,47,204,0,294,43,36,2,102,0.038501656
197,114,47,204,0,294,43,34,2,100,0.039299754
187,114,47,204,0,294,43,32,2,98,0.040041816
177,114,47,204,0,294,43,30,2,96,0.040728571
168,114,47,204,0,294,43,28,2,94,0.041360945
1576,114,47,206,2,298,43,206,88,88,0.045727272
159,114,47,204,0,294,43,26,2,92,0.041940067
1266,114,45,206,2,298,45,116,2,-180,0.043899352
12,114,45,24,0,294,45,54,0,120,0.039094906
1230,114,45,206,2,298,45,114,2,178,0.042115061
1181,114,45,206,2,298,45,112,2,176,0.040365864
1119,114,45,206,2,298,45,110,2,174,0.038658331
150,114,47,204,0,294,43,24,2,90,0.042467268
1317,114,45,206,2,298,45,120,2,-176,0.047549198
1297,114,45,206,2,298,45,118,2,-178,0.045712626
1046,114,45,206,2,298,45,108,2,172,0.036999534
967,114,45,206,2,298,45,106,2,170,0.035397072
1333,114,45,206,2,298,45,122,2,-174,0.049403759
888,114,45,206,2,298,45,104,2,168,0.033859093
1346,114,45,206,2,298,45,124,2,-172,0.051271344
830,114,46,206,2,298,45,102,2,166,0.032394275
1357,114,45,206,2,298,45,126,2,-170,0.053147293
784,114,46,206,2,298,44,100,2,164,0.031011783
744,114,46,206,2,298,44,98,2,162,0.029721155
141,114,47,24,0,294,43,22,2,88,0.042944094
710,114,46,206,2,298,44,96,2,160,0.028532126
681,114,46,206,2,298,44,94,2,158,0.027454351
651,114,46,206,2,298,44,92,2,156,0.026497029
132,114,47,24,0,294,43,20,2,86,0.043372301
626,114,46,206,2,298,44,90,2,154,0.025668424
602,114,46,206,2,298,44,88,2,152,0.024975312
578,114,46,206,2,298,44,86,2,150,0.024422409
123,114,47,24,0,294,43,18,2,84,0.043753866
555,114,46,206,2,298,44,84,2,148,0.024011847
534,114,46,206,2,298,44,82,2,146,0.023742798
114,114,47,24,0,294,43,16,2,82,0.044090987
513,114,46,206,2,298,44,80,2,144,0.023611322
496,114,46,206,2,298,44,78,2,142,0.023610471
104,114,47,24,0,294,43,14,2,80,0.044386091
480,114,46,206,2,298,44,76,2,140,0.023730654
93,114,47,24,0,294,43,12,2,78,0.044641832
464,115,46,206,2,297,44,74,2,138,0.023960197
448,115,46,206,1,297,44,72,2,136,0.024286
81,115,47,24,1,294,43,10,2,76,0.044861099
434,115,46,206,1,297,44,70,2,134,0.024694207
67,115,47,24,1,294,43,8,2,74,0.045047013
418,115,47,206,1,297,44,68,2,132,0.025170805
52,115,47,24,1,293,43,6,2,72,0.045202927
402,115,47,206,1,297,44,66,2,130,0.02570211
386,115,47,206,1,297,43,64,2,128,0.026275117
38,115,47,24,1,293,43,4,2,70,0.045332425
370,115,47,206,1,297,43,62,2,126,0.026877722
24,115,47,24,1,293,43,2,2,68,0.045439318
355,115,47,206,1,297,43,60,2,124,0.027498849
9,115,47,24,1,293,43,0,2,66,0.045527634
340,115,47,206,1,297,43,58,2,122,0.028128489
2854,115,47,24,1,293,43,358,2,64,0.04560161
325,115,47,206,1,297,43,56,2,120,0.028757686
2838,115,47,24,1,293,43,356,2,62,0.045665672
311,115,47,206,1,297,43,54,2,118,0.029378488
2822,115,47,24,1,293,43,354,2,60,0.045724424
298,115,47,206,1,297,43,52,2,116,0.029983879
2808,115,47,24,1,293,43,352,2,58,0.045782617
284,115,47,206,1,297,43,50,2,114,0.030567705
2792,115,47,24,1,293,43,350,2,56,0.04584512
271,115,47,206,1,297,43,48,2,112,0.031124593
2776,115,47,24,1,293,43,348,2,54,0.045916891
2760,115,47,24,1,293,43,346,2,52,0.046002927
259,115,47,206,1,297,43,46,2,110,0.031649882
2744,115,47,24,1,293,44,344,2,50,0.046108225
247,115,47,206,1,297,43,44,2,108,0.032139552
2728,115,47,24,1,293,44,342,2,48,0.046237729
236,115,47,206,1,297,43,42,2,106,0.032590167
2710,115,46,24,1,293,44,340,2,46,0.046396272
2688,116,46,24,1,293,44,338,2,44,0.046588518
226,116,47,206,1,297,43,40,2,104,0.032998825
2666,116,46,24,2,293,44,336,2,42,0.046818901
216,116,47,206,0,296,43,38,2,102,0.033363108
2643,116,46,24,2,293,44,334,2,40,0.047091567
2619,116,46,24,2,293,44,332,2,38,0.047410309
206,116,47,206,0,296,43,36,2,100,0.033681051
2594,116,46,24,2,292,44,330,2,36,0.04777852
2568,116,46,24,2,292,44,328,2,34,0.048199136
196,116,47,206,0,296,43,34,2,98,0.033951111
2539,116,46,24,2,292,44,326,2,32,0.048674604
2508,116,46,24,2,292,44,324,2,30,0.049206844
186,116,47,206,0,296,43,32,2,96,0.034172142
2472,116,46,24,2,292,44,322,2,28,0.049797231
2432,116,46,24,2,292,44,320,2,26,0.050446589
176,116,47,206,0,296,43,30,2,94,0.034343376
2386,116,46,24,2,292,44,318,2,24,0.051155191
2334,116,46,24,2,292,44,316,2,22,0.051922769
2255,116,46,24,2,292,44,314,2,20,0.052748544
2170,116,46,24,2,292,44,312,2,18,0.053631253
167,116,47,206,0,296,43,28,2,92,0.034464414
103,116,45,26,0,296,45,336,0,40,0.034365628
158,116,47,26,0,296,43,26,2,90,0.034535211
1577,116,47,206,0,296,43,206,88,90,0.034535211
1118,116,45,208,2,300,45,110,2,172,0.053768029
1045,116,45,208,2,300,45,108,2,170,0.052549074
966,116,45,208,2,300,45,106,2,168,0.051379766
887,116,46,208,2,300,45,104,2,166,0.050263571
829,116,46,208,2,300,44,102,2,164,0.049203693
783,116,46,208,2,300,44,100,2,162,0.048203018
149,116,47,26,0,296,43,24,2,88,0.034556079
743,116,46,208,2,300,44,98,2,160,0.047264046
709,116,46,208,2,300,44,96,2,158,0.046388835
680,116,46,208,2,300,44,94,2,156,0.045578942
140,116,47,26,0,296,43,22,2,86,0.034527683
650,116,46,208,2,300,44,92,2,154,0.044835366
625,116,46,208,2,300,44,90,2,152,0.044158505
601,116,46,208,2,300,44,88,2,150,0.043548116
131,116,47,26,0,296,43,20,2,84,0.034451048
577,116,46,208,2,300,44,86,2,148,0.043003301
554,116,46,208,2,300,44,84,2,146,0.042522491
122,116,47,26,0,296,43,18,2,82,0.034327566
533,116,46,208,2,300,44,82,2,144,0.04210346
512,116,46,208,2,300,44,80,2,142,0.041743351
113,116,47,26,0,296,43,16,2,80,0.034159009
495,116,46,208,2,300,44,78,2,140,0.041438717
103,116,47,26,0,296,43,14,2,78,0.033947542
479,117,46,208,2,299,44,76,2,138,0.041185574
463,117,46,208,1,299,44,74,2,136,0.040979472
92,117,47,26,1,296,43,12,2,76,0.03369575
447,117,46,208,1,299,44,72,2,134,0.040815565
80,117,47,26,1,296,43,10,2,74,0.033406654
433,117,47,208,1,299,44,70,2,132,0.040688694
66,117,47,26,1,295,43,8,2,72,0.033083743
417,117,47,208,1,299,44,68,2,130,0.040593469
401,117,47,208,1,299,43,66,2,128,0.040524345
51,117,47,26,1,295,43,6,2,70,0.032731002
385,117,47,208,1,299,43,64,2,126,0.0404757
37,117,47,26,1,295,43,4,2,68,0.032352944
369,117,47,208,1,299,43,62,2,124,0.040441904
23,117,47,26,1,295,43,2,2,66,0.031954643
354,117,47,208,1,299,43,60,2,122,0.040417382
8,117,47,26,1,295,43,0,2,64,0.031541767
339,117,47,208,1,299,43,58,2,120,0.040396666
2853,117,47,26,1,295,43,358,2,62,0.031120605
324,117,47,208,1,299,43,56,2,118,0.040374444
2837,117,47,26,1,295,43,356,2,60,0.030698091
310,117,47,208,1,299,43,54,2,116,0.04034559
2821,117,47,26,1,295,43,354,2,58,0.030281809
297,117,47,208,1,299,43,52,2,114,0.040305204
2807,117,47,26,1,295,43,352,2,56,0.029879986
283,117,47,208,1,299,43,50,2,112,0.040248624
2791,117,47,26,1,295,43,350,2,54,0.029501459
2775,117,47,26,1,295,43,348,2,52,0.029155605
270,117,47,208,1,299,43,48,2,110,0.040171451
2759,117,47,26,1,295,44,346,2,50,0.028852229
258,117,47,208,1,299,43,46,2,108,0.040069554
2743,117,47,26,1,295,44,344,2,48,0.028601413
246,117,47,208,1,299,43,44,2,106,0.039939081
2727,117,46,26,1,295,44,342,2,46,0.028413298
2709,118,46,26,1,295,44,340,2,44,0.028297832
235,118,47,208,1,299,43,42,2,104,0.039776457
2687,118,46,26,2,295,44,338,2,42,0.02826447
225,118,47,208,0,298,43,40,2,102,0.039578392
2665,118,46,26,2,295,44,336,2,40,0.028321848
2642,118,46,26,2,295,44,334,2,38,0.028477473
215,118,47,208,0,298,43,38,2,100,0.039341873
2618,118,46,26,2,294,44,332,2,36,0.028737429
2593,118,46,26,2,294,44,330,2,34,0.029106166
205,118,47,208,0,298,43,36,2,98,0.039064162
2567,118,46,26,2,294,44,328,2,32,0.02958636
2538,118,46,26,2,294,44,326,2,30,0.030178885
195,118,47,208,0,298,43,34,2,96,0.038742796
2507,118,46,26,2,294,44,324,2,28,0.030882882
2471,118,46,26,2,294,44,322,2,26,0.031695913
185,118,47,208,0,298,43,32,2,94,0.038375575
2431,118,46,26,2,294,44,320,2,24,0.032614181
2385,118,46,26,2,294,44,318,2,22,0.033632789
2333,118,46,26,2,294,44,316,2,20,0.034745997
2254,118,46,26,2,294,44,314,2,18,0.035947478
175,118,47,208,0,298,43,30,2,92,0.037960564
2169,118,46,26,2,294,44,312,2,16,0.037230544
2090,118,46,26,2,294,45,310,2,14,0.038588328
2021,118,45,26,2,294,45,308,2,12,0.040013938
1817,118,45,26,2,294,45,292,2,-4,0.053088808
1826,118,45,26,2,294,45,294,2,-2,0.05134699
1925,118,45,26,2,294,45,304,2,8,0.043041582
1968,118,45,26,2,294,45,306,2,10,0.041500569
1837,118,45,26,2,294,45,296,2,0,0.049625041
50,118,45,28,0,298,45,158,0,-140,0.038444324
1852,118,45,26,2,294,45,298,2,2,0.047928046
1870,118,45,26,2,294,45,300,2,4,0.046261347
1893,118,45,26,2,294,45,302,2,6,0.044630562
166,118,47,28,0,298,43,28,2,90,0.037496086
1584,118,47,208,0,298,43,208,88,90,0.037496086
1578,118,47,26,2,294,43,206,88,92,0.04775502
157,118,47,28,0,298,43,26,2,88,0.036980717
148,118,47,28,0,298,43,24,2,86,0.036413283
139,118,47,28,0,298,43,22,2,84,0.03579286
130,118,47,28,0,298,43,20,2,82,0.035118771
121,118,47,28,0,298,43,18,2,80,0.03439059
112,118,47,28,0,298,43,16,2,78,0.033608144
102,119,47,28,1,298,43,14,2,76,0.032771523
91,119,47,28,1,298,43,12,2,74,0.031881087
79,119,47,28,1,297,43,10,2,72,0.03093749
65,119,47,28,1,297,43,8,2,70,0.029941699
50,119,47,28,1,297,43,6,2,68,0.028895029
36,119,47,28,1,297,43,4,2,66,0.027799193
22,119,47,28,1,297,43,2,2,64,0.026656365
7,119,47,28,1,297,43,0,2,62,0.025469272
2852,119,47,28,1,297,43,358,2,60,0.024241319
2836,119,47,28,1,297,43,356,2,58,0.022976768
2820,119,47,28,1,297,43,354,2,56,0.021680991
2806,119,47,28,1,297,43,352,2,54,0.020360825
2790,119,47,28,1,297,43,350,2,52,0.019025093
2774,119,47,28,1,297,44,348,2,50,0.01768535
2758,119,47,28,1,297,44,346,2,48,0.016356961
257,119,47,210,1,301,43,46,2,106,0.054233536
2742,119,46,28,1,297,44,344,2,46,0.015060639
2726,120,46,28,1,297,44,342,2,44,0.01382453
245,120,47,210,1,301,43,44,2,104,0.053759957
2708,120,46,28,2,297,44,340,2,42,0.012686785
234,120,47,210,0,300,43,42,2,102,0.053253123
2686,120,46,28,2,297,44,338,2,40,0.011697962
2664,120,46,28,2,297,44,336,2,38,0.010921344
224,120,47,210,0,300,43,40,2,100,0.052710536
2641,120,46,28,2,296,44,334,2,36,0.010427478
2617,120,46,28,2,296,44,332,2,34,0.010279565
214,120,47,210,0,300,43,38,2,98,0.052129863
2592,120,46,28,2,296,44,330,2,32,0.010512942
2566,120,46,28,2,296,44,328,2,30,0.011122002
204,120,47,210,0,300,43,36,2,96,0.051508944
2537,120,46,28,2,296,44,326,2,28,0.012065722
2506,120,46,28,2,296,44,324,2,26,0.013286116
194,120,47,210,0,300,43,34,2,94,0.050845789
2470,120,46,28,2,296,44,322,2,24,0.014725311
2430,120,46,28,2,296,44,320,2,22,0.016334224
2384,120,46,28,2,296,44,318,2,20,0.018074403
1785,120,45,28,2,296,46,284,2,-14,0.053836528
1792,120,45,28,2,296,45,286,2,-12,0.051699947
2332,120,46,28,2,296,44,316,2,18,0.019916698
184,120,47,210,0,300,43,32,2,92,0.050138587
1800,120,45,28,2,296,45,288,2,-10,0.049548401
2253,120,46,28,2,296,44,314,2,16,0.021839142
2168,120,46,28,2,296,45,312,2,14,0.023825019
1808,120,45,28,2,296,45,290,2,-8,0.04738479
1816,120,45,28,2,296,45,292,2,-6,0.045212142
2089,120,45,28,2,296,45,310,2,12,0.025861372
1825,120,45,28,2,296,45,294,2,-4,0.043033635
1836,120,45,28,2,296,45,296,2,-2,0.040852625
1967,120,45,28,2,296,45,306,2,8,0.030046313
2020,120,45,28,2,296,45,308,2,10,0.027937922
1851,120,45,28,2,296,45,298,2,0,0.03867269
0,120,45,30,0,300,45,0,0,60,0.049145839
1869,120,45,28,2,296,45,300,2,2,0.036497672
1892,120,45,28,2,296,45,302,2,4,0.03433176
1924,120,45,28,2,296,45,304,2,6,0.032179575
174,120,47,30,0,300,43,30,2,90,0.049385704
1591,120,47,210,0,300,43,210,88,90,0.049385704
1585,120,47,28,2,296,43,208,88,92,0.036567124
165,120,47,30,0,300,43,28,2,88,0.048585684
156,120,47,30,0,300,43,26,2,86,0.047737252
147,120,47,30,0,300,43,24,2,84,0.046839311
138,120,47,30,0,300,43,22,2,82,0.045890944
129,120,47,30,0,300,43,20,2,80,0.044891416
120,120,47,30,0,300,43,18,2,78,0.043840173
111,121,47,30,1,300,43,16,2,76,0.042736842
101,121,47,30,1,300,43,14,2,74,0.041581237
90,121,47,30,1,299,43,12,2,72,0.040373359
78,121,47,30,1,299,43,10,2,70,0.039113401
64,121,47,30,1,299,43,8,2,68,0.037801758
49,121,47,30,1,299,43,6,2,66,0.036439036
35,121,47,30,1,299,43,4,2,64,0.035026064
21,121,47,30,1,299,43,2,2,62,0.03356392
6,121,47,30,1,299,43,0,2,60,0.032053957
2851,121,47,30,1,299,43,358,2,58,0.030497849
2835,121,47,30,1,299,43,356,2,56,0.028897645
2819,121,47,30,1,299,43,354,2,54,0.027255863
2805,121,47,30,1,299,43,352,2,52,0.025575614
2789,121,47,30,1,299,44,350,2,50,0.023860793
2773,121,47,30,1,299,44,348,2,48,0.02211637
2757,121,46,30,1,299,44,346,2,46,0.020348841
2741,122,46,30,1,299,44,344,2,44,0.018566948
2624,122,47,28,3,295,43,332,4,34,0.054189672
2725,122,46,30,2,299,44,342,2,42,0.016782857
2707,122,46,30,2,299,44,340,2,40,0.015014144
2599,122,47,28,3,295,43,330,4,32,0.052037124
2685,122,46,30,2,299,44,338,2,38,0.01328718
2573,122,47,28,4,295,43,328,4,30,0.050056889
2663,122,46,30,2,298,44,336,2,36,0.011642939
2640,122,46,30,2,298,44,334,2,34,0.010146479
2544,122,47,28,4,295,43,326,4,28,0.048289119
2616,122,46,30,2,298,44,332,2,32,0.008899723
2513,122,47,28,4,295,43,324,4,26,0.046776095
2591,122,46,30,2,298,44,330,2,30,0.008048073
2565,122,46,30,2,298,44,328,2,28,0.007750696
2478,122,47,28,4,295,43,322,4,24,0.045560365
2536,122,46,30,2,298,44,326,2,26,0.008093377
2438,122,46,28,4,294,43,320,4,22,0.04468207
2505,122,46,30,2,298,44,324,2,24,0.00902325
1784,122,44,30,2,298,46,284,2,-16,0.052871405
2469,122,46,30,2,298,44,322,2,22,0.010399329
2392,122,46,28,4,294,44,318,4,20,0.044175657
2429,122,46,30,2,298,44,320,2,20,0.01208182
1791,122,45,30,2,298,46,286,2,-14,0.05057684
2340,122,46,28,4,294,44,316,4,18,0.044066493
1799,122,45,30,2,298,45,288,2,-12,0.048264404
2383,122,46,30,2,298,44,318,2,18,0.013969235
1807,122,45,30,2,298,45,290,2,-10,0.04593679
2331,122,46,30,2,298,44,316,2,16,0.015995635
2261,122,46,28,4,294,44,314,4,16,0.044368108
2252,122,46,30,2,298,45,314,2,14,0.018118981
1815,122,45,30,2,298,45,292,2,-8,0.043596805
2176,122,46,28,4,294,44,312,4,14,0.045080813
1824,122,45,30,2,298,45,294,2,-6,0.041247398
2167,122,45,30,2,298,45,312,2,12,0.020311872
1835,122,45,30,2,298,45,296,2,-4,0.038891686
1850,122,45,30,2,298,45,298,2,-2,0.036533002
2019,122,45,30,2,298,45,308,2,8,0.024837407
2088,122,45,30,2,298,45,310,2,10,0.022555739
2096,122,46,28,4,294,44,310,4,12,0.046192064
1868,122,45,30,2,298,45,300,2,0,0.034174956
1891,122,45,30,2,298,45,302,2,2,0.031821523
1923,122,45,30,2,298,45,304,2,4,0.029477179
1966,122,45,30,2,298,45,306,2,6,0.027147088
2027,122,46,28,4,294,44,308,4,10,0.047678442
1898,122,45,28,4,294,45,302,4,4,0.054055486
1931,122,45,28,4,294,45,304,4,6,0.051646855
1974,122,45,28,4,294,44,306,4,8,0.049508662
1592,122,47,30,2,298,43,210,88,92,0.034811639
77,123,47,32,1,301,43,10,2,68,0.053227636
63,123,47,32,1,301,43,8,2,66,0.051872708
48,123,47,32,1,301,43,6,2,64,0.050484233
34,123,47,32,1,301,43,4,2,62,0.049064854
20,123,47,32,1,301,43,2,2,60,0.047617681
5,123,47,32,1,301,43,0,2,58,0.046146353
2850,123,47,32,1,301,43,358,2,56,0.044655114
2834,123,47,32,1,301,43,356,2,54,0.043148901
2818,123,47,32,1,301,43,354,2,52,0.041633452
2804,123,47,32,1,301,44,352,2,50,0.040115431
2690,123,47,30,3,297,43,338,4,38,0.052554812
2788,123,47,32,1,301,44,350,2,48,0.038602584
2772,123,46,32,1,301,44,348,2,46,0.037103906
2669,123,47,30,3,297,43,336,4,36,0.049219411
2756,124,46,32,1,301,44,346,2,44,0.035629837
2646,124,47,30,3,297,43,334,4,34,0.045900058
2740,124,46,32,2,301,44,344,2,42,0.034192471
2724,124,46,32,2,301,44,342,2,40,0.032805763
2623,124,47,30,3,297,43,332,4,32,0.042625894
2706,124,46,32,2,301,44,340,2,38,0.031485699
2598,124,47,30,4,297,43,330,4,30,0.039434282
2684,124,46,32,2,300,44,338,2,36,0.030250406
2662,124,46,32,2,300,44,336,2,34,0.029120093
2572,124,47,30,4,297,43,328,4,28,0.036373664
2639,124,46,32,2,300,44,334,2,32,0.028116779
2543,124,47,30,4,297,43,326,4,26,0.033507057
2615,124,46,32,2,300,44,332,2,30,0.027263663
2590,124,46,32,2,300,44,330,2,28,0.026584086
2512,124,47,30,4,297,43,324,4,24,0.030915661
2564,124,46,32,2,300,44,328,2,26,0.026100052
2477,124,46,30,4,296,43,322,4,22,0.028700895
2535,124,46,32,2,300,44,326,2,24,0.025830441
2504,124,46,32,2,300,44,324,2,22,0.025789182
2437,124,46,30,4,296,44,320,4,20,0.026981332
2468,124,46,32,2,300,44,322,2,20,0.025983782
1798,124,45,32,2,300,46,288,2,-14,0.053150127
2391,124,46,30,4,296,44,318,4,18,0.025879546
1806,124,45,32,2,300,45,290,2,-12,0.050983283
2428,124,46,32,2,300,44,320,2,18,0.026414586
1841,124,45,30,4,296,45,296,4,-4,0.051779121
1814,124,45,32,2,300,45,292,2,-10,0.048832869
2382,124,46,32,2,300,44,318,2,16,0.027074976
2339,124,46,30,4,296,44,316,4,16,0.025496512
2330,124,46,32,2,300,45,316,2,14,0.027952422
1823,124,45,32,2,300,45,294,2,-8,0.04670585
1856,124,45,30,4,296,45,298,4,-2,0.047914446
2260,124,46,30,4,296,44,314,4,14,0.025881282
1834,124,45,32,2,300,45,296,2,-6,0.044610008
2251,124,45,32,2,300,45,314,2,12,0.029030082
1849,124,45,32,2,300,45,298,2,-4,0.042554089
1874,124,45,30,4,296,45,300,4,0,0.044157766
1867,124,45,32,2,300,45,300,2,-2,0.040547951
2087,124,45,32,2,300,45,310,2,8,0.031707458
2166,124,45,32,2,300,45,312,2,10,0.030288554
2175,124,46,30,4,296,44,312,4,12,0.027014205
1890,124,45,32,2,300,45,302,2,0,0.038602734
1897,124,45,30,4,296,45,302,4,2,0.04054795
1922,124,45,32,2,300,45,304,2,2,0.036731031
1965,124,45,32,2,300,45,306,2,4,0.034947038
2018,124,45,32,2,300,45,308,2,6,0.03326665
2095,124,46,30,4,296,44,310,4,10,0.0288164
1930,124,45,30,4,296,45,304,4,4,0.037135171
1973,124,45,30,4,296,45,306,4,6,0.033984243
2026,124,45,30,4,296,44,308,4,8,0.031177678
1599,124,47,32,2,300,43,212,88,92,0.043765734
1593,124,47,30,4,296,43,210,88,94,0.044415091
2711,125,47,32,3,299,43,340,4,38,0.054179571
2689,125,47,32,3,299,43,338,4,36,0.050223008
2668,126,47,32,3,299,43,336,4,34,0.046194949
2755,126,46,34,2,303,44,346,2,42,0.053255498
2739,126,46,34,2,303,44,344,2,40,0.051983281
2645,126,47,32,3,299,43,334,4,32,0.042102013
2723,126,46,34,2,303,44,342,2,38,0.050763484
2622,126,47,32,4,299,43,332,4,30,0.037951956
2705,126,46,34,2,302,44,340,2,36,0.049606251
2683,126,46,34,2,302,44,338,2,34,0.048522274
2597,126,47,32,4,299,43,330,4,28,0.033754332
2661,126,46,34,2,302,44,336,2,32,0.047522675
2571,126,47,32,4,299,43,328,4,26,0.029521741
2638,126,46,34,2,302,44,334,2,30,0.046618837
2614,126,46,34,2,302,44,332,2,28,0.045822173
2542,126,47,32,4,299,43,326,4,24,0.025272363
2589,126,46,34,2,302,44,330,2,26,0.045143849
2511,126,46,32,4,298,43,324,4,22,0.021035566
2563,126,46,34,2,302,44,328,2,24,0.044594444
1828,126,44,32,4,298,45,294,4,-8,0.050163666
2534,126,46,34,2,302,44,326,2,22,0.044183587
2476,126,46,32,4,298,44,322,4,20,0.01686569
2503,126,46,34,2,302,44,324,2,20,0.043919577
2436,126,46,32,4,298,44,320,4,18,0.012880708
1840,126,45,32,4,298,45,296,4,-6,0.045590699
2467,126,46,34,2,302,44,322,2,18,0.043809032
1855,126,45,32,4,298,45,298,4,-4,0.041006826
2427,126,46,34,2,302,44,320,2,16,0.043856585
2390,126,46,32,4,298,44,318,4,16,0.009384207
2381,126,46,34,2,302,45,318,2,14,0.044064683
1873,126,45,32,4,298,45,300,4,-2,0.036421164
2338,126,46,32,4,298,44,316,4,14,0.007205367
1848,126,45,34,2,302,45,298,2,-6,0.054085566
2329,126,45,34,2,302,45,316,2,12,0.044433493
1866,126,45,34,2,302,45,300,2,-4,0.052552838
1896,126,45,32,4,298,45,302,4,0,0.031845396
1889,126,45,34,2,302,45,302,2,-2,0.051112113
2165,126,45,34,2,302,45,312,2,8,0.045642829
2250,126,45,34,2,302,45,314,2,10,0.044960934
2259,126,46,32,4,298,44,314,4,12,0.00763626
1921,126,45,34,2,302,45,304,2,0,0.049773645
1929,126,45,32,4,298,45,304,4,2,0.027295826
1964,126,45,34,2,302,45,306,2,2,0.048547707
2017,126,45,34,2,302,45,308,2,4,0.047444357
2086,126,45,34,2,302,45,310,2,6,0.046473154
2174,126,46,32,4,298,44,312,4,10,0.01038785
1972,126,45,32,4,298,45,306,4,4,0.022797796
2025,126,45,32,4,298,45,308,4,6,0.018396195
2094,126,45,32,4,298,44,310,4,8,0.014183754
1600,126,47,32,4,298,43,212,88,94,0.039044028
2667,128,47,34,3,301,43,336,4,32,0.050967722
2644,128,47,34,4,301,43,334,4,30,0.046742805
2621,128,47,34,4,301,43,332,4,28,0.042478271
2596,128,47,34,4,301,43,330,4,26,0.038188144
2570,128,47,34,4,301,43,328,4,24,0.033891493
2541,128,46,34,4,300,43,326,4,22,0.029616013
1827,128,44,34,4,300,46,294,4,-10,0.050466616
1839,128,44,34,4,300,45,296,4,-8,0.045839963
2510,128,46,34,4,300,44,324,4,20,0.025405028
2475,128,46,34,4,300,44,322,4,18,0.021331946
2482,128,47,32,6,297,43,322,6,20,0.052647811
1854,128,45,34,4,300,45,298,4,-6,0.041220407
1872,128,45,34,4,300,45,300,4,-4,0.036624751
2435,128,46,34,4,300,44,320,4,16,0.017531351
2443,128,47,32,6,297,43,320,6,18,0.048455672
1903,128,45,32,6,296,45,302,6,0,0.050655735
1895,128,45,34,4,300,45,302,4,-2,0.032076713
2389,128,46,34,4,300,44,318,4,14,0.014264039
1928,128,45,34,4,300,45,304,4,0,0.027612251
2337,128,46,34,4,300,44,316,4,12,0.012015688
2397,128,46,32,6,297,43,318,6,16,0.044828869
1936,128,45,32,6,296,45,304,6,2,0.046621808
1971,128,45,34,4,300,45,306,4,2,0.023290332
2258,128,46,34,4,300,44,314,4,10,0.011440715
2024,128,45,34,4,300,45,308,4,4,0.019215767
2093,128,45,34,4,300,45,310,4,6,0.015588119
2173,128,45,34,4,300,44,312,4,8,0.012791322
1979,128,45,32,6,296,44,306,6,4,0.043280338
2345,128,46,32,6,296,43,316,6,14,0.041941376
2033,128,45,32,6,296,44,308,6,6,0.040809563
2266,128,46,32,6,296,44,314,6,12,0.039976958
2102,128,46,32,6,296,44,310,6,8,0.039376626
2181,128,46,32,6,296,44,312,6,10,0.039093449
1606,128,47,34,4,300,43,214,88,94,0.044044587
2620,130,47,36,4,303,43,332,4,26,0.053961913
2595,130,47,36,4,303,43,330,4,24,0.05014585
1859,130,44,34,6,298,45,298,6,-6,0.050608721
2569,130,46,36,4,302,43,328,4,22,0.046441386
1838,130,44,36,4,302,46,296,4,-10,0.052450592
2546,130,47,34,6,299,43,326,6,22,0.054286368
1878,130,44,34,6,298,45,300,6,-4,0.0443918
1853,130,44,36,4,302,45,298,4,-8,0.048477543
2540,130,46,36,4,302,44,326,4,20,0.042898645
2509,130,46,36,4,302,44,324,4,18,0.039582054
2516,130,47,34,6,299,43,324,6,20,0.04815191
1871,130,45,36,4,302,45,300,4,-6,0.044677718
1902,130,45,34,6,298,45,302,6,-2,0.038382773
1894,130,45,36,4,302,45,302,4,-4,0.041110415
2474,130,46,36,4,302,44,322,4,16,0.036573623
2481,130,47,34,6,299,43,322,6,18,0.042135367
1935,130,45,34,6,298,45,304,6,0,0.032720658
1927,130,45,36,4,302,45,304,4,-2,0.037851279
2434,130,46,36,4,302,44,320,4,14,0.033974776
1970,130,45,36,4,302,45,306,4,0,0.034994553
2388,130,46,36,4,302,44,318,4,12,0.031903698
2442,130,46,34,6,299,43,320,6,16,0.036336065
1978,130,45,34,6,298,45,306,6,2,0.027641251
2023,130,45,36,4,302,45,308,4,2,0.032651785
2336,130,46,36,4,302,44,316,4,10,0.03048391
2092,130,45,36,4,302,45,310,4,4,0.030942945
2172,130,45,36,4,302,45,312,4,6,0.029976548
2257,130,45,36,4,302,44,314,4,8,0.02982154
2032,130,45,34,6,298,44,308,6,4,0.023541967
2396,130,46,34,6,298,43,318,6,14,0.030917878
2101,130,45,34,6,298,44,310,6,6,0.021013923
2344,130,46,34,6,298,44,316,6,12,0.026159904
2180,130,46,34,6,298,44,312,6,8,0.02064203
2265,130,46,34,6,298,44,314,6,10,0.022523366
1607,130,47,34,6,298,43,214,88,96,0.048958941
1842,132,44,36,6,300,46,296,6,-10,0.053085716
1858,132,44,36,6,300,46,298,6,-8,0.046093713
1877,132,44,36,6,300,45,300,6,-6,0.039064237
1901,132,44,36,6,300,45,302,6,-4,0.032005561
2545,132,47,36,6,301,43,326,6,20,0.052831211
1934,132,45,36,6,300,45,304,6,-2,0.024927646
1926,132,45,38,4,304,45,304,4,-4,0.052556361
2515,132,47,36,6,301,43,324,6,18,0.045947664
1977,132,45,36,6,300,45,306,6,0,0.017845268
1969,132,45,38,4,304,45,306,4,-2,0.050720619
2473,132,46,38,4,304,44,322,4,14,0.054214513
2022,132,45,38,4,304,45,308,4,0,0.049350363
2433,132,46,38,4,304,44,320,4,12,0.05209246
2480,132,46,36,6,301,43,322,6,16,0.039009348
2031,132,45,36,6,300,45,308,6,2,0.0107934
2091,132,45,38,4,304,45,310,4,2,0.048487424
2387,132,46,38,4,304,44,318,4,10,0.050378528
2171,132,45,38,4,304,45,312,4,4,0.04815943
2256,132,45,38,4,304,45,314,4,6,0.048375584
2335,132,45,38,4,304,44,316,4,8,0.04912505
2039,132,45,34,8,296,44,308,8,4,0.052821599
2100,132,45,36,6,300,44,310,6,4,0.004006565
2441,132,46,36,6,300,43,320,6,14,0.032025317
2179,132,45,36,6,300,44,312,6,6,0.004151393
2395,132,46,36,6,300,44,318,6,12,0.025006159
2264,132,46,36,6,300,44,314,6,8,0.010942268
2343,132,46,36,6,300,44,316,6,10,0.017967008
2108,132,45,34,8,296,44,310,8,6,0.052267779
2187,132,46,34,8,296,43,312,8,8,0.053289791
1613,132,47,36,6,300,43,216,88,96,0.050978493
1857,134,44,38,6,302,46,298,6,-10,0.048110056
1876,134,44,38,6,302,46,300,6,-8,0.041443906
1908,134,44,36,8,298,45,302,8,-4,0.049011363
1900,134,44,38,6,302,45,302,6,-6,0.034948651
1941,134,44,36,8,298,45,304,8,-2,0.042794002
1933,134,44,38,6,302,45,304,6,-4,0.028772929
1984,134,45,36,8,298,45,306,8,0,0.037796399
1976,134,45,38,6,302,45,306,6,-2,0.023205561
2030,134,45,38,6,302,45,308,6,0,0.018823837
2038,134,45,36,8,298,44,308,8,2,0.034581563
2514,134,46,38,6,303,43,324,6,16,0.051566998
2099,134,45,38,6,302,45,310,6,2,0.01661517
2107,134,45,36,8,298,44,310,8,4,0.033684059
2178,134,45,38,6,302,44,312,6,4,0.017433408
2479,134,46,38,6,302,43,322,6,14,0.044872881
2263,134,45,38,6,302,44,314,6,6,0.020922062
2440,134,46,38,6,302,44,320,6,12,0.038294943
2342,134,46,38,6,302,44,316,6,8,0.026016796
2394,134,46,38,6,302,44,318,6,10,0.031942036
2186,134,45,36,8,298,44,312,8,6,0.03528982
2271,134,46,36,8,298,43,314,8,8,0.039089817
2349,134,46,36,8,299,43,316,8,10,0.044515663
2401,134,46,36,8,299,43,318,8,12,0.051035204
1881,136,43,38,8,300,46,300,8,-8,0.04730643
1907,136,44,38,8,300,45,302,8,-6,0.038610492
1875,136,44,40,6,304,46,300,6,-10,0.050517957
1899,136,44,40,6,304,46,302,6,-8,0.045509458
1940,136,44,38,8,300,45,304,8,-4,0.030230287
1932,136,44,40,6,304,45,304,6,-6,0.041193273
1983,136,44,38,8,300,45,306,8,-2,0.022587455
1975,136,44,40,6,304,45,306,6,-4,0.037828489
2037,136,45,38,8,300,45,308,8,0,0.016794378
2029,136,45,40,6,304,45,308,6,-2,0.035702085
2098,136,45,40,6,304,45,310,6,0,0.035051454
2106,136,45,38,8,300,44,310,8,2,0.015200314
2177,136,45,40,6,304,45,312,6,2,0.035961813
2185,136,45,38,8,300,44,312,8,4,0.018922586
2262,136,45,40,6,304,44,314,6,4,0.038321137
2341,136,45,40,6,304,44,316,6,6,0.041879185
2393,136,46,40,6,304,44,318,6,8,0.046350498
2439,136,46,40,6,304,44,320,6,10,0.051484168
2270,136,45,38,8,300,44,314,8,6,0.025753107
2348,136,46,38,8,300,43,316,8,8,0.03385095
2400,136,46,38,8,301,43,318,8,10,0.042481083
2445,136,46,38,8,301,43,320,8,12,0.051354541
1860,137,43,40,8,302,46,298,8,-12,0.053710161
1880,138,43,40,8,302,46,300,8,-10,0.044363369
1906,138,43,40,8,302,46,302,8,-8,0.034969293
1939,138,44,40,8,302,45,304,8,-6,0.025551908
1990,138,44,38,10,298,45,306,10,-2,0.049939351
1982,138,44,40,8,302,45,306,8,-4,0.016170742
87,138,44,38,10,298,44,308,10,0,0.047078374
2036,138,44,40,8,302,45,308,8,-2,0.007154633
2028,138,44,42,6,306,45,308,6,-4,0.053751307
2105,138,45,40,8,302,45,310,8,0,0.004882645
2114,138,45,38,10,298,44,310,10,2,0.046959819
2097,138,45,42,6,306,45,310,6,-2,0.053717835
2184,138,45,40,8,302,44,312,8,2,0.013437628
2193,138,45,38,10,298,44,312,10,4,0.049624997
2269,138,45,40,8,302,44,314,8,4,0.022841839
2347,138,45,40,8,302,44,316,8,6,0.032357116
2399,138,46,40,8,302,43,318,8,8,0.041893804
2444,138,46,40,8,303,43,320,8,10,0.051420824
1912,139,43,40,10,300,46,302,10,-8,0.049635218
1879,139,43,42,8,304,46,300,8,-12,0.048332101
1905,140,43,42,8,304,46,302,8,-10,0.040069451
1946,140,43,40,10,300,45,304,10,-6,0.040615467
1938,140,43,42,8,304,46,304,8,-8,0.032491132
1989,140,44,40,10,300,45,306,10,-4,0.033174398
1981,140,44,42,8,304,45,306,8,-6,0.026263969
2044,140,44,40,10,300,45,308,10,-2,0.028655736
2035,140,44,42,8,304,45,308,8,-4,0.022599013
89,140,44,40,10,300,44,310,10,0,0.028550239
2104,140,44,42,8,304,45,310,8,-2,0.022814756
2183,140,45,42,8,304,45,312,8,0,0.026842872
2192,140,45,40,10,300,44,312,10,2,0.032939362
2268,140,45,42,8,304,44,314,8,2,0.033337558
2275,140,45,40,10,300,44,314,10,4,0.040400831
2346,140,45,42,8,304,44,316,8,4,0.04114483
2398,140,45,42,8,304,44,318,8,6,0.049639595
2352,140,45,40,10,301,43,316,10,6,0.049568405
1883,141,42,42,10,302,46,300,10,-12,0.053003465
1911,141,43,42,10,302,46,302,10,-10,0.041616441
1945,141,43,42,10,302,46,304,10,-8,0.030326313
1904,141,43,44,8,306,46,302,8,-12,0.051486861
1937,142,43,44,8,306,46,304,8,-10,0.046198512
239,142,42,42,10,302,46,42,88,-100,0.049499063
1988,142,43,42,10,302,45,306,10,-6,0.019461066
1980,142,43,44,8,306,46,306,8,-8,0.042512858
2043,142,44,42,10,302,45,308,10,-4,0.010685139
2034,142,44,44,8,306,45,308,8,-6,0.040902536
2112,142,44,42,10,302,45,310,10,-2,0.011404229
2103,142,44,44,8,306,45,310,8,-4,0.041636741
92,142,44,42,10,302,44,312,10,0,0.020720607
2182,142,44,44,8,306,45,312,8,-2,0.044617325
2267,142,45,44,8,306,45,314,8,0,0.049447792
2274,142,45,42,10,302,44,314,10,2,0.031841
2351,142,45,42,10,302,44,316,10,4,0.043407435
1882,143,42,44,10,304,47,300,10,-14,0.052079293
1910,143,42,44,10,304,46,302,10,-12,0.04057999
1951,143,42,42,12,300,45,304,12,-8,0.053480187
1944,143,43,44,10,304,46,304,10,-10,0.029199635
1995,143,43,42,12,300,45,306,12,-6,0.045769726
1987,143,43,44,10,304,46,306,10,-8,0.018339636
2051,144,43,42,12,300,45,308,12,-4,0.04137293
251,144,42,44,10,304,46,44,88,-100,0.036234043
2042,144,43,44,10,304,45,308,10,-6,0.010166638
2119,144,43,42,12,300,44,310,12,-2,0.041444974
2111,144,44,44,10,304,45,310,10,-4,0.012573316
2198,144,44,42,12,300,44,312,12,0,0.046024546
2190,144,44,44,10,304,45,312,10,-2,0.022446589
95,144,44,44,10,304,44,314,10,0,0.033805754
2279,144,44,42,12,300,43,314,12,2,0.054012383
2350,144,45,44,10,304,44,316,10,2,0.045563472
1915,145,41,44,12,302,46,302,12,-12,0.052977496
1950,145,42,44,12,302,46,304,12,-10,0.0407661
1909,145,42,46,10,306,47,302,10,-14,0.047123022
1943,145,42,46,10,306,46,304,10,-12,0.038223703
1994,145,42,44,12,302,45,306,12,-8,0.029964804
1986,145,43,46,10,306,46,306,10,-10,0.031403072
2050,145,43,44,12,302,45,308,12,-6,0.022882285
250,145,42,44,12,302,46,44,88,-102,0.0376022
2041,145,43,46,10,306,46,308,10,-8,0.028313761
2118,146,43,44,12,302,45,310,12,-4,0.02337819
264,146,42,46,10,306,46,46,88,-100,0.034288152
2110,146,43,46,10,306,45,310,10,-6,0.03020516
2197,146,43,44,12,302,44,312,12,-2,0.031189035
2189,146,44,46,10,306,45,312,10,-4,0.036357477
2278,146,44,44,12,302,44,314,12,0,0.042505469
2272,146,44,46,10,306,45,314,10,-2,0.045085937
1914,147,41,46,12,304,47,302,12,-14,0.047481897
1949,147,41,46,12,304,46,304,12,-12,0.03351855
1993,147,42,46,12,304,46,306,12,-10,0.019508726
1942,147,42,48,10,308,47,304,10,-14,0.052561469
2057,147,42,44,14,300,45,308,14,-6,0.054359725
1985,147,42,48,10,308,46,306,10,-12,0.048436656
2049,147,42,46,12,304,45,308,12,-8,0.005937024
2125,147,42,44,14,300,44,310,14,-4,0.053960562
2040,147,43,48,10,308,46,308,10,-10,0.04719406
2117,147,43,46,12,304,45,310,12,-6,0.009772726
263,147,42,46,12,304,46,46,88,-102,0.015200904
2109,147,43,48,10,308,46,310,10,-8,0.049104816
2196,148,43,46,12,304,45,312,12,-4,0.023831224
277,148,42,48,10,308,46,48,88,-100,0.046198001
2188,148,43,48,10,308,45,312,10,-6,0.053871176
2277,148,43,46,12,304,44,314,12,-2,0.038177369
2353,148,44,46,12,304,44,316,12,0,0.052608111
1955,148,41,46,14,302,46,304,14,-12,0.054168634
1913,148,41,48,12,306,47,302,12,-16,0.048536884
1948,149,41,48,12,306,47,304,12,-14,0.035470208
2000,149,41,46,14,302,46,306,14,-10,0.043001436
1992,149,41,48,12,306,46,306,12,-12,0.023585759
2056,149,42,46,14,302,45,308,14,-8,0.035821226
2048,149,42,48,12,306,46,308,12,-10,0.016129751
2124,149,42,46,14,302,45,310,14,-6,0.035339192
2116,149,42,48,12,306,45,310,12,-8,0.019449674
262,149,41,47,14,302,45,46,88,-104,0.035688001
2203,149,42,46,14,302,44,312,14,-4,0.041914704
2195,149,43,48,12,306,45,312,12,-6,0.030293569
276,149,42,48,12,306,46,48,88,-102,0.015348589
2283,149,43,46,14,302,44,314,14,-2,0.053063302
2276,150,43,48,12,306,45,314,12,-4,0.043403906
1954,150,40,48,14,304,47,304,14,-14,0.043875865
1999,150,41,48,14,304,46,306,14,-12,0.029239841
1947,150,41,50,12,308,47,304,12,-16,0.045651831
1991,151,41,50,12,308,47,306,12,-14,0.037993671
2055,151,41,48,14,304,46,308,14,-10,0.017678139
2047,151,41,50,12,308,46,308,12,-12,0.034887855
2123,151,42,48,14,304,45,310,14,-8,0.017631931
2115,151,42,50,12,308,46,310,12,-10,0.037602842
2202,151,42,48,14,304,45,312,14,-6,0.029349085
2194,151,42,50,12,308,45,312,12,-8,0.045182486
275,151,41,49,14,304,45,48,88,-104,0.017591502
2282,151,42,48,14,304,44,314,14,-4,0.044421501
291,151,42,50,12,308,46,50,88,-102,0.039279222
1953,152,40,51,14,306,47,304,14,-16,0.039804287
1998,152,40,50,14,306,47,306,14,-14,0.023504029
2063,152,40,48,16,302,46,308,16,-10,0.049193589
2054,152,41,50,14,306,46,308,14,-12,0.007555499
2131,153,41,48,16,302,45,310,16,-8,0.04729726
2046,153,41,52,12,310,47,308,12,-14,0.054135185
2122,153,41,50,14,306,46,310,14,-10,0.010586301
2208,153,41,48,16,302,44,312,16,-6,0.052464678
288,153,39,51,14,305,47,50,86,-104,0.03907139
2201,153,42,50,14,306,45,312,14,-8,0.027005858
274,153,41,49,16,302,45,48,88,-106,0.04844187
2281,153,42,50,14,306,45,314,14,-6,0.04380391
290,153,41,51,14,306,45,50,88,-104,0.027404694
2004,154,39,51,16,304,47,306,16,-14,0.042588875
1952,154,39,53,13,308,48,304,14,-18,0.04394258
1997,154,40,53,14,308,47,306,14,-16,0.030994398
2062,154,40,51,16,304,46,308,16,-12,0.031060662
2053,154,40,52,14,308,47,308,14,-14,0.023157509
2130,154,40,50,16,304,46,310,16,-10,0.02840608
2121,154,41,52,14,308,46,310,14,-12,0.025925194
2207,155,41,50,16,304,45,312,16,-8,0.03684987
287,155,39,51,16,304,47,50,86,-106,0.043244066
2200,155,41,52,14,308,46,312,14,-10,0.037157794
2286,155,41,50,16,304,44,314,16,-6,0.051313488
303,155,39,53,14,307,47,52,86,-104,0.027453022
2280,155,42,52,14,308,45,314,14,-8,0.051697168
289,155,41,51,16,304,45,50,88,-106,0.043632662
1958,155,38,53,15,305,48,304,16,-18,0.05018383
304,155,41,53,14,308,45,52,88,-104,0.052289748
2003,155,39,53,15,305,47,306,16,-16,0.032110954
2061,156,39,53,16,306,47,308,16,-14,0.014981836
1996,156,39,55,13,310,48,306,14,-18,0.045872745
2052,156,40,55,14,310,47,308,14,-16,0.042132487
2129,156,40,53,16,306,46,310,16,-12,0.010909316
2120,156,40,54,14,310,47,310,14,-14,0.044905271
2206,156,40,52,16,306,46,312,16,-10,0.027077995
2199,156,41,54,14,310,46,312,14,-12,0.053304596
2285,157,41,52,16,306,45,314,16,-8,0.045641562
302,157,39,53,16,306,47,52,86,-106,0.015114024
1957,157,38,55,15,307,48,304,16,-20,0.048824067
318,157,39,55,14,309,47,54,86,-104,0.038292734
2002,157,38,55,15,307,48,306,16,-18,0.030922369
2068,157,38,53,18,303,47,308,18,-14,0.045217118
2060,157,39,55,15,307,47,308,16,-16,0.014801066
2136,157,39,53,18,304,46,310,18,-12,0.040136414
2128,158,39,55,16,308,47,310,16,-14,0.01391602
2213,158,39,53,18,304,45,312,18,-10,0.045356633
2205,158,40,55,16,308,46,312,16,-12,0.0299846
315,158,37,56,16,307,49,54,84,-106,0.054238357
301,158,38,53,18,304,46,52,86,-108,0.040752064
2284,158,40,54,16,308,46,314,16,-10,0.048499037
2008,158,37,55,17,305,48,306,18,-18,0.045492726
1956,158,37,57,15,309,49,304,16,-22,0.054362153
317,159,39,55,16,308,47,54,86,-106,0.014012131
2067,159,38,55,17,305,47,308,18,-16,0.028587226
2001,159,38,57,15,309,48,306,16,-20,0.040179506
2059,159,38,57,15,309,48,308,16,-18,0.031214704
2135,159,38,55,18,305,47,310,18,-14,0.020715985
2127,159,39,57,15,309,47,310,16,-16,0.032511241
2212,159,39,55,18,306,46,312,18,-12,0.030528458
2204,160,39,57,16,310,47,312,16,-14,0.043382503
2289,160,39,55,18,306,45,314,18,-10,0.048473806
314,160,37,56,18,305,48,54,84,-108,0.051117963
2007,160,37,57,17,307,48,306,18,-20,0.038851366
331,160,37,58,16,309,49,56,84,-106,0.038884145
316,160,38,55,18,306,46,54,86,-108,0.029406201
2066,160,37,57,17,307,48,308,18,-18,0.017968721
2142,160,37,55,19,303,46,310,20,-14,0.052674793
333,161,39,57,16,310,47,56,86,-106,0.04404213
2134,161,38,57,17,307,47,310,18,-16,0.003359319
2058,161,38,59,15,311,48,308,16,-20,0.050221695
2126,161,38,59,15,311,48,310,16,-18,0.052358222
2211,161,38,57,18,307,47,312,18,-14,0.024536958
2288,161,39,57,18,308,46,314,18,-12,0.046043615
2073,162,36,57,19,305,48,308,20,-18,0.043729671
2006,162,36,59,17,309,49,306,18,-22,0.040962106
330,162,37,58,18,307,48,56,84,-108,0.021438305
2141,162,37,57,19,305,47,310,20,-16,0.033117262
2065,162,37,59,17,309,48,308,18,-20,0.024247152
348,162,37,60,16,311,49,58,84,-106,0.042754586
332,162,38,57,18,308,46,56,86,-108,0.044488376
2133,162,37,59,17,309,48,310,18,-18,0.019599666
2217,162,37,57,19,305,46,312,20,-14,0.036802418
2210,163,38,59,17,309,47,312,18,-16,0.033085837
2292,163,38,57,20,306,46,314,20,-12,0.052143386
2011,163,35,59,19,307,49,306,20,-22,0.05214197
2287,163,38,59,18,309,47,314,18,-14,0.05239342
88,163,36,59,19,307,48,308,20,-20,0.030442632
2005,163,36,61,16,311,50,306,18,-24,0.051059973
329,163,36,58,20,305,47,56,84,-110,0.036782636
2140,164,36,59,19,307,48,310,20,-18,0.013485776
2064,164,36,61,17,311,49,308,18,-22,0.040559082
347,164,37,60,18,309,48,58,84,-108,0.0140472
2216,164,37,59,19,307,47,312,20,-16,0.022834394
2132,164,37,61,17,311,48,310,18,-20,0.039760607
2209,164,37,61,17,311,48,312,18,-18,0.049431514
2291,164,37,59,19,307,46,314,20,-14,0.044496104
2010,164,35,61,18,309,50,306,20,-24,0.048939037
2147,165,35,59,21,305,48,310,22,-18,0.046897385
2071,165,35,61,19,309,49,308,20,-22,0.026403162
344,165,34,61,20,306,49,58,82,-110,0.052262253
90,165,36,61,19,309,48,310,20,-20,0.007579193
2222,165,36,59,21,305,47,312,22,-16,0.045333271
346,165,36,60,20,307,47,58,84,-110,0.022195313
361,165,35,63,18,310,50,60,82,-108,0.043074634
2215,166,36,61,19,309,48,312,20,-18,0.022671043
363,166,37,62,18,311,48,60,84,-108,0.045009507
2077,166,34,62,20,306,49,308,22,-22,0.046152856
2009,166,34,63,18,311,50,306,20,-26,0.05316106
2290,166,37,61,19,309,47,314,20,-16,0.045847798
2146,166,34,61,21,307,48,310,22,-20,0.028024697
2070,166,35,63,18,311,50,308,20,-24,0.035451543
2221,167,35,61,21,307,48,312,22,-18,0.026732211
2138,167,35,63,19,311,49,310,20,-22,0.027521155
345,167,35,60,22,305,47,58,84,-112,0.051903144
360,167,34,63,20,308,49,60,82,-110,0.020873118
93,167,36,63,19,311,48,312,20,-20,0.036966563
2295,167,36,61,21,307,47,314,22,-16,0.044312941
362,167,36,62,20,309,47,60,84,-110,0.043344212
379,167,35,65,18,312,50,62,82,-108,0.046731901
2076,168,33,64,20,308,50,308,22,-24,0.037460837
2145,168,34,64,20,308,49,310,22,-22,0.012621498
2069,168,34,65,18,313,50,308,20,-26,0.051440489
2220,168,34,63,21,309,48,312,22,-20,0.014154504
2137,168,35,65,18,313,50,310,20,-24,0.048194297
359,169,33,63,22,307,48,60,82,-112,0.030738704
2294,169,35,63,21,309,48,314,22,-18,0.039661626
2152,169,33,64,22,306,49,310,24,-22,0.043857379
378,169,34,65,20,310,49,62,82,-110,0.019972113
2075,169,33,66,20,310,51,308,22,-26,0.038221363
2227,169,33,64,23,306,48,312,24,-20,0.035550771
2144,170,33,66,20,310,50,310,22,-24,0.018862604
2219,170,34,66,20,310,49,312,22,-22,0.023398027
2299,170,34,64,23,307,47,314,24,-18,0.046158538
2080,170,31,66,21,308,51,308,24,-26,0.053160582
375,170,32,66,22,308,50,62,80,-112,0.044699203
2293,170,34,65,21,311,48,314,22,-20,0.045640781
2151,170,32,66,22,308,50,310,24,-24,0.028170076
377,171,33,65,22,309,48,62,82,-112,0.022835746
2074,171,32,68,19,312,51,308,22,-28,0.048414329
393,171,32,68,20,311,51,64,80,-110,0.041042868
2226,171,33,66,22,308,49,312,24,-22,0.015450877
395,171,34,67,20,312,49,64,82,-110,0.053450327
2143,171,33,68,20,312,51,310,22,-26,0.037638602
2079,171,31,68,21,309,51,308,24,-28,0.04876949
2298,171,33,66,23,308,48,314,24,-20,0.034940311
2218,172,33,68,20,312,50,312,22,-24,0.042406277
374,172,31,66,24,306,49,62,80,-114,0.051823583
2232,172,31,66,24,306,49,312,26,-22,0.047691899
2150,172,31,68,21,310,51,310,24,-26,0.021956916
376,172,33,66,24,307,48,62,82,-114,0.050249758
392,172,32,68,22,310,50,64,80,-112,0.012296727
2225,172,32,68,22,310,50,312,24,-24,0.008602113
2304,172,32,66,24,306,48,314,26,-20,0.050662876
394,173,33,67,22,311,48,64,82,-112,0.052606142
411,173,32,70,20,313,51,66,80,-110,0.051611175
2156,173,30,69,23,307,51,310,26,-26,0.045645525
2078,173,30,70,21,311,52,308,24,-30,0.052441126
2297,173,33,68,22,310,49,314,24,-22,0.034839952
2231,173,31,68,24,307,50,312,26,-24,0.027147165
2149,173,31,70,21,311,51,310,24,-28,0.032121674
391,174,31,68,24,308,49,64,80,-114,0.022896747
408,174,30,71,22,311,52,66,78,-112,0.045322129
2303,174,31,68,24,308,49,314,26,-22,0.033680588
2224,174,31,70,21,312,51,312,24,-26,0.028510391
410,174,32,70,22,312,50,66,80,-112,0.031985505
2155,174,29,71,23,309,51,310,26,-28,0.035518277
2296,174,32,70,22,312,50,314,24,-24,0.046402496
2230,175,30,71,23,309,51,312,26,-26,0.007514626
2148,175,30,72,21,313,52,310,24,-30,0.049932494
390,175,30,69,26,306,49,64,80,-116,0.052680549
407,175,29,71,23,309,51,66,78,-114,0.027681945
2302,175,31,70,24,309,50,314,26,-24,0.024587012
2223,175,31,72,21,313,51,312,24,-28,0.050064216
409,176,31,70,24,310,49,66,80,-114,0.035551111
2237,176,29,71,25,307,50,312,28,-26,0.042706249
2154,176,29,73,22,311,52,310,26,-30,0.035989238
427,176,30,73,22,313,52,68,78,-112,0.038636593
2308,176,29,71,25,307,49,314,28,-24,0.037780349
2229,176,29,73,23,311,51,312,26,-28,0.016645301
2159,177,27,73,24,308,52,310,28,-30,0.053256275
406,177,28,72,25,307,50,66,78,-116,0.037150159
2301,177,30,73,23,311,51,314,26,-26,0.031961465
424,177,27,74,23,310,53,68,76,-114,0.053418809
2236,177,28,73,25,308,51,312,28,-28,0.025015918
2153,177,28,75,22,313,53,310,26,-32,0.047288626
426,177,29,73,23,311,51,68,78,-114,0.013948043
2307,178,29,73,25,309,50,314,28,-26,0.019278778
2228,178,29,75,22,313,52,312,26,-30,0.03809114
2158,178,27,75,24,310,53,310,28,-32,0.048482566
2355,178,29,73,25,309,49,316,28,-24,0.046464199
423,178,27,75,25,308,52,68,76,-116,0.042625006
2300,178,29,75,23,313,51,314,26,-28,0.049375543
2313,178,27,73,27,306,50,314,30,-26,0.047284796
2235,179,27,75,24,310,52,312,28,-30,0.018001364
425,179,28,74,25,309,50,68,78,-116,0.027770481
440,179,27,76,23,312,53,70,76,-114,0.03059388
2306,179,28,75,25,310,51,314,28,-28,0.016153804
2241,179,26,76,26,308,52,312,30,-30,0.04394353
441,179,29,75,23,313,51,70,78,-114,0.053781604
2157,179,26,77,23,312,54,310,28,-34,0.052588191
2354,180,29,75,25,311,50,316,28,-26,0.047392154
422,180,26,75,27,306,51,68,76,-118,0.051708149
2312,180,27,76,26,308,51,314,30,-28,0.02557038
2234,180,27,77,24,312,53,312,28,-32,0.031173674
439,180,27,77,25,310,52,70,76,-116,0.000955322
2358,180,27,75,27,308,50,316,30,-26,0.040390464
2305,181,27,77,24,312,52,314,28,-30,0.033891819
2240,181,25,78,25,309,53,312,30,-32,0.033235434
457,181,27,78,23,314,53,72,76,-114,0.048927824
2311,181,26,78,26,310,52,314,30,-30,0.003533782
2233,181,26,79,23,314,54,312,28,-34,0.051297177
438,182,26,77,27,308,51,70,76,-118,0.030495334
2357,182,27,78,26,310,51,316,30,-28,0.034329785
2317,182,24,78,27,307,52,314,32,-30,0.040113631
2239,182,25,80,25,311,54,312,30,-34,0.034951244
454,182,25,80,25,310,54,72,74,-116,0.026518143
456,182,27,79,25,312,52,72,76,-116,0.041986084
2362,182,25,78,28,308,51,316,32,-28,0.039268047
2244,183,23,81,26,308,54,312,32,-34,0.052768836
2310,183,25,80,25,311,53,314,30,-32,0.019137541
2316,183,24,80,27,309,53,314,32,-32,0.020886279
2356,183,26,80,26,312,52,316,30,-30,0.042097892
2238,183,24,82,24,313,55,312,30,-36,0.048432002
453,183,24,80,27,309,53,72,74,-118,0.012827042
471,184,23,83,25,311,55,74,72,-116,0.050732665
455,184,26,79,27,310,51,72,76,-118,0.05440628
2361,184,24,80,27,309,52,316,32,-30,0.023410116
2243,184,22,83,25,310,55,312,32,-36,0.048656223
2309,184,25,82,25,313,54,314,30,-34,0.042176325
473,184,25,82,25,312,54,74,74,-116,0.037162371
2367,184,23,81,29,307,52,316,34,-30,0.04538789
2315,185,23,83,26,310,54,314,32,-34,0.015900782
452,185,23,81,29,307,52,72,74,-120,0.038400193
2321,185,21,83,28,307,54,314,34,-34,0.041332679
470,185,22,83,27,309,54,74,72,-118,0.02446732
2360,185,24,82,27,311,53,316,32,-32,0.024444354
2242,185,22,85,25,311,56,312,32,-38,0.054317426
472,185,24,82,27,311,53,74,74,-118,0.03567185
489,186,23,85,25,313,55,76,72,-116,0.046810535
2366,186,22,83,28,308,53,316,34,-32,0.022939038
2314,186,22,85,25,312,55,314,32,-36,0.033523843
2320,186,21,85,27,309,55,314,34,-36,0.03140234
469,186,21,84,28,308,53,74,72,-120,0.022412136
2404,186,23,83,29,309,52,318,34,-30,0.046078573
2359,187,23,85,26,312,54,316,32,-34,0.04189319
486,187,20,86,26,310,56,76,70,-118,0.044422135
2365,187,21,85,28,309,54,316,34,-34,0.005504218
488,187,22,85,27,311,54,76,72,-118,0.028638049
2371,187,20,86,29,307,54,316,36,-34,0.03608221
468,188,21,85,30,306,52,74,72,-122,0.047264292
2319,188,20,87,26,311,56,314,34,-38,0.036215609
2403,188,22,85,28,310,53,318,34,-32,0.042966689
2323,188,18,88,28,308,56,314,36,-38,0.052500116
19,188,20,87,28,308,55,76,70,-120,0.022841556
2408,188,21,86,30,307,52,318,36,-32,0.039472933
2364,188,21,87,27,311,55,316,34,-36,0.025259854
487,188,21,86,28,310,53,76,72,-120,0.035878181
506,189,20,88,26,312,56,78,70,-118,0.036876838
2370,189,19,88,28,308,55,316,36,-36,0.01616038
2318,189,19,89,25,312,57,314,34,-40,0.052552289
2402,189,21,87,28,311,54,318,34,-34,0.052224825
484,189,19,88,30,307,54,76,70,-122,0.030418729
2322,189,18,90,27,309,57,314,36,-40,0.050329951
2407,189,20,88,29,309,54,318,36,-34,0.026934612
2363,190,20,89,26,313,56,316,34,-38,0.049250695
503,190,18,90,28,308,56,78,68,-120,0.036314783
2412,190,18,89,31,306,53,318,38,-34,0.041727402
2369,190,18,90,28,310,56,316,36,-38,0.017816882
21,190,20,89,28,310,55,78,70,-120,0.025620353
2374,190,17,91,29,307,56,316,38,-38,0.038652059
527,191,18,91,26,312,58,80,68,-118,0.05177421
2406,191,19,90,28,310,55,318,36,-36,0.032351934
502,191,17,91,29,307,55,78,68,-122,0.021560234
2411,191,18,91,30,307,54,318,38,-36,0.018881219
504,191,19,90,30,309,54,78,70,-122,0.04194421
2368,191,18,92,27,311,57,316,36,-40,0.03934926
2417,192,16,92,31,305,54,318,40,-36,0.053770482
523,192,16,93,27,308,58,80,66,-120,0.052056238
2373,192,16,93,28,308,57,316,38,-40,0.031592907
526,192,18,92,28,310,56,80,68,-120,0.029675133
2447,192,18,91,31,308,53,320,38,-34,0.05003454
2405,192,18,92,28,312,56,318,36,-38,0.050967651
501,192,16,92,31,306,54,78,68,-124,0.03787993
2410,192,17,93,29,309,56,318,38,-38,0.010898955
2416,193,15,94,30,306,55,318,40,-38,0.030971613
522,193,15,94,29,307,57,80,66,-122,0.026117864
2372,193,15,95,27,309,58,316,38,-42,0.040860558
525,193,17,93,29,309,55,80,68,-122,0.030284117
2446,193,18,93,30,309,54,320,38,-36,0.049990149
2375,193,14,96,29,306,58,316,40,-42,0.05379789
2450,194,16,94,31,307,54,320,40,-36,0.037791929
548,194,16,95,27,310,58,82,66,-120,0.042329125
2409,194,16,95,28,310,57,318,38,-40,0.033247609
98,194,15,96,30,307,57,318,40,-40,0.012848514
521,194,14,95,31,306,55,80,66,-124,0.022497141
2421,194,13,97,31,304,56,318,42,-40,0.052573838
524,194,16,94,31,308,54,80,68,-124,0.052145827
545,195,13,97,28,307,58,82,64,-122,0.037895842
2449,195,15,96,30,308,55,320,40,-38,0.029261325
547,195,15,96,29,309,57,82,66,-122,0.029183348
2454,195,14,96,32,305,55,320,42,-38,0.036069999
2414,195,14,98,29,308,58,318,40,-42,0.024240287
520,195,14,97,33,305,54,80,66,-126,0.045977494
2420,196,12,99,30,305,57,318,42,-42,0.037632923
544,196,13,99,30,306,57,82,64,-124,0.014627353
100,196,15,98,30,309,57,320,40,-40,0.039456883
546,196,14,97,31,308,55,82,66,-124,0.041228561
2453,196,13,99,31,306,56,320,42,-40,0.012955969
569,197,11,100,28,307,60,84,62,-122,0.05112557
2458,197,11,99,32,303,56,320,44,-40,0.048694498
2413,197,13,100,28,309,59,318,40,-44,0.04813935
571,197,13,99,28,309,58,84,64,-122,0.037872327
2419,197,11,100,29,306,59,318,42,-44,0.035712222
2483,197,14,98,32,307,55,322,42,-38,0.051522199
543,197,12,100,32,305,56,82,64,-126,0.028218532
2487,197,12,99,33,304,54,322,44,-38,0.051518052
2452,198,12,101,30,307,57,320,42,-42,0.017290658
2457,198,10,101,31,304,57,320,44,-42,0.026144885
568,198,11,102,30,305,58,84,62,-124,0.02134942
570,198,13,101,30,308,57,84,64,-124,0.037818576
2418,198,11,102,28,307,60,318,42,-46,0.049334771
595,199,11,102,28,309,60,86,62,-122,0.050622883
2486,199,11,101,32,305,56,322,44,-40,0.0335296
2492,199,10,102,33,302,55,322,46,-40,0.053791051
2451,199,11,102,29,308,59,320,42,-44,0.04222855
565,199,8,104,31,302,58,84,60,-126,0.052503302
2456,199,10,103,30,305,58,320,44,-44,0.015806552
567,199,10,103,31,305,57,84,62,-126,0.011167361
2461,199,8,104,31,302,58,320,46,-44,0.05156267
592,200,9,105,29,305,60,86,60,-124,0.033969692
2485,200,10,103,31,306,57,322,44,-42,0.030060469
594,200,11,104,30,307,58,86,62,-124,0.042607185
2491,200,9,104,32,303,56,322,46,-42,0.028449159
564,200,7,105,32,302,57,84,60,-128,0.045528201
566,200,9,104,33,304,56,84,62,-128,0.039227698
2455,200,9,105,29,306,60,320,44,-46,0.034068041
2460,200,7,106,30,303,59,320,46,-46,0.040796176
589,201,6,107,30,302,59,86,58,-126,0.052673282
591,201,8,106,31,304,58,86,60,-126,0.005328307
2484,201,10,105,30,307,58,322,44,-44,0.045587925
593,201,10,105,31,307,57,86,62,-126,0.053004566
2490,201,8,106,31,304,58,322,46,-44,0.0048194
2496,201,6,107,32,301,57,322,48,-44,0.044566253
618,202,7,108,28,304,61,88,58,-124,0.047465918
2459,202,7,108,29,303,60,320,46,-48,0.044764619
619,202,9,107,29,307,60,88,60,-124,0.052739699
2517,202,9,106,32,305,56,324,46,-42,0.049809624
588,202,6,109,32,301,58,86,58,-128,0.03533699
2521,202,7,107,34,302,56,324,48,-42,0.04345221
590,202,7,107,32,304,57,86,60,-128,0.025684029
2489,202,7,108,30,305,59,322,46,-46,0.024951685
2495,202,6,109,31,301,58,322,48,-46,0.025362458
617,203,6,109,30,304,59,88,58,-126,0.021358467
587,203,5,110,33,301,57,86,58,-130,0.038649408
2520,203,6,109,32,303,57,324,48,-44,0.025927463
2525,203,5,110,33,300,56,324,50,-44,0.046738904
2488,204,7,110,29,305,60,322,46,-48,0.052029449
2494,204,5,111,30,302,60,322,48,-48,0.025966379
614,204,4,112,31,300,59,88,56,-128,0.030315111
616,204,6,111,32,303,58,88,58,-128,0.020640284
2519,204,6,111,31,303,58,324,48,-46,0.029634263
2524,205,4,112,32,300,58,324,50,-46,0.020452223
644,205,5,112,29,303,60,90,56,-126,0.037051224
2493,205,4,113,29,302,61,322,48,-50,0.046700037
2497,205,2,114,30,299,60,322,50,-50,0.050074512
613,205,3,113,32,300,58,88,56,-130,0.021526561
615,205,5,112,33,303,57,88,58,-130,0.045480648
2548,205,5,112,33,302,56,326,50,-44,0.047477236
2518,206,5,113,30,304,60,324,48,-48,0.050995644
2523,206,3,114,31,301,59,324,50,-48,0.007816488
2528,206,1,115,32,298,58,324,52,-48,0.044907114
641,206,2,115,30,299,60,90,54,-128,0.032684678
643,206,4,114,31,302,59,90,56,-128,0.028317956
611,206,1,116,33,297,57,88,54,-132,0.054038341
612,206,2,115,34,300,56,88,56,-132,0.041171806
2547,207,4,114,32,302,58,326,50,-46,0.044351807
2551,207,2,115,33,300,57,326,52,-46,0.032383775
674,207,3,115,28,302,62,92,54,-126,0.05248054
2522,207,2,116,30,301,60,324,50,-50,0.034777036
2527,207,1,117,30,298,60,324,52,-50,0.033262149
640,207,1,116,31,299,59,90,54,-130,0.006427863
642,207,3,115,32,302,58,90,56,-130,0.043584781
2550,208,1,117,32,300,58,326,52,-48,0.014403897
671,208,0,118,29,298,61,92,52,-128,0.041106923
673,208,2,117,30,301,60,92,54,-128,0.041942338
639,208,1,118,33,299,57,90,54,-132,0.026383035
2576,209,0,118,34,299,56,328,54,-46,0.050780158
2549,209,1,119,30,300,60,326,52,-50,0.029927927
672,209,1,118,31,301,59,92,54,-130,0.049231143