Index,,,,,,,Strike,Dip,Rake,Misfit,Extra
2526,28,0,118,29,298,61,324,52,-52,0.041099527
2555,28,1,118,33,297,57,326,54,-48,0.042344635
637,28,1,119,32,296,58,90,52,-132,0.039143606
670,29,0,119,30,298,60,92,52,-130,0.014670723
638,29,0,120,34,299,56,90,54,-134,0.054233381
2554,29,1,120,31,297,59,326,54,-50,0.020326714
667,29,2,120,29,295,60,92,50,-130,0.052426686
636,29,2,121,33,296,57,90,52,-134,0.041508654
2575,30,1,120,33,299,57,328,54,-48,0.033811276
669,30,1,121,32,298,58,92,52,-132,0.02028981
703,30,2,121,28,297,62,94,50,-128,0.052724832
2553,30,2,121,30,297,60,326,54,-52,0.023426743
2580,30,2,121,34,296,56,328,56,-48,0.049196841
666,30,3,122,31,295,59,92,50,-132,0.027937339
2557,30,4,122,31,294,59,326,56,-52,0.053805031
2574,31,1,122,31,299,59,328,54,-50,0.035434999
702,31,2,122,29,297,60,94,50,-130,0.031181738
668,31,2,123,33,298,57,92,52,-134,0.046682631
2552,31,3,123,28,296,61,326,54,-54,0.048001748
2579,31,3,123,32,296,58,328,56,-50,0.021596732
665,31,4,124,32,296,58,92,50,-134,0.022215717
2556,31,5,124,29,293,60,326,56,-54,0.049879851
2601,32,2,123,34,298,56,330,56,-48,0.053750868
701,32,3,124,31,297,59,94,50,-132,0.028611461
2578,32,4,124,31,296,59,328,56,-52,0.006707779
699,32,5,125,30,294,60,94,48,-132,0.025755653
2583,32,6,126,31,293,58,328,58,-52,0.047057912
2600,33,3,125,32,298,58,330,56,-50,0.047952356
737,33,4,125,29,296,61,96,48,-130,0.047892967
700,33,4,126,32,298,58,94,50,-134,0.047022986
664,33,4,126,33,296,56,92,50,-136,0.042305102
2577,33,5,126,29,295,60,328,56,-54,0.035381998
2604,33,5,126,33,295,57,330,58,-50,0.03604111
2582,33,6,127,30,292,59,328,58,-54,0.035695518
663,33,6,127,32,293,57,92,48,-136,0.048450807
736,34,5,127,30,296,60,96,48,-132,0.043410909
698,34,5,127,31,295,58,94,48,-134,0.003489852
735,34,6,128,29,293,60,96,46,-132,0.034203845
2603,34,6,128,31,295,58,330,58,-52,0.014192395
696,34,7,128,30,292,59,94,46,-134,0.045254667
2608,34,7,129,32,293,57,330,60,-52,0.048052941
2602,35,6,129,30,294,59,330,58,-54,0.027123916
697,35,6,129,32,295,57,94,48,-136,0.03029337
2581,35,7,128,28,292,61,328,58,-56,0.044132249
2628,35,7,129,34,295,55,332,60,-50,0.05425083
2607,35,8,130,31,292,58,330,60,-54,0.02690481
734,36,7,130,30,294,59,96,46,-134,0.015900115
2627,36,7,131,32,295,57,332,60,-52,0.032322195
731,36,9,131,29,290,60,96,44,-134,0.040789749
2606,36,9,131,29,291,59,330,60,-56,0.027463359
694,36,9,132,32,293,56,94,46,-138,0.035931136
777,37,8,131,28,291,61,98,44,-132,0.047699171
2626,37,8,132,31,294,58,332,60,-54,0.027892319
730,37,10,133,30,291,58,96,44,-136,0.01522308
2631,37,10,133,31,291,57,332,62,-54,0.029696801
776,38,9,133,29,292,60,98,44,-134,0.034249732
2625,38,9,133,29,293,59,332,60,-56,0.047223507
732,38,9,134,32,295,56,96,46,-138,0.053772298
2649,38,9,134,33,294,55,334,62,-52,0.05108702
2605,38,10,133,27,290,61,330,60,-58,0.05000432
729,38,10,135,31,292,57,96,44,-138,0.018193822
774,38,11,134,28,289,60,98,42,-134,0.044289361
2630,38,11,134,30,291,58,332,62,-56,0.012227731
775,39,10,135,30,293,58,98,44,-136,0.039446709
2648,39,10,135,31,293,57,334,62,-54,0.037591016
773,39,11,136,29,290,59,98,42,-136,0.018469098
727,39,12,136,30,289,57,96,42,-138,0.039253406
2653,39,12,136,32,291,56,334,64,-54,0.042476347
770,39,13,136,28,287,59,98,40,-136,0.054310291
2632,39,13,137,28,287,58,332,64,-58,0.052133448
2629,40,11,136,28,290,59,332,62,-58,0.033478284
823,40,11,136,28,291,60,100,42,-134,0.052072261
2647,40,11,136,30,293,58,334,62,-56,0.043848485
728,40,11,137,32,293,56,96,44,-140,0.043174447
821,40,12,136,27,288,60,100,40,-134,0.053838775
2652,40,13,138,30,290,57,334,64,-56,0.013783796
726,40,13,138,31,290,56,96,42,-140,0.033504721
822,41,11,138,29,292,59,100,42,-136,0.054099798
772,41,12,138,30,291,57,98,42,-138,0.014550246
2671,41,12,138,32,293,56,336,64,-54,0.05188682
820,41,13,138,28,289,59,100,40,-136,0.033944505
2651,41,13,139,28,289,58,334,64,-58,0.016285997
769,41,14,138,29,288,58,98,40,-138,0.028420756
725,41,14,140,32,291,55,96,42,-142,0.046315424
2655,41,15,140,29,287,57,334,66,-58,0.049227881
724,41,15,140,30,288,55,96,40,-142,0.054373445
2670,42,13,140,30,292,57,336,64,-56,0.046182852
771,42,13,140,31,292,56,98,42,-140,0.038362183
768,42,14,140,29,289,56,98,40,-140,0.012690899
2674,42,14,141,31,290,55,336,66,-56,0.030842451
2654,42,16,141,27,286,58,334,66,-60,0.045615495
766,42,16,141,28,286,57,98,38,-140,0.048126836
2650,43,14,140,27,288,59,334,64,-60,0.046029969
819,43,14,140,29,290,58,100,40,-138,0.029172999
817,43,15,141,27,287,58,100,38,-138,0.029566739
2673,43,15,142,29,289,57,336,66,-58,0.003831032
767,43,15,142,30,290,55,98,40,-142,0.030159205
2677,43,17,143,29,287,55,336,68,-58,0.054362447
818,44,14,142,29,291,56,100,40,-140,0.043481298
2692,44,14,143,31,292,55,338,66,-56,0.054223277
881,44,15,141,26,287,59,102,38,-136,0.050805033
2672,44,16,143,27,288,58,336,66,-60,0.028825151
816,44,16,143,28,288,57,100,38,-140,0.007475129
2696,44,16,144,31,290,54,338,68,-56,0.050316316
765,44,17,143,29,287,56,98,38,-142,0.033874806
2676,44,18,144,28,286,56,336,68,-60,0.040744916
880,45,15,143,27,289,58,102,38,-138,0.046326175
2691,45,15,144,29,291,57,338,66,-58,0.054216432
879,45,17,144,26,286,58,102,36,-138,0.040634505
2695,45,17,145,29,289,55,338,68,-58,0.0218055
813,45,18,144,27,285,57,100,36,-140,0.040494943
764,45,18,145,30,289,54,98,38,-144,0.037119429
762,45,19,146,28,286,55,98,36,-144,0.054061132
815,46,17,145,29,289,56,100,38,-142,0.024149215
2675,46,18,145,26,284,58,336,68,-62,0.045827868
812,46,18,146,28,286,56,100,36,-142,0.017431262
2694,46,18,146,28,288,56,338,68,-60,0.012170197
763,46,18,147,31,290,53,98,38,-146,0.054042831
2699,46,19,147,28,286,55,338,70,-60,0.045754408
878,47,18,146,27,287,57,102,36,-140,0.026425763
814,47,18,147,30,291,54,100,38,-144,0.048644796
875,47,19,147,25,284,57,102,34,-140,0.04214909
811,47,19,148,28,288,55,100,36,-144,0.017785261
2715,47,19,148,30,289,54,340,70,-58,0.042212749
2698,47,20,148,26,284,56,338,70,-62,0.038172294
761,47,20,148,29,287,54,98,36,-146,0.051275402
2693,48,18,147,26,286,58,338,68,-62,0.040309313
877,48,18,148,28,288,56,102,36,-142,0.032228314
2714,48,19,149,28,288,55,340,70,-60,0.014696018
874,48,20,149,26,286,56,102,34,-142,0.017571323
809,48,21,149,27,285,55,100,34,-144,0.036957992
960,49,19,149,25,286,57,104,34,-140,0.044290295
876,49,19,150,28,290,55,102,36,-144,0.05080968
2713,49,20,150,26,286,56,340,70,-62,0.020553719
810,49,20,150,29,289,54,100,36,-146,0.039861474
2697,49,21,149,24,283,57,338,70,-64,0.051072685
808,49,21,151,28,287,54,100,34,-146,0.029359204
871,49,22,149,25,283,56,102,32,-142,0.052384907
2717,49,22,151,27,285,54,340,72,-62,0.041781638
959,50,20,151,26,288,56,104,34,-142,0.046179989
873,50,21,151,27,287,55,102,34,-144,0.011676311
2731,50,21,152,28,288,53,342,72,-60,0.034801006
870,50,22,151,25,284,55,102,32,-144,0.027662948
807,50,22,153,28,288,53,100,34,-148,0.040252289
2716,50,23,151,25,283,55,340,72,-64,0.041246121
2712,51,21,151,24,285,57,340,70,-64,0.049732694
872,51,21,153,28,289,54,102,34,-146,0.034211698
957,51,22,151,25,285,56,104,32,-142,0.03205823
2730,51,22,153,27,287,54,342,72,-62,0.008325321
806,51,24,154,27,285,53,100,32,-148,0.044777282
956,52,22,153,25,286,55,104,32,-144,0.026202825
2729,52,23,153,25,285,55,342,72,-64,0.027095796
869,52,23,154,26,286,54,102,32,-146,0.00903997
866,52,24,154,24,283,54,102,30,-146,0.043212469
805,52,24,156,27,287,52,100,32,-150,0.047401965
2733,52,25,154,25,284,54,342,74,-64,0.043164423
2745,53,22,155,27,289,54,344,72,-62,0.052824955
1038,53,23,154,23,284,56,106,30,-142,0.048111848
954,53,24,154,24,283,55,104,30,-144,0.031249137
868,53,24,156,27,287,53,102,32,-148,0.024624117
2732,53,25,155,23,282,55,342,74,-66,0.048398218
865,53,25,156,25,285,53,102,30,-148,0.026000035
955,54,23,156,26,288,54,104,32,-146,0.038706921
953,54,24,156,24,285,54,104,30,-146,0.011287344
867,54,24,158,27,289,52,102,32,-150,0.047573796
2747,54,25,156,25,286,54,344,74,-64,0.002947742
2766,54,26,159,27,288,51,346,76,-62,0.053247457
1037,55,24,156,24,285,55,106,30,-144,0.042507078
2762,55,24,158,27,289,53,346,74,-62,0.051283435
1035,55,25,157,22,282,55,106,28,-144,0.042959668
2746,55,25,157,23,284,55,344,74,-66,0.032588861
952,55,25,158,25,287,53,104,30,-148,0.020800237
950,55,26,157,23,282,54,104,28,-146,0.040268116
864,55,26,158,26,286,52,102,30,-150,0.026308095
2749,55,27,158,23,282,53,344,76,-66,0.049709839
1036,56,24,158,24,287,54,106,30,-146,0.048981248
2761,56,25,158,25,288,54,346,74,-64,0.046699086
2765,56,26,159,25,286,52,346,76,-64,0.023821004
949,56,27,159,23,284,53,104,28,-148,0.016431676
862,56,27,159,24,284,52,102,28,-150,0.04166899
863,56,27,160,26,288,51,102,30,-152,0.04290763
1034,57,26,159,23,284,54,106,28,-146,0.028823974
951,57,26,160,26,288,52,104,30,-150,0.042628243
2764,57,27,160,23,284,53,346,76,-66,0.009834891
1031,57,28,159,21,282,54,106,26,-146,0.046085751
945,57,28,159,22,281,53,104,26,-148,0.052827692
861,57,28,161,24,286,51,102,28,-152,0.0353149
2782,57,28,162,25,287,50,348,78,-64,0.052105939
2778,58,26,161,25,288,52,348,76,-64,0.040777407
1033,58,27,161,23,286,53,106,28,-148,0.030301956
948,58,27,161,24,286,52,104,28,-150,0.00848986
944,58,29,161,22,283,52,104,26,-150,0.030730966
860,58,29,163,25,287,50,102,28,-154,0.043461261
2777,59,27,162,23,286,53,348,76,-66,0.03734319
2763,59,28,160,21,283,54,346,76,-68,0.038447661
1110,59,28,161,21,284,54,108,26,-146,0.044992371
1030,59,28,161,22,283,53,106,26,-148,0.024689185
947,59,28,163,24,288,51,104,28,-152,0.030888457
2796,59,28,164,25,289,50,350,78,-64,0.052251689
2781,59,29,163,23,285,51,348,78,-66,0.026397847
859,59,30,164,23,285,50,102,26,-154,0.045943221
1032,60,27,163,24,288,52,106,28,-150,0.045100646
1029,60,29,163,22,285,52,106,26,-150,0.014032454
943,60,29,163,23,285,51,104,26,-152,0.015763287
946,60,29,165,25,289,50,104,28,-154,0.053410093
2780,60,30,163,21,284,52,348,78,-68,0.022189589
1109,61,28,163,22,285,53,108,26,-148,0.043421681
2795,61,29,165,23,287,51,350,78,-66,0.027667922
1026,61,30,164,21,283,52,106,24,-150,0.031361769
942,61,30,166,23,287,50,104,26,-154,0.025114661
940,61,31,164,21,283,51,104,24,-152,0.04470775
858,61,31,166,24,287,50,102,26,-156,0.047422259
1108,62,29,165,22,287,52,108,26,-150,0.052224945
1028,62,29,165,23,287,51,106,26,-152,0.028528297
2779,62,30,164,20,282,53,348,78,-70,0.04640742
1107,62,30,164,20,283,53,108,24,-148,0.038990138
2794,62,30,165,21,286,52,350,78,-68,0.025436434
939,62,31,166,21,284,51,104,24,-154,0.028505128
2812,62,31,168,24,288,49,352,80,-66,0.045617568
2798,62,32,166,22,284,50,350,80,-68,0.037708892
1106,63,30,166,21,285,52,108,24,-150,0.029708512
1027,63,30,168,23,289,50,106,26,-154,0.048974332
1025,63,31,166,21,285,51,106,24,-152,0.008800336
941,63,31,168,24,289,50,104,26,-156,0.045043723
1022,63,32,166,19,282,51,106,22,-152,0.042548283
2797,63,32,166,20,283,51,350,80,-70,0.038119685
857,63,33,168,22,286,49,102,24,-158,0.052789671
2793,64,30,166,20,284,53,350,78,-70,0.049189958
1172,64,31,166,19,282,53,110,22,-148,0.053274966
1024,64,31,168,21,286,51,106,24,-154,0.014130553
1103,64,32,166,19,282,52,108,22,-150,0.040888098
2811,64,32,168,22,286,50,352,80,-68,0.015528831
1105,65,31,168,21,287,51,108,24,-152,0.035038635
1102,65,32,168,19,284,51,108,22,-152,0.0233009
2810,65,32,168,20,285,51,352,80,-70,0.015991102
936,65,33,168,20,284,50,104,22,-156,0.040453724
1021,65,33,168,20,284,51,106,22,-154,0.020481246
937,65,33,170,22,288,49,104,24,-158,0.040009071
2828,65,33,171,22,288,48,354,82,-68,0.046974881
1104,66,31,170,21,288,51,108,24,-154,0.049954821
1171,66,32,168,19,284,52,110,22,-150,0.044253186
1023,66,32,170,22,288,50,106,24,-156,0.035910613
1098,66,33,168,18,282,51,108,20,-152,0.048413061
935,66,34,170,20,286,49,104,22,-158,0.032212038
1170,67,32,170,19,286,51,110,22,-152,0.044928753
2823,67,32,170,20,287,51,354,80,-70,0.042633587
1168,67,33,168,17,282,52,110,20,-150,0.053297658
2809,67,33,169,18,283,52,352,80,-72,0.046550152
1020,67,33,170,20,286,50,106,22,-156,0.007297885
1101,67,33,170,20,286,51,108,22,-154,0.019907528
2842,67,33,173,22,290,48,356,82,-68,0.05128304
2827,67,34,171,20,286,49,354,82,-70,0.022185115
932,67,35,171,18,283,49,104,20,-158,0.051153798
1167,68,33,170,18,284,51,110,20,-152,0.038337681
1017,68,34,171,18,283,50,106,20,-156,0.033208416
1097,68,34,171,18,284,50,108,20,-154,0.027074072
1019,68,34,172,20,288,49,106,22,-158,0.025539653
934,68,34,173,21,288,48,104,22,-160,0.038024965
1100,69,33,172,20,288,50,108,22,-156,0.03425205
1169,69,33,172,20,288,51,110,22,-154,0.05441476
2841,69,34,173,20,288,49,356,82,-70,0.024535197
2826,69,35,171,18,284,50,354,82,-72,0.025222735
1016,69,35,173,18,285,49,106,20,-158,0.016027589
933,69,35,175,21,289,48,104,22,-162,0.053011478
931,69,36,173,19,285,48,104,20,-160,0.039273677
1096,70,34,173,18,285,50,108,20,-156,0.010081517
1166,70,34,173,18,286,50,110,20,-154,0.032242884
1099,70,34,174,20,290,49,108,22,-158,0.053138212
1018,70,34,175,21,290,48,106,22,-160,0.046539634
2825,70,35,172,16,282,50,354,82,-74,0.051755014
1013,70,36,173,17,283,49,106,18,-158,0.04505164
930,70,36,175,19,287,48,104,20,-162,0.038302239
2844,70,37,174,18,285,48,356,84,-72,0.044908139
1163,71,35,173,16,283,50,110,18,-154,0.03966529
1220,71,35,173,16,283,51,112,18,-152,0.052008692
2840,71,35,173,18,286,50,356,82,-72,0.021361866
1095,71,35,175,18,287,49,108,20,-158,0.019805423
1093,71,36,173,16,283,50,108,18,-156,0.036580661
1015,71,36,175,19,287,48,106,20,-160,0.019269048
2859,71,36,176,20,289,47,358,84,-70,0.04842799
1165,72,34,175,18,287,50,110,20,-156,0.038644922
2839,72,35,174,16,284,50,356,82,-74,0.047186308
1092,72,36,175,17,285,49,108,18,-158,0.01520495
1014,72,36,177,19,289,48,106,20,-162,0.03737012
2843,72,37,174,16,283,49,356,84,-74,0.047932045
1012,72,37,175,17,285,48,106,18,-160,0.02674978
2858,72,37,176,18,287,48,358,84,-72,0.019822892
929,72,37,177,19,289,47,104,20,-164,0.048378838
1219,73,35,175,16,285,50,112,18,-154,0.04441231
2855,73,35,175,18,288,50,358,82,-72,0.050484601
1164,73,35,177,18,289,49,110,20,-158,0.0527557
1162,73,36,175,16,285,50,110,18,-156,0.02569244
1094,73,36,177,19,289,48,108,20,-160,0.039446466
927,73,38,177,17,287,47,104,18,-164,0.039917531
1217,74,36,175,14,283,50,112,16,-154,0.05277579
1161,74,36,177,17,287,49,110,18,-158,0.025108319
1159,74,37,175,15,283,49,110,16,-156,0.04645574
2857,74,37,176,16,285,49,358,84,-74,0.01794304
1091,74,37,177,17,287,48,108,18,-160,0.006503232
12,74,37,178,18,289,48,0,84,-72,0.032049324
1218,75,36,177,16,287,50,112,18,-156,0.045711067
1087,75,38,177,15,285,48,108,16,-160,0.026338438
926,75,38,179,17,289,46,104,18,-166,0.044556376
1010,75,38,179,17,289,47,106,18,-164,0.029961378
925,75,39,177,15,285,47,104,16,-164,0.052780489
14,75,39,179,16,287,47,0,86,-74,0.045099504
2856,76,37,177,14,283,49,358,84,-76,0.046519551
1158,76,37,177,15,285,49,110,16,-158,0.027769325
11,76,37,178,16,287,49,0,84,-74,0.020919781
1090,76,37,179,17,289,48,108,18,-162,0.02690225
924,76,39,179,16,287,47,104,16,-166,0.042214476
1086,77,38,179,15,287,48,108,16,-162,0.00587072
1009,77,38,181,17,291,46,106,18,-166,0.048008795
1089,77,38,181,17,291,47,108,18,-164,0.047280909
13,77,39,179,14,285,47,0,86,-76,0.045494886
1007,77,39,179,15,287,47,106,16,-164,0.023107955
28,77,39,181,16,289,47,2,86,-74,0.027611552
10,78,37,179,14,285,49,0,84,-76,0.042151809
1215,78,37,179,15,287,49,112,16,-158,0.03470577
25,78,37,180,16,289,49,2,84,-74,0.049380256
1083,78,39,179,13,285,48,108,14,-162,0.037695586
1006,78,39,181,16,289,47,106,16,-166,0.024592306
1004,78,40,180,13,284,47,106,14,-164,0.046286572
923,78,40,182,16,288,46,104,16,-168,0.041290801
1212,79,38,179,13,285,49,112,14,-158,0.041425542
1156,79,38,181,15,289,48,110,16,-162,0.024364307
1154,79,39,179,13,285,48,110,14,-160,0.035828081
27,79,39,181,14,287,47,2,86,-76,0.015637261
1085,79,39,181,15,289,47,108,16,-164,0.015502837
41,79,39,183,16,291,47,4,86,-74,0.037380893
1153,80,39,181,13,287,48,110,14,-162,0.017607072
1084,80,39,183,16,291,47,108,16,-166,0.035669104
1082,80,40,182,13,286,47,108,14,-164,0.017409569
1003,80,40,182,14,286,47,106,14,-166,0.029473148
1005,80,40,184,16,290,46,106,16,-168,0.039135685
921,80,41,182,14,286,46,104,14,-168,0.044931241
1258,81,38,181,13,287,49,114,14,-158,0.04453779
1213,81,38,183,15,291,48,112,16,-162,0.053400846
1211,81,39,181,13,287,48,112,14,-160,0.029587646
40,81,39,183,14,289,47,4,86,-76,0.013441967
1155,81,39,183,15,291,47,110,16,-164,0.041458853
26,81,40,181,12,285,48,2,86,-78,0.040602386
920,81,41,184,14,288,46,104,14,-170,0.038581293
1210,82,39,183,13,289,48,112,14,-162,0.028974303
1149,82,40,182,11,284,47,110,12,-162,0.046154159
1208,82,40,182,11,284,48,112,12,-160,0.048199917
1152,82,40,184,13,288,47,110,14,-164,0.012934107
1081,82,40,184,14,288,47,108,14,-166,0.006536209
1078,82,41,182,12,284,47,108,12,-164,0.048672641
1002,82,41,184,14,288,46,106,14,-168,0.021892412
1257,83,39,183,13,289,48,114,14,-160,0.045212085
54,83,39,185,14,291,47,6,86,-76,0.041339975
39,83,40,183,12,287,48,4,86,-78,0.03001851
999,83,41,184,12,286,46,106,12,-168,0.036657022
1077,83,41,184,12,286,47,108,12,-166,0.028405949
919,83,41,186,14,290,45,104,14,-172,0.042784646
1001,83,41,186,14,290,46,106,14,-170,0.030588056
918,83,42,184,12,286,46,104,12,-170,0.048148272
1256,84,39,185,13,291,48,114,14,-162,0.05336096
1207,84,40,184,11,286,47,112,12,-162,0.031876077
1254,84,40,184,11,286,48,114,12,-160,0.041753262
1209,84,40,186,13,290,47,112,14,-164,0.039642229
1151,84,40,186,14,290,47,110,14,-166,0.028601967
1148,84,41,184,12,286,47,110,12,-164,0.026468338
1080,84,41,186,14,290,46,108,14,-168,0.024531737
53,85,40,185,12,289,48,6,86,-78,0.040157496
1076,85,41,186,12,288,46,108,12,-168,0.009603403
1147,85,41,186,12,288,47,110,12,-166,0.00977408
71,85,41,188,14,292,45,8,88,-76,0.04684499
1079,85,41,188,14,292,46,108,14,-170,0.044148546
917,85,42,186,12,288,45,104,12,-172,0.03679156
998,85,42,186,12,288,46,106,12,-170,0.022568447
856,85,43,186,12,288,45,102,12,-174,0.051285728
1253,86,40,186,11,288,47,114,12,-162,0.036453482
1290,86,40,186,11,288,48,116,12,-160,0.050379825
1206,86,41,186,12,288,47,112,12,-164,0.022604831
1150,86,41,188,14,292,46,110,14,-168,0.047240227
55,86,42,186,10,286,46,6,88,-80,0.039704858
1288,87,41,186,9,286,48,116,10,-160,0.052663339
1203,87,41,186,10,286,47,112,10,-164,0.03950683
1146,87,41,188,12,290,46,110,12,-168,0.016693193
1205,87,41,188,12,290,47,112,12,-166,0.027785757
1072,87,42,186,10,286,46,108,10,-168,0.039112091
1143,87,42,186,10,286,47,110,10,-166,0.037342902
997,87,42,188,12,290,45,106,12,-172,0.022538076
1075,87,42,188,12,290,46,108,12,-170,0.013712015
914,87,43,186,10,286,46,104,10,-172,0.052184352
916,87,43,188,12,290,45,104,12,-174,0.035281959
1289,88,40,188,11,290,47,116,12,-162,0.054116186
1252,88,41,188,12,290,47,114,12,-164,0.040729488
69,88,42,188,10,288,46,8,88,-80,0.01649654
913,88,43,188,10,288,45,104,10,-174,0.03668415
1249,89,41,188,10,288,47,114,10,-164,0.033757093
1204,89,41,190,12,292,46,112,12,-168,0.042070502
1251,89,41,190,12,292,47,114,12,-166,0.052005232
1142,89,42,188,10,288,46,110,10,-168,0.01840137
1202,89,42,188,10,288,47,112,10,-166,0.024397442
1074,89,42,190,12,292,45,108,12,-172,0.032618012
84,89,42,190,12,292,46,10,88,-78,0.034028161
993,89,43,188,10,288,46,106,10,-172,0.026643107
996,89,43,190,12,292,45,106,12,-174,0.036176987
68,90,42,188,8,286,46,8,88,-82,0.04733378
83,90,42,190,10,290,46,10,88,-80,0.015536846
1067,90,43,188,8,286,46,108,8,-170,0.049808825
992,90,43,190,10,290,45,106,10,-174,0.016316153
852,90,44,190,10,290,44,102,10,-178,0.040481491
1286,91,41,190,10,290,47,116,10,-164,0.043388984
1245,91,42,188,8,286,47,114,8,-164,0.052484719
1141,91,42,190,10,290,46,110,10,-170,0.007954123
1248,91,42,190,10,290,47,114,10,-166,0.031629457
1144,91,42,192,12,294,45,110,12,-172,0.053815733
1138,91,43,188,8,286,46,110,8,-168,0.048718016
1070,91,43,190,10,290,46,108,10,-172,0.004468399
1073,91,43,192,12,294,45,108,12,-174,0.051921093
82,92,42,190,8,288,46,10,88,-82,0.035986325
95,92,42,192,10,292,46,12,88,-80,0.03701061
1137,92,43,190,8,288,46,110,8,-170,0.029674282
1069,92,43,192,10,292,45,108,10,-174,0.02084156
799,92,44,190,8,288,44,100,8,-180,0.05439347
987,92,44,190,8,288,45,106,8,-174,0.033495314
911,92,44,192,10,292,44,104,10,-178,0.0327287
1284,93,42,190,8,288,47,116,8,-164,0.04424968
1200,93,42,192,10,292,46,112,10,-170,0.030366836
1285,93,42,192,10,292,47,116,10,-166,0.04998854
1197,93,43,190,8,288,46,112,8,-168,0.032413696
1140,93,43,192,10,292,46,110,10,-172,0.023227386
94,94,42,192,8,290,46,12,88,-82,0.037559601
1136,94,43,192,8,290,46,110,8,-172,0.012582
1068,94,43,194,10,294,45,108,10,-176,0.039939443
846,94,44,192,8,290,44,102,8,-180,0.033290655
1065,94,44,192,8,290,45,108,8,-174,0.010572511
990,94,44,194,10,294,44,106,10,-178,0.041465919
802,94,45,192,8,290,44,100,8,178,0.042668437
1310,95,42,192,8,290,47,118,8,-164,0.046702676
1246,95,42,194,10,294,46,114,10,-170,0.053364772
1243,95,43,192,8,290,46,114,8,-168,0.028439056
1199,95,43,194,10,294,46,112,10,-172,0.046513056
105,96,42,194,8,292,46,14,88,-82,0.049941673
1240,96,43,192,6,288,46,114,6,-168,0.045814349
1195,96,43,194,8,292,46,112,8,-172,0.021464
1059,96,44,192,6,288,45,108,6,-174,0.041396298
1132,96,44,192,6,288,46,110,6,-172,0.041586249
905,96,44,194,8,292,44,104,8,-180,0.020526273
1064,96,44,194,8,292,45,108,8,-176,0.008776522
798,96,45,192,6,288,44,100,6,178,0.0528259
840,96,45,192,6,288,45,102,6,-180,0.048482338
850,96,45,194,8,292,44,102,8,178,0.029470856
1282,97,43,194,8,292,46,116,8,-168,0.039439018
1279,98,43,194,6,290,46,116,6,-168,0.037880647
1241,98,43,196,8,294,46,114,8,-172,0.041534795
1058,98,44,194,6,290,45,108,6,-176,0.022409013
1191,98,44,194,6,290,46,112,6,-172,0.027465065
984,98,44,196,8,294,44,106,8,-180,0.0284625
1063,98,44,196,8,294,45,108,8,-178,0.027872464
845,98,45,194,6,290,44,102,6,178,0.030681449
899,98,45,194,6,290,45,104,6,-180,0.026186789
909,98,45,196,8,294,44,104,8,178,0.031936936
723,98,46,194,6,290,44,96,6,172,0.04852543
758,98,46,196,8,294,43,98,8,172,0.052016979
1306,100,43,196,6,292,46,118,6,-168,0.040545115
1125,100,44,194,4,288,45,110,4,-174,0.054008377
1057,100,44,196,6,292,45,108,6,-178,0.005735187
1238,100,44,196,6,292,46,114,6,-172,0.026357939
1062,100,44,198,8,296,44,108,8,-180,0.046844401
1133,100,44,198,8,296,45,110,8,-178,0.048621165
1052,100,45,194,4,288,45,108,4,-176,0.053533081
904,100,45,196,6,292,44,104,6,178,0.010557378
978,100,45,196,6,292,45,106,6,-180,0.004464775
989,100,45,198,8,296,44,106,8,178,0.046843559
693,100,46,196,6,292,43,94,6,168,0.045957177
756,100,46,196,6,292,44,98,6,172,0.031752087
1325,102,43,198,6,294,46,120,6,-168,0.051569674
1186,102,44,196,4,290,45,112,4,-174,0.038554152
1275,102,44,196,4,290,46,116,4,-170,0.043839724
1129,102,44,198,6,294,45,110,6,-178,0.020888429
1277,102,44,198,6,294,46,116,6,-172,0.038512954
793,102,45,196,4,290,44,100,4,174,0.037423106
972,102,45,196,4,290,45,106,4,-180,0.034837138
983,102,45,198,6,294,44,106,6,178,0.01522608
1056,102,45,198,6,294,45,108,6,-180,0.016860243
719,102,46,196,4,290,44,96,4,170,0.042138077
721,102,46,198,6,294,43,96,6,168,0.038099451
795,102,46,198,6,294,44,100,6,172,0.025901139
1234,104,44,198,4,292,45,114,4,-174,0.029685077
1303,104,44,198,4,292,46,118,4,-170,0.038223221
1188,104,44,200,6,296,45,112,6,-178,0.041082998
838,104,45,198,4,292,44,102,4,174,0.016850198
897,104,45,198,4,292,45,104,4,176,0.016228023
982,104,45,200,6,296,44,106,6,176,0.034038819
1128,104,45,200,6,296,45,110,6,-180,0.037638708
586,104,46,198,4,292,43,86,4,158,0.045645618
752,104,46,198,4,292,44,98,4,170,0.021610107
754,104,46,200,6,296,43,98,6,168,0.042133942
842,104,46,200,6,296,44,102,6,172,0.035776929
563,104,47,198,4,291,43,84,4,156,0.049939683
1273,106,44,200,4,294,45,116,4,-174,0.032415764
1322,106,44,200,4,294,46,120,4,-170,0.04181247
685,106,45,198,2,290,44,94,2,166,0.0483544
748,106,45,198,2,290,45,98,2,170,0.047918489
837,106,45,200,4,294,44,102,4,172,0.002454391
976,106,45,200,4,294,45,106,4,176,0.008909518
981,106,45,202,6,298,44,106,6,174,0.052813189
655,106,46,198,2,290,44,92,2,164,0.048789603
609,106,46,200,4,294,43,88,4,158,0.033201485
791,106,46,200,4,294,44,100,4,170,0.006018638
901,106,46,202,6,298,44,104,6,172,0.052716904
519,106,47,200,3,293,43,80,4,150,0.050544012
585,106,47,200,4,293,43,86,4,156,0.037626731
1556,106,47,200,4,294,43,200,88,86,0.050939737
1349,108,44,200,2,292,45,124,2,-166,0.047772305
1360,108,44,200,2,292,46,126,2,-164,0.049787553
1301,108,44,202,4,296,45,118,4,-174,0.044167121
1337,108,44,202,4,296,46,122,4,-170,0.052343178
713,108,45,200,2,292,44,96,2,166,0.02981514
747,108,45,200,2,292,45,98,2,168,0.030015541
895,108,45,202,4,296,44,104,4,172,0.021912834
1054,108,45,202,4,296,45,108,4,176,0.026274909
421,108,46,200,1,291,44,68,2,138,0.04378293
437,108,46,200,2,291,44,70,2,140,0.042240283
684,108,46,200,2,292,44,94,2,164,0.029833053
632,108,46,202,4,296,43,90,4,158,0.031998946
790,108,46,202,4,296,44,100,4,168,0.02090763
540,108,47,202,3,295,43,82,4,150,0.04609313
608,108,47,202,4,295,43,88,4,156,0.03537275
1562,108,47,202,4,296,43,202,88,86,0.049845728
373,109,46,200,1,291,43,62,2,132,0.04847041
405,109,46,200,1,291,44,66,2,136,0.045341023
358,109,47,200,1,291,43,60,2,130,0.050027615
1359,110,44,202,2,294,45,126,2,-166,0.044214272
1367,110,44,202,2,294,46,128,2,-164,0.04652481
746,110,45,202,2,294,44,98,2,166,0.014472641
786,110,45,202,2,294,45,100,2,168,0.01599167
974,110,45,204,4,298,44,106,4,172,0.041651257
1126,110,45,204,4,298,45,110,4,176,0.04535192
436,110,46,202,1,293,44,70,2,138,0.025790921
450,110,46,202,2,293,44,72,2,140,0.024024945
628,110,46,202,2,294,44,90,2,158,0.011883498
656,110,46,204,4,298,43,92,4,158,0.04253487
789,110,46,204,4,298,44,100,4,166,0.039293061
1563,110,47,202,2,294,43,202,88,88,0.043340041
560,110,47,204,3,297,43,84,4,150,0.050999187
631,110,47,204,4,297,43,90,4,156,0.044288393
388,111,46,202,1,293,43,64,2,132,0.031014917
420,111,46,202,1,293,44,68,2,136,0.027550269
208,111,47,202,0,292,43,36,2,104,0.050783677
372,111,47,202,1,293,43,62,2,130,0.032707409
1366,112,44,204,2,296,45,128,2,-166,0.047763213
1374,112,44,204,2,296,46,130,2,-164,0.049977317
1345,112,45,22,0,292,45,124,0,-168,0.050288259
785,112,45,204,2,296,44,100,2,166,0.016456918
831,112,45,204,2,296,45,102,2,168,0.018586895
449,112,46,204,1,295,44,72,2,138,0.014993476
465,112,46,204,2,295,44,74,2,140,0.013322484
579,112,46,204,2,296,44,86,2,152,0.00599595
198,112,47,202,0,292,43,34,2,102,0.051823052
1569,112,47,204,2,296,43,204,88,88,0.039454447
403,113,46,204,1,295,43,66,2,132,0.019924842
435,113,46,204,1,295,44,70,2,136,0.0166591
217,113,47,204,0,294,43,38,2,104,0.037646988
387,113,47,204,1,295,43,64,2,130,0.021509175
1524,114,45,24,0,294,45,188,0,-106,0.039094906
830,114,45,206,2,298,44,102,2,166,0.032394275
888,114,45,206,2,298,45,104,2,168,0.033859093
464,114,46,206,1,297,44,74,2,138,0.023960197
480,114,46,206,2,297,44,76,2,140,0.023730654
496,114,46,206,2,298,44,78,2,142,0.023610471
141,114,47,24,0,294,43,22,2,88,0.042944094
207,114,47,204,0,294,43,36,2,102,0.038501656
1576,114,47,206,2,298,43,206,88,88,0.045727272
2728,115,46,24,1,293,43,342,2,48,0.046237729
2710,115,46,24,1,293,44,340,2,46,0.046396272
418,115,46,206,1,297,43,68,2,132,0.025170805
448,115,46,206,1,297,44,72,2,136,0.024286
81,115,47,24,0,294,43,10,2,76,0.044861099
67,115,47,24,1,293,43,8,2,74,0.045047013
226,115,47,206,0,296,43,40,2,104,0.032998825
402,115,47,206,1,297,43,66,2,130,0.02570211
1343,116,45,26,0,296,45,124,0,-172,0.034365628
887,116,45,208,2,300,44,104,2,166,0.050263571
966,116,45,208,2,300,45,106,2,168,0.051379766
2666,116,46,24,1,293,44,336,2,42,0.046818901
2619,116,46,24,2,292,44,332,2,38,0.047410309
2643,116,46,24,2,293,44,334,2,40,0.047091567
479,116,46,208,1,299,44,76,2,138,0.041185574
495,116,46,208,2,299,44,78,2,140,0.041438717
512,116,46,208,2,300,44,80,2,142,0.041743351
103,116,47,26,0,296,43,14,2,78,0.033947542
216,116,47,206,0,296,43,38,2,102,0.033363108
2743,117,46,26,1,295,43,344,2,48,0.028601413
2709,117,46,26,1,295,44,340,2,44,0.028297832
433,117,46,208,1,299,43,70,2,132,0.040688694
447,117,46,208,1,299,44,72,2,134,0.040815565
92,117,47,26,0,296,43,12,2,76,0.03369575
2759,117,47,26,1,295,43,346,2,50,0.028852229
235,117,47,208,0,298,43,42,2,104,0.039776457
246,117,47,208,1,299,43,44,2,106,0.039939081
2090,118,45,26,2,294,44,310,2,14,0.038588328
2021,118,45,26,2,294,45,308,2,12,0.040013938
429,118,45,28,0,298,45,70,0,132,0.038444324
2687,118,46,26,1,295,44,338,2,42,0.02826447
2642,118,46,26,2,294,44,334,2,38,0.028477473
2665,118,46,26,2,295,44,336,2,40,0.028321848
1578,118,47,26,2,294,43,206,88,92,0.04775502
112,118,47,28,0,298,43,16,2,78,0.033608144
1584,118,47,208,0,298,43,208,88,90,0.037496086
2758,119,46,28,1,297,43,346,2,48,0.016356961
2726,119,46,28,1,297,44,342,2,44,0.01382453
102,119,47,28,0,298,43,14,2,76,0.032771523
2774,119,47,28,1,297,43,348,2,50,0.01768535
245,119,47,210,0,300,43,44,2,104,0.053759957
257,119,47,210,1,301,43,46,2,106,0.054233536
1785,120,44,28,2,296,45,284,2,-14,0.053836528
2168,120,45,28,2,296,44,312,2,14,0.023825019
2089,120,45,28,2,296,45,310,2,12,0.025861372
1639,120,45,30,0,300,45,228,0,-72,0.049145839
2708,120,46,28,1,297,44,340,2,42,0.012686785
2617,120,46,28,2,296,44,332,2,34,0.010279565
2686,120,46,28,2,297,44,338,2,40,0.011697962
1585,120,47,28,2,296,43,208,88,92,0.036567124
120,120,47,30,0,300,43,18,2,78,0.043840173
1591,120,47,210,0,300,43,210,88,90,0.049385704
2773,121,46,30,1,299,43,348,2,48,0.02211637
2741,121,46,30,1,299,44,344,2,44,0.018566948
111,121,47,30,0,300,43,16,2,76,0.042736842
2789,121,47,30,1,299,43,350,2,50,0.023860793
1791,122,44,30,2,298,45,286,2,-14,0.05057684
1784,122,44,30,2,298,46,284,2,-16,0.052871405
1974,122,45,28,4,294,44,306,4,8,0.049508662
1898,122,45,28,4,294,45,302,4,4,0.054055486
2252,122,45,30,2,298,44,314,2,14,0.018118981
2167,122,45,30,2,298,45,312,2,12,0.020311872
2438,122,46,28,4,294,43,320,4,22,0.04468207
2340,122,46,28,4,294,44,316,4,18,0.044066493
2725,122,46,30,1,299,44,342,2,42,0.016782857
2565,122,46,30,2,298,44,328,2,28,0.007750696
2707,122,46,30,2,299,44,340,2,40,0.015014144
2573,122,47,28,3,295,43,328,4,30,0.050056889
2478,122,47,28,4,295,43,322,4,24,0.045560365
1592,122,47,30,2,298,43,210,88,92,0.034811639
2788,123,46,32,1,301,43,350,2,48,0.038602584
2756,123,46,32,1,301,44,346,2,44,0.035629837
2690,123,47,30,3,297,42,338,4,38,0.052554812
2669,123,47,30,3,297,43,336,4,36,0.049219411
2804,123,47,32,1,301,43,352,2,50,0.040115431
1798,124,44,32,2,300,45,288,2,-14,0.053150127
2026,124,45,30,4,296,44,308,4,8,0.031177678
1930,124,45,30,4,296,45,304,4,4,0.037135171
2330,124,45,32,2,300,44,316,2,14,0.027952422
2251,124,45,32,2,300,45,314,2,12,0.029030082
2477,124,46,30,4,296,43,322,4,22,0.028700895
2339,124,46,30,4,296,44,316,4,16,0.025496512
2740,124,46,32,1,301,44,344,2,42,0.034192471
2504,124,46,32,2,300,44,324,2,22,0.025789182
2724,124,46,32,2,301,44,342,2,40,0.032805763
2598,124,47,30,3,297,43,330,4,30,0.039434282
1593,124,47,30,4,296,43,210,88,94,0.044415091
2512,124,47,30,4,297,43,324,4,24,0.030915661
1599,124,47,32,2,300,43,212,88,92,0.043765734
2711,125,47,32,3,299,42,340,4,38,0.054179571
2689,125,47,32,3,299,43,338,4,36,0.050223008
1840,126,44,32,4,298,45,296,4,-6,0.045590699
2094,126,45,32,4,298,44,310,4,8,0.014183754
1972,126,45,32,4,298,45,306,4,4,0.022797796
2381,126,45,34,2,302,44,318,2,14,0.044064683
2329,126,45,34,2,302,45,316,2,12,0.044433493
2511,126,46,32,4,298,43,324,4,22,0.021035566
2338,126,46,32,4,298,44,316,4,14,0.007205367
2755,126,46,34,1,303,44,346,2,42,0.053255498
2467,126,46,34,2,302,44,322,2,18,0.043809032
2739,126,46,34,2,303,44,344,2,40,0.051983281
2622,126,47,32,3,299,43,332,4,30,0.037951956
1600,126,47,32,4,298,43,212,88,94,0.039044028
2542,126,47,32,4,299,43,326,4,24,0.025272363
1854,128,44,34,4,300,45,298,4,-6,0.041220407
1827,128,44,34,4,300,46,294,4,-10,0.050466616
2033,128,45,32,6,296,44,308,6,6,0.040809563
1903,128,45,32,6,296,45,302,6,0,0.050655735
2173,128,45,34,4,300,44,312,4,8,0.012791322
2024,128,45,34,4,300,45,308,4,4,0.019215767
2266,128,46,32,6,296,43,314,6,12,0.039976958
2181,128,46,32,6,296,44,312,6,10,0.039093449
2541,128,46,34,4,300,43,326,4,22,0.029616013
2258,128,46,34,4,300,44,314,4,10,0.011440715
2443,128,47,32,6,297,43,320,6,18,0.048455672
2644,128,47,34,3,301,43,334,4,30,0.046742805
1606,128,47,34,4,300,43,214,88,94,0.044044587
2570,128,47,34,4,301,43,328,4,24,0.033891493
1902,130,44,34,6,298,45,302,6,-2,0.038382773
1871,130,44,36,4,302,45,300,4,-6,0.044677718
1838,130,44,36,4,302,46,296,4,-10,0.052450592
2101,130,45,34,6,298,44,310,6,6,0.021013923
1935,130,45,34,6,298,45,304,6,0,0.032720658
2257,130,45,36,4,302,44,314,4,8,0.02982154
2092,130,45,36,4,302,45,310,4,4,0.030942945
2344,130,46,34,6,298,43,316,6,12,0.026159904
2180,130,46,34,6,298,44,312,6,8,0.02064203
2569,130,46,36,4,302,43,328,4,22,0.046441386
2336,130,46,36,4,302,44,316,4,10,0.03048391
1607,130,47,34,6,298,43,214,88,96,0.048958941
2546,130,47,34,6,299,42,326,6,22,0.054286368
2481,130,47,34,6,299,43,322,6,18,0.042135367
2595,130,47,36,4,303,43,330,4,24,0.05014585
1934,132,44,36,6,300,45,304,6,-2,0.024927646
1858,132,44,36,6,300,46,298,6,-8,0.046093713
2108,132,45,34,8,296,44,310,8,6,0.052267779
2100,132,45,36,6,300,44,310,6,4,0.004006565
1977,132,45,36,6,300,45,306,6,0,0.017845268
2256,132,45,38,4,304,44,314,4,6,0.048375584
2171,132,45,38,4,304,45,312,4,4,0.04815943
2187,132,46,34,8,296,43,312,8,8,0.053289791
2395,132,46,36,6,300,43,318,6,12,0.025006159
2264,132,46,36,6,300,44,314,6,8,0.010942268
2387,132,46,38,4,304,44,318,4,10,0.050378528
1613,132,47,36,6,300,43,216,88,96,0.050978493
2515,132,47,36,6,301,43,324,6,18,0.045947664
1984,134,44,36,8,298,44,306,8,0,0.037796399
1941,134,44,36,8,298,45,304,8,-2,0.042794002
1976,134,44,38,6,302,45,306,6,-2,0.023205561
1876,134,44,38,6,302,46,300,6,-8,0.041443906
2107,134,45,36,8,298,44,310,8,4,0.033684059
2099,134,45,38,6,302,44,310,6,2,0.01661517
2030,134,45,38,6,302,45,308,6,0,0.018823837
2271,134,46,36,8,298,43,314,8,8,0.039089817
2401,134,46,36,8,299,43,318,8,12,0.051035204
2440,134,46,38,6,302,43,320,6,12,0.038294943
2342,134,46,38,6,302,44,316,6,8,0.026016796
1881,136,43,38,8,300,46,300,8,-8,0.04730643
2037,136,44,38,8,300,44,308,8,0,0.016794378
1983,136,44,38,8,300,45,306,8,-2,0.022587455
2029,136,44,40,6,304,45,308,6,-2,0.035702085
1899,136,44,40,6,304,46,302,6,-8,0.045509458
2106,136,45,38,8,300,44,310,8,2,0.015200314
2177,136,45,40,6,304,44,312,6,2,0.035961813
2098,136,45,40,6,304,45,310,6,0,0.035051454
2348,136,46,38,8,300,43,316,8,8,0.03385095
2445,136,46,38,8,301,43,320,8,12,0.051354541
2393,136,46,40,6,304,44,318,6,8,0.046350498
1860,137,43,40,8,302,46,298,8,-12,0.053710161
1906,138,43,40,8,302,46,302,8,-8,0.034969293
2114,138,44,38,10,298,44,310,10,2,0.046959819
2105,138,44,40,8,302,44,310,8,0,0.004882645
2036,138,44,40,8,302,45,308,8,-2,0.007154633
2097,138,44,42,6,306,45,310,6,-2,0.053717835
2193,138,45,38,10,298,43,312,10,4,0.049624997
2184,138,45,40,8,302,44,312,8,2,0.013437628
2399,138,46,40,8,302,43,318,8,8,0.041893804
1912,139,43,40,10,300,46,302,10,-8,0.049635218
1879,139,43,42,8,304,46,300,8,-12,0.048332101
1989,140,43,40,10,300,45,306,10,-4,0.033174398
1938,140,43,42,8,304,46,304,8,-8,0.032491132
2113,140,44,40,10,300,44,310,10,0,0.028550239
2183,140,44,42,8,304,44,312,8,0,0.026842872
2035,140,44,42,8,304,45,308,8,-4,0.022599013
2275,140,45,40,10,300,43,314,10,4,0.040400831
2268,140,45,42,8,304,44,314,8,2,0.033337558
1911,141,42,42,10,302,46,302,10,-10,0.041616441
1945,141,43,42,10,302,46,304,10,-8,0.030326313
1904,141,43,44,8,306,46,302,8,-12,0.051486861
239,142,42,42,10,302,46,42,88,-100,0.049499063
2043,142,43,42,10,302,45,308,10,-4,0.010685139
1980,142,43,44,8,306,46,306,8,-8,0.042512858
2112,142,44,42,10,302,44,310,10,-2,0.011404229
2267,142,44,44,8,306,44,314,8,0,0.049447792
2034,142,44,44,8,306,45,308,8,-6,0.040902536
2351,142,45,42,10,302,43,316,10,4,0.043407435
1951,143,42,42,12,300,45,304,12,-8,0.053480187
1944,143,42,44,10,304,46,304,10,-10,0.029199635
1882,143,42,44,10,304,47,300,10,-14,0.052079293
2051,143,43,42,12,300,45,308,12,-4,0.04137293
1987,143,43,44,10,304,46,306,10,-8,0.018339636
251,144,42,44,10,304,46,44,88,-100,0.036234043
2119,144,43,42,12,300,44,310,12,-2,0.041444974
2042,144,43,44,10,304,45,308,10,-6,0.010166638
2279,144,44,42,12,300,43,314,12,2,0.054012383
2198,144,44,42,12,300,44,312,12,0,0.046024546
2190,144,44,44,10,304,44,312,10,-2,0.022446589
1915,145,41,44,12,302,46,302,12,-12,0.052977496
1994,145,42,44,12,302,45,306,12,-8,0.029964804
250,145,42,44,12,302,46,44,88,-102,0.0376022
1986,145,42,46,10,306,46,306,10,-10,0.031403072
1909,145,42,46,10,306,47,302,10,-14,0.047123022
2050,145,43,44,12,302,45,308,12,-6,0.022882285
2041,145,43,46,10,306,46,308,10,-8,0.028313761
264,146,42,46,10,306,46,46,88,-100,0.034288152
2197,146,43,44,12,302,44,312,12,-2,0.031189035
2110,146,43,46,10,306,45,310,10,-6,0.03020516
2278,146,44,44,12,302,44,314,12,0,0.042505469
2272,146,44,46,10,306,44,314,10,-2,0.045085937
1949,147,41,46,12,304,46,304,12,-12,0.03351855
1914,147,41,46,12,304,47,302,12,-14,0.047481897
2125,147,42,44,14,300,44,310,14,-4,0.053960562
2057,147,42,44,14,300,45,308,14,-6,0.054359725
2049,147,42,46,12,304,45,308,12,-8,0.005937024
263,147,42,46,12,304,46,46,88,-102,0.015200904
2040,147,42,48,10,308,46,308,10,-10,0.04719406
1942,147,42,48,10,308,47,304,10,-14,0.052561469
2117,147,43,46,12,304,45,310,12,-6,0.009772726
2109,147,43,48,10,308,46,310,10,-8,0.049104816
1955,148,41,46,14,302,46,304,14,-12,0.054168634
1913,148,41,48,12,306,47,302,12,-16,0.048536884
277,148,42,48,10,308,46,48,88,-100,0.046198001
2277,148,43,46,12,304,44,314,12,-2,0.038177369
2188,148,43,48,10,308,45,312,10,-6,0.053871176
2353,148,44,46,12,304,44,316,12,0,0.052608111
262,149,41,46,14,302,45,46,88,-104,0.035688001
2000,149,41,46,14,302,46,306,14,-10,0.043001436
1992,149,41,48,12,306,46,306,12,-12,0.023585759
1948,149,41,48,12,306,47,304,12,-14,0.035470208
2203,149,42,46,14,302,44,312,14,-4,0.041914704
2124,149,42,46,14,302,45,310,14,-6,0.035339192
2116,149,42,48,12,306,45,310,12,-8,0.019449674
276,149,42,48,12,306,46,48,88,-102,0.015348589
2283,149,43,46,14,302,44,314,14,-2,0.053063302
2195,149,43,48,12,306,45,312,12,-6,0.030293569
1954,150,40,48,14,304,47,304,14,-14,0.043875865
1999,150,41,48,14,304,46,306,14,-12,0.029239841
1947,150,41,50,12,308,47,304,12,-16,0.045651831
275,151,41,48,14,304,45,48,88,-104,0.017591502
2055,151,41,48,14,304,46,308,14,-10,0.017678139
2047,151,41,50,12,308,46,308,12,-12,0.034887855
1991,151,41,50,12,308,47,306,12,-14,0.037993671
2282,151,42,48,14,304,44,314,14,-4,0.044421501
2202,151,42,48,14,304,45,312,14,-6,0.029349085
2194,151,42,50,12,308,45,312,12,-8,0.045182486
2115,151,42,50,12,308,46,310,12,-10,0.037602842
2063,152,40,48,16,302,46,308,16,-10,0.049193589
1953,152,40,50,13,306,47,304,14,-16,0.039804287
1998,152,40,50,14,306,47,306,14,-14,0.023504029
2131,152,41,48,16,302,45,310,16,-8,0.04729726
2054,152,41,50,14,306,46,308,14,-12,0.007555499
288,153,39,51,14,305,47,50,86,-104,0.03907139
2208,153,41,48,16,302,44,312,16,-6,0.052464678
274,153,41,49,16,302,45,48,88,-106,0.04844187
2201,153,41,50,14,306,45,312,14,-8,0.027005858
2122,153,41,50,14,306,46,310,14,-10,0.010586301
2046,153,41,52,12,310,47,308,12,-14,0.054135185
2281,153,42,50,14,306,45,314,14,-6,0.04380391
2004,154,39,51,16,303,47,306,16,-14,0.042588875
1952,154,39,53,13,307,48,304,14,-18,0.04394258
2130,154,40,50,16,304,46,310,16,-10,0.02840608
1997,154,40,52,13,308,47,306,14,-16,0.030994398
2053,154,40,52,14,308,47,308,14,-14,0.023157509
2207,154,41,50,16,304,45,312,16,-8,0.03684987
2121,154,41,52,14,308,46,310,14,-12,0.025925194
1958,155,38,53,15,305,48,304,16,-18,0.05018383
287,155,39,51,16,303,47,50,86,-106,0.043244066
303,155,39,53,14,307,47,52,86,-104,0.027453022
2003,155,39,53,15,305,47,306,16,-16,0.032110954
2286,155,41,50,16,304,44,314,16,-6,0.051313488
289,155,41,51,16,304,45,50,88,-106,0.043632662
2280,155,41,52,14,308,45,314,14,-8,0.051697168
2200,155,41,52,14,308,46,312,14,-10,0.037157794
2061,156,39,53,16,305,47,308,16,-14,0.014981836
1996,156,39,55,13,309,48,306,14,-18,0.045872745
2129,156,40,52,16,306,46,310,16,-12,0.010909316
2052,156,40,54,13,310,47,308,14,-16,0.042132487
2120,156,40,54,14,310,47,310,14,-14,0.044905271
2285,156,41,52,16,306,45,314,16,-8,0.045641562
2199,156,41,54,14,310,46,312,14,-12,0.053304596
2068,157,38,53,17,303,46,308,18,-14,0.045217118
2002,157,38,55,15,307,48,306,16,-18,0.030922369
302,157,39,53,16,305,47,52,86,-106,0.015114024
2136,157,39,53,18,304,46,310,18,-12,0.040136414
318,157,39,55,14,309,47,54,86,-104,0.038292734
2060,157,39,55,15,307,47,308,16,-16,0.014801066
2008,158,37,55,17,305,48,306,18,-18,0.045492726
315,158,37,56,16,307,49,54,84,-106,0.054238357
1956,158,37,57,15,309,49,304,16,-22,0.054362153
301,158,38,53,18,304,46,52,86,-108,0.040752064
2213,158,39,53,18,304,45,312,18,-10,0.045356633
2128,158,39,55,16,307,47,310,16,-14,0.01391602
2205,158,40,54,16,308,46,312,16,-12,0.0299846
2135,159,38,55,17,305,46,310,18,-14,0.020715985
2067,159,38,55,17,305,47,308,18,-16,0.028587226
2059,159,38,57,15,309,48,308,16,-18,0.031214704
317,159,39,55,16,307,47,54,86,-106,0.014012131
2212,159,39,55,18,306,46,312,18,-12,0.030528458
2127,159,39,57,15,309,47,310,16,-16,0.032511241
2142,160,37,55,19,303,46,310,20,-14,0.052674793
314,160,37,56,18,305,48,54,84,-108,0.051117963
2066,160,37,57,17,307,48,308,18,-18,0.017968721
331,160,37,58,16,309,49,56,84,-106,0.038884145
316,160,38,55,18,306,46,54,86,-108,0.029406201
2289,160,39,55,18,306,45,314,18,-10,0.048473806
2204,160,39,57,16,309,47,312,16,-14,0.043382503
2211,161,38,57,17,307,46,312,18,-14,0.024536958
2134,161,38,57,17,307,47,310,18,-16,0.003359319
2058,161,38,59,15,311,48,308,16,-20,0.050221695
333,161,39,57,16,309,47,56,86,-106,0.04404213
2288,161,39,57,18,308,46,314,18,-12,0.046043615
2073,162,36,57,19,305,48,308,20,-18,0.043729671
2006,162,36,59,17,309,49,306,18,-22,0.040962106
2217,162,37,57,19,305,46,312,20,-14,0.036802418
2141,162,37,57,19,305,47,310,20,-16,0.033117262
330,162,37,58,18,307,48,56,84,-108,0.021438305
2133,162,37,59,17,309,48,310,18,-18,0.019599666
348,162,37,60,16,311,49,58,84,-106,0.042754586
332,162,38,57,18,308,46,56,86,-108,0.044488376
2011,163,35,59,18,307,49,306,20,-22,0.05214197
329,163,36,58,20,305,47,56,84,-110,0.036782636
2072,163,36,59,19,307,48,308,20,-20,0.030442632
2005,163,36,61,16,311,50,306,18,-24,0.051059973
2292,163,38,57,20,305,46,314,20,-12,0.052143386
2287,163,38,59,17,309,46,314,18,-14,0.05239342
2210,163,38,59,17,309,47,312,18,-16,0.033085837
2010,164,34,61,18,309,50,306,20,-24,0.048939037
2140,164,36,59,19,307,48,310,20,-18,0.013485776
2064,164,36,61,17,311,49,308,18,-22,0.040559082
2291,164,37,59,19,307,46,314,20,-14,0.044496104
2216,164,37,59,19,307,47,312,20,-16,0.022834394
347,164,37,60,18,309,48,58,84,-108,0.0140472
2132,164,37,61,17,311,48,310,18,-20,0.039760607
344,165,34,61,20,306,49,58,82,-110,0.052262253
2147,165,35,59,21,305,48,310,22,-18,0.046897385
2071,165,35,61,18,309,49,308,20,-22,0.026403162
361,165,35,63,18,310,50,60,82,-108,0.043074634
2222,165,36,59,21,305,47,312,22,-16,0.045333271
346,165,36,60,20,307,47,58,84,-110,0.022195313
2139,165,36,61,19,309,48,310,20,-20,0.007579193
2146,166,34,61,21,306,48,310,22,-20,0.028024697
2077,166,34,62,20,306,49,308,22,-22,0.046152856
2009,166,34,63,18,310,50,306,20,-26,0.05316106
2070,166,34,63,18,311,50,308,20,-24,0.035451543
2215,166,36,61,19,309,48,312,20,-18,0.022671043
2290,166,37,61,19,309,47,314,20,-16,0.045847798
363,166,37,62,18,311,48,60,84,-108,0.045009507
2076,167,33,64,20,308,50,308,22,-24,0.037460837
360,167,34,63,20,308,49,60,82,-110,0.020873118
345,167,35,60,22,305,47,58,84,-112,0.051903144
2221,167,35,61,21,307,48,312,22,-18,0.026732211
2138,167,35,63,18,311,49,310,20,-22,0.027521155
379,167,35,65,18,312,50,62,82,-108,0.046731901
2295,167,36,61,21,307,47,314,22,-16,0.044312941
362,167,36,62,20,309,47,60,84,-110,0.043344212
2214,167,36,63,19,311,48,312,20,-20,0.036966563
2220,168,34,63,21,308,48,312,22,-20,0.014154504
2145,168,34,64,20,308,49,310,22,-22,0.012621498
2069,168,34,65,18,312,50,308,20,-26,0.051440489
2137,168,34,65,18,313,50,310,20,-24,0.048194297
359,169,33,63,22,306,48,60,82,-112,0.030738704
2227,169,33,64,22,306,48,312,24,-20,0.035550771
2152,169,33,64,22,306,49,310,24,-22,0.043857379
2144,169,33,66,20,310,50,310,22,-24,0.018862604
2075,169,33,66,20,310,51,308,22,-26,0.038221363
378,169,34,65,20,310,49,62,82,-110,0.019972113
2294,169,35,63,21,309,48,314,22,-18,0.039661626
2080,170,31,66,21,308,51,308,24,-26,0.053160582
2151,170,32,66,22,308,50,310,24,-24,0.028170076
2299,170,34,64,23,307,47,314,24,-18,0.046158538
2293,170,34,65,21,310,48,314,22,-20,0.045640781
2219,170,34,66,20,310,49,312,22,-22,0.023398027
2079,171,31,68,21,309,51,308,24,-28,0.04876949
2074,171,32,68,19,312,51,308,22,-28,0.048414329
393,171,32,68,20,311,51,64,80,-110,0.041042868
377,171,33,65,22,308,48,62,82,-112,0.022835746
2298,171,33,66,22,308,48,314,24,-20,0.034940311
2226,171,33,66,22,308,49,312,24,-22,0.015450877
2218,171,33,68,20,312,50,312,22,-24,0.042406277
2143,171,33,68,20,312,51,310,22,-26,0.037638602
395,171,34,67,20,312,49,64,82,-110,0.053450327
2232,172,31,66,24,306,49,312,26,-22,0.047691899
2150,172,31,68,21,310,51,310,24,-26,0.021956916
2304,172,32,66,24,306,48,314,26,-20,0.050662876
2225,172,32,68,22,310,50,312,24,-24,0.008602113
376,172,33,66,24,307,48,62,82,-114,0.050249758
2156,173,30,68,23,307,50,310,26,-26,0.045645525
2078,173,30,70,21,311,52,308,24,-30,0.052441126
2231,173,31,68,24,307,50,312,26,-24,0.027147165
2149,173,31,70,21,311,51,310,24,-28,0.032121674
411,173,32,70,20,313,51,66,80,-110,0.051611175
394,173,33,67,22,310,48,64,82,-112,0.052606142
2297,173,33,68,22,310,49,314,24,-22,0.034839952
2155,174,29,71,23,309,51,310,26,-28,0.035518277
408,174,30,71,21,310,52,66,78,-112,0.045322129
391,174,31,68,24,308,49,64,80,-114,0.022896747
2224,174,31,70,21,312,51,312,24,-26,0.028510391
410,174,32,70,22,312,50,66,80,-112,0.031985505
407,175,29,71,23,309,51,66,78,-114,0.027681945
390,175,30,69,26,306,48,64,80,-116,0.052680549
2230,175,30,70,23,309,50,312,26,-26,0.007514626
2148,175,30,72,21,313,52,310,24,-30,0.049932494
2302,175,31,70,24,309,50,314,26,-24,0.024587012
2223,175,31,72,21,313,51,312,24,-28,0.050064216
2159,176,27,73,24,308,52,310,28,-30,0.053256275
2308,176,29,71,25,307,49,314,28,-24,0.037780349
2237,176,29,71,25,307,50,312,28,-26,0.042706249
2154,176,29,73,22,311,52,310,26,-30,0.035989238
2229,176,29,73,23,311,51,312,26,-28,0.016645301
427,176,30,73,21,312,52,68,78,-112,0.038636593
409,176,31,70,24,310,49,66,80,-114,0.035551111
424,177,27,74,23,310,53,68,76,-114,0.053418809
406,177,28,72,25,307,50,66,78,-116,0.037150159
2236,177,28,73,24,308,51,312,28,-28,0.025015918
2153,177,28,75,22,313,53,310,26,-32,0.047288626
426,177,29,73,23,311,51,68,78,-114,0.013948043
2301,177,30,72,23,311,50,314,26,-26,0.031961465
423,178,26,75,25,308,52,68,76,-116,0.042625006
2313,178,27,73,27,306,50,314,30,-26,0.047284796
2158,178,27,75,23,310,53,310,28,-32,0.048482566
2235,178,27,75,24,310,52,312,28,-30,0.018001364
2355,178,29,73,25,309,49,316,28,-24,0.046464199
2307,178,29,73,25,309,50,314,28,-26,0.019278778
2228,178,29,75,22,313,52,312,26,-30,0.03809114
2300,178,29,75,23,313,51,314,26,-28,0.049375543
2241,179,26,76,26,308,52,312,30,-30,0.04394353
2157,179,26,77,23,312,54,310,28,-34,0.052588191
440,179,27,76,23,312,53,70,76,-114,0.03059388
425,179,28,74,25,309,50,68,78,-116,0.027770481
2306,179,28,75,24,310,51,314,28,-28,0.016153804
441,179,29,75,23,313,51,70,78,-114,0.053781604
422,180,26,75,27,306,51,68,76,-118,0.051708149
439,180,26,77,25,310,52,70,76,-116,0.000955322
2358,180,27,75,27,308,50,316,30,-26,0.040390464
2312,180,27,76,26,308,51,314,30,-28,0.02557038
2234,180,27,77,23,312,53,312,28,-32,0.031173674
2305,180,27,77,24,312,52,314,28,-30,0.033891819
2354,180,29,75,25,311,50,316,28,-26,0.047392154
2240,181,25,78,25,309,53,312,30,-32,0.033235434
2311,181,26,78,26,310,52,314,30,-30,0.003533782
2233,181,26,79,23,314,54,312,28,-34,0.051297177
457,181,27,78,23,314,53,72,76,-114,0.048927824
2244,182,23,80,26,308,54,312,32,-34,0.052768836
2317,182,24,78,27,307,52,314,32,-30,0.040113631
2239,182,24,80,24,311,54,312,30,-34,0.034951244
2362,182,25,78,28,308,51,316,32,-28,0.039268047
454,182,25,80,25,310,54,72,74,-116,0.026518143
438,182,26,77,27,308,51,70,76,-118,0.030495334
456,182,26,79,25,312,52,72,76,-116,0.041986084
2357,182,27,78,26,310,51,316,30,-28,0.034329785
453,183,24,80,27,309,53,72,74,-118,0.012827042
2238,183,24,82,24,313,55,312,30,-36,0.048432002
2310,183,25,80,25,311,53,314,30,-32,0.019137541
2356,183,26,80,26,312,52,316,30,-30,0.042097892
2243,184,22,83,25,310,55,312,32,-36,0.048656223
2367,184,23,81,29,307,52,316,34,-30,0.04538789
2315,184,23,82,26,310,54,314,32,-34,0.015900782
471,184,23,83,25,311,55,74,72,-116,0.050732665
2361,184,24,80,27,309,52,316,32,-30,0.023410116
2309,184,24,82,24,313,54,314,30,-34,0.042176325
473,184,25,82,25,312,54,74,74,-116,0.037162371
455,184,26,79,27,310,51,72,76,-118,0.05440628
2321,185,21,83,28,307,54,314,34,-34,0.041332679
470,185,22,83,27,309,54,74,72,-118,0.02446732
2242,185,22,85,25,311,56,312,32,-38,0.054317426
452,185,23,81,29,307,52,72,74,-120,0.038400193
2360,185,24,82,27,311,53,316,32,-32,0.024444354
469,186,21,84,28,308,53,74,72,-120,0.022412136
2320,186,21,85,27,309,55,314,34,-36,0.03140234
2366,186,22,83,28,308,53,316,34,-32,0.022939038
2314,186,22,85,25,312,55,314,32,-36,0.033523843
2404,186,23,83,29,309,52,318,34,-30,0.046078573
2359,186,23,84,26,312,54,316,32,-34,0.04189319
489,186,23,85,25,313,55,76,72,-116,0.046810535
486,187,20,86,26,310,56,76,70,-118,0.044422135
2371,187,20,86,29,307,54,316,36,-34,0.03608221
2365,187,21,85,28,309,54,316,34,-34,0.005504218
488,187,22,85,27,311,54,76,72,-118,0.028638049
2323,188,18,88,28,308,56,314,36,-38,0.052500116
485,188,19,87,28,308,55,76,70,-120,0.022841556
2319,188,20,87,26,310,56,314,34,-38,0.036215609
468,188,21,85,30,306,52,74,72,-122,0.047264292
487,188,21,86,28,310,53,76,72,-120,0.035878181
2408,188,21,86,30,307,52,318,36,-32,0.039472933
2364,188,21,87,27,311,55,316,34,-36,0.025259854
2403,188,22,85,28,310,53,318,34,-32,0.042966689
2322,189,18,90,27,309,57,314,36,-40,0.050329951
2370,189,19,88,28,308,55,316,36,-36,0.01616038
484,189,19,88,30,307,54,76,70,-122,0.030418729
2318,189,19,89,25,312,57,314,34,-40,0.052552289
506,189,20,88,26,312,56,78,70,-118,0.036876838
2407,189,20,88,29,309,54,318,36,-34,0.026934612
2402,189,21,87,28,311,54,318,34,-34,0.052224825
2374,190,17,91,29,307,56,316,38,-38,0.038652059
2412,190,18,89,31,306,53,318,38,-34,0.041727402
503,190,18,90,28,308,56,78,68,-120,0.036314783
2369,190,18,90,28,310,56,316,36,-38,0.017816882
527,190,18,91,26,312,58,80,68,-118,0.05177421
505,190,19,89,28,310,55,78,70,-120,0.025620353
2363,190,20,89,26,312,56,316,34,-38,0.049250695
2417,191,16,91,31,305,54,318,40,-36,0.053770482
502,191,17,91,29,307,55,78,68,-122,0.021560234
2411,191,18,91,30,307,54,318,38,-36,0.018881219
2368,191,18,92,27,311,57,316,36,-40,0.03934926
2406,191,19,90,28,310,55,318,36,-36,0.032351934
504,191,19,90,30,309,54,78,70,-122,0.04194421
501,192,16,92,31,306,54,78,68,-124,0.03787993
523,192,16,93,27,308,58,80,66,-120,0.052056238
2373,192,16,93,28,308,57,316,38,-40,0.031592907
2410,192,17,93,29,309,56,318,38,-38,0.010898955
2447,192,18,91,31,308,53,320,38,-34,0.05003454
526,192,18,92,28,310,56,80,68,-120,0.029675133
2405,192,18,92,28,312,56,318,36,-38,0.050967651
2375,193,14,96,29,306,58,316,40,-42,0.05379789
522,193,15,94,29,307,57,80,66,-122,0.026117864
2416,193,15,94,30,306,55,318,40,-38,0.030971613
2372,193,15,95,27,309,58,316,38,-42,0.040860558
2450,193,16,93,31,307,54,320,40,-36,0.037791929
525,193,17,93,29,309,55,80,68,-122,0.030284117
2446,193,18,93,30,309,54,320,38,-36,0.049990149
2421,194,13,96,31,304,56,318,42,-40,0.052573838
521,194,14,95,31,306,55,80,66,-124,0.022497141
2415,194,14,96,29,307,56,318,40,-40,0.012848514
524,194,16,94,31,308,54,80,68,-124,0.052145827
548,194,16,95,27,310,58,82,66,-120,0.042329125
2409,194,16,95,28,310,57,318,38,-40,0.033247609
2420,195,12,98,30,305,57,318,42,-42,0.037632923
545,195,13,97,28,307,58,82,64,-122,0.037895842
520,195,14,96,32,305,54,80,66,-126,0.045977494
2454,195,14,96,32,305,55,320,42,-38,0.036069999
2414,195,14,98,29,308,58,318,40,-42,0.024240287
547,195,15,96,29,309,57,82,66,-122,0.029183348
2449,195,15,96,30,308,55,320,40,-38,0.029261325
2458,196,11,99,32,303,56,320,44,-40,0.048694498
569,196,11,100,28,306,59,84,62,-122,0.05112557
544,196,13,98,30,306,57,82,64,-124,0.014627353
2453,196,13,98,31,306,56,320,42,-40,0.012955969
546,196,14,97,31,308,55,82,66,-124,0.041228561
2448,196,14,98,29,309,56,320,40,-40,0.039456883
2419,197,11,100,29,306,59,318,42,-44,0.035712222
2487,197,12,99,33,304,54,322,44,-38,0.051518052
2452,197,12,100,30,307,57,320,42,-42,0.017290658
543,197,12,100,32,305,56,82,64,-126,0.028218532
571,197,13,99,28,309,58,84,64,-122,0.037872327
2413,197,13,100,28,309,59,318,40,-44,0.04813935
2483,197,14,98,32,307,55,322,42,-38,0.051522199
2457,198,10,101,31,304,57,320,44,-42,0.026144885
2486,198,11,101,32,305,56,322,44,-40,0.0335296
2418,198,11,102,28,307,60,318,42,-46,0.049334771
595,198,11,102,28,308,59,86,62,-122,0.050622883
568,198,11,102,30,305,58,84,62,-124,0.02134942
570,198,13,100,30,308,57,84,64,-124,0.037818576
2461,199,8,104,31,302,58,320,46,-44,0.05156267
2492,199,9,102,33,302,55,322,46,-40,0.053791051
2456,199,10,103,30,305,58,320,44,-44,0.015806552
567,199,10,103,31,305,57,84,62,-126,0.011167361
2451,199,11,102,29,308,59,320,42,-44,0.04222855
564,200,7,105,32,301,57,84,60,-128,0.045528201
2460,200,7,106,30,302,59,320,46,-46,0.040796176
2491,200,9,104,32,303,56,322,46,-42,0.028449159
566,200,9,104,33,304,55,84,62,-128,0.039227698
592,200,9,105,29,305,59,86,60,-124,0.033969692
2455,200,9,105,29,306,60,320,44,-46,0.034068041
2485,200,10,103,31,306,57,322,44,-42,0.030060469
594,200,11,104,30,307,58,86,62,-124,0.042607185
589,201,6,107,30,302,59,86,58,-126,0.052673282
2496,201,6,107,32,301,57,322,48,-44,0.044566253
618,201,7,108,28,304,61,88,58,-124,0.047465918
2490,201,8,106,31,304,58,322,46,-44,0.0048194
2484,201,10,105,30,307,58,322,44,-44,0.045587925
593,201,10,105,31,307,57,86,62,-126,0.053004566
2495,202,5,109,31,301,58,322,48,-46,0.025362458
2459,202,6,108,29,303,60,320,46,-48,0.044764619
588,202,6,108,31,301,58,86,58,-128,0.03533699
590,202,7,107,32,303,57,86,60,-128,0.025684029
2521,202,7,107,34,302,56,324,48,-42,0.04345221
2489,202,7,108,30,304,59,322,46,-46,0.024951685
2517,202,9,106,32,305,56,324,46,-42,0.049809624
619,202,9,107,29,307,59,88,60,-124,0.052739699
2525,203,4,110,33,300,56,324,50,-44,0.046738904
587,203,5,110,33,301,57,86,58,-130,0.038649408
617,203,6,109,30,304,59,88,58,-126,0.021358467
2520,203,6,109,32,303,57,324,48,-44,0.025927463
614,204,4,112,31,300,59,88,56,-128,0.030315111
2494,204,5,111,30,302,60,322,48,-48,0.025966379
2519,204,5,111,31,303,58,324,48,-46,0.029634263
2488,204,6,110,29,305,60,322,46,-48,0.052029449
616,204,6,110,31,303,58,88,58,-128,0.020640284
2497,205,2,114,29,299,60,322,50,-50,0.050074512
613,205,3,113,32,300,58,88,56,-130,0.021526561
2524,205,4,112,32,300,58,324,50,-46,0.020452223
2548,205,4,112,33,302,56,326,50,-44,0.047477236
2493,205,4,113,29,302,61,322,48,-50,0.046700037
644,205,5,112,29,303,60,90,56,-126,0.037051224
615,205,5,112,33,303,57,88,58,-130,0.045480648
2528,206,1,115,32,298,58,324,52,-48,0.044907114
611,206,1,116,33,297,57,88,54,-132,0.054038341
641,206,2,115,30,299,60,90,54,-128,0.032684678
612,206,2,115,34,300,56,88,56,-132,0.041171806
2523,206,3,114,31,301,59,324,50,-48,0.007816488
643,206,4,114,31,302,59,90,56,-128,0.028317956
2518,206,5,113,30,304,60,324,48,-48,0.050995644
2527,207,0,117,30,298,60,324,52,-50,0.033262149
640,207,1,116,31,299,59,90,54,-130,0.006427863
2551,207,2,115,33,300,57,326,52,-46,0.032383775
2522,207,2,116,29,301,60,324,50,-50,0.034777036
674,207,3,115,28,302,61,92,54,-126,0.05248054
642,207,3,115,32,302,58,90,56,-130,0.043584781
2547,207,4,114,32,302,58,326,50,-46,0.044351807
671,208,0,118,29,298,61,92,52,-128,0.041106923
2550,208,1,117,32,300,58,326,52,-48,0.014403897
639,208,1,118,33,299,57,90,54,-132,0.026383035
673,208,2,117,30,301,60,92,54,-128,0.041942338
2576,209,0,118,34,299,56,328,54,-46,0.050780158
2549,209,0,119,30,300,60,326,52,-50,0.029927927
672,209,1,118,31,301,59,92,54,-130,0.049231143
