,AZT,DPT,AZN,DPN,AZP,DPP,Strike,Dip,Rake,Misfit,Extra
48,69.85,39.8849725932,193.621473959,33.6247212948,308.262771061,32.0857434919,94,34,172,0.00168289635082,"[383936, array([ 4.2395982 , -2.18283587,  1.97393235]), array([ 0.82104266, -0.42240725,  0.38400659])]"
287,84.81,41.5566425022,348.19530347,7.41406635862,250.03577139,47.484147943,236,8,-22,0.00218779767522,"[956599, array([ 4.07394254, -2.10726272,  1.91202139]), array([ 0.82104266, -0.42240725,  0.38400659])]"
72,68.3,35.6195795657,207.623012219,46.6275802979,322.049677086,21.339458565,100,48,168,0.00287915383918,"[409494, array([ 4.12060574, -2.13592331,  1.93332187]), array([ 0.82104266, -0.42240725,  0.38400659])]"
21,78.34,43.456131881,177.938498497,9.97539103803,278.005865654,44.8238474952,92,10,-176,0.00357440272781,"[373502, array([ 4.23213198, -2.15749093,  1.98126176]), array([ 0.82104266, -0.42240725,  0.38400659])]"
187,70.54,40.3552632859,192.49586765,31.912828613,306.632626946,33.2898359913,190,86,58,0.0044609502546,"[777359, array([ 4.23979368, -2.18301695,  2.00825151]), array([ 0.82104266, -0.42240725,  0.38400659])]"
315,86.16,40.1445662805,344.410990582,13.5760485086,239.57566907,46.6761289618,240,14,-14,0.00474104924465,"[973343, array([ 4.01181326, -2.08036621,  1.85995344]), array([ 0.82104266, -0.42240725,  0.38400659])]"
320,87.15,38.4965214801,340.627584138,19.6834980794,229.707077775,44.9475293618,240,20,-10,0.00511463411147,"[973885, array([ 3.94364197, -2.03888263,  1.82157586]), array([ 0.82104266, -0.42240725,  0.38400659])]"
95,80.57,43.1382859373,173.944900402,3.59461411363,267.758712077,46.6360705031,110,4,-154,0.00514815020466,"[445873, array([ 4.19413364, -2.15586197,  1.93289998]), array([ 0.82104266, -0.42240725,  0.38400659])]"
99,80.64,43.0179531717,173.942035705,3.53115712308,267.705101797,46.7642299272,112,4,-152,0.00532250599525,"[453974, array([ 4.18286608, -2.17477654,  1.94114175]), array([ 0.82104266, -0.42240725,  0.38400659])]"
35,71.23,41.2265602093,188.788426007,27.8332399499,301.460327334,36.1313436228,92,28,174,0.0054644910926,"[375297, array([ 4.26189725, -2.20508971,  1.96742532]), array([ 0.82104266, -0.42240725,  0.38400659])]"
207,68.61,33.6116061108,217.969315356,52.3107290533,328.324541725,15.0421002303,202,78,36,0.00558432495407,"[825228, array([ 4.06171958, -2.07105977,  1.87232519]), array([ 0.82104266, -0.42240725,  0.38400659])]"
8,76.4,43.3223891164,180.0,14.0,283.599807015,43.3223891164,90,14,-180,0.00559336286625,"[365760, array([ 4.26036318, -2.17098642,  1.96461262]), array([ 0.82104266, -0.42240725,  0.38400659])]"
292,87.73,33.961502854,330.821313726,33.9059111562,209.31651779,37.8648092719,236,34,-4,0.0061550147933,"[958948, array([ 3.76713902, -1.9242628 ,  1.78683562]), array([ 0.82104266, -0.42240725,  0.38400659])]"
116,77.96,28.0972748436,287.260422473,58.5250511108,175.057038058,13.0260664492,124,80,150,0.00690318836897,"[509565, array([ 3.71792608, -1.88352716,  1.75199819]), array([ 0.82104266, -0.42240725,  0.38400659])]"
103,72.8,29.3903486562,253.751099064,60.6063049856,163.032231588,0.404939423202,114,70,158,0.00710091482309,"[468169, array([ 3.84923168, -1.947431  ,  1.81108149]), array([ 0.82104266, -0.42240725,  0.38400659])]"
283,86.76,32.8208908232,326.537407632,37.9727358229,203.522388369,34.9178137969,234,38,-2,0.00725937023555,"[951209, array([ 3.75319639, -1.89407889,  1.75315782]), array([ 0.82104266, -0.42240725,  0.38400659])]"
101,71.62,29.282851519,246.174931651,60.6063049856,340.316696079,2.32984742547,112,68,160,0.00769788436349,"[459890, array([ 3.84515652, -2.01818072,  1.79850195]), array([ 0.82104266, -0.42240725,  0.38400659])]"
12,74.57,42.8533595186,182.102834306,17.9886596792,288.902074602,41.6725594368,90,18,178,0.00776664440021,"[366299, array([ 4.26916336, -2.20168848,  1.95440209]), array([ 0.82104266, -0.42240725,  0.38400659])]"
118,78.77,28.0000998509,293.443824642,57.1184732192,177.444321744,15.8221740396,126,82,148,0.00795884511947,"[517844, array([ 3.70083908, -1.91169019,  1.6943228 ]), array([ 0.82104266, -0.42240725,  0.38400659])]"
306,87.46,36.1313436228,334.788426007,27.8332399499,217.230466858,41.2265602093,238,28,-6,0.00821590203869,"[966507, array([ 3.8669734 , -1.96576006,  1.76921862]), array([ 0.82104266, -0.42240725,  0.38400659])]"
91,80.5,43.2609286161,173.948034142,3.65368998384,267.807176185,46.5060208339,108,4,-156,0.00822874573449,"[437772, array([ 4.20543542, -2.13640506,  1.92464575]), array([ 0.82104266, -0.42240725,  0.38400659])]"
68,80.42,43.2633005831,175.925941029,5.82114904839,272.017257456,46.1465556817,100,6,-166,0.00830632463036,"[405547, array([ 4.1846955 , -2.15749806,  2.00389671]), array([ 0.82104266, -0.42240725,  0.38400659])]"
102,80.71,42.900062403,173.939453981,3.46339714439,267.646367414,46.8903295463,114,4,-150,0.00840399914667,"[462075, array([ 4.17165085, -2.1931276 ,  1.94935992]), array([ 0.82104266, -0.42240725,  0.38400659])]"
238,82.86,42.3516220038,350.068822979,3.06314827421,256.722755197,47.4841130093,220,4,-40,0.00840625690488,"[891430, array([ 4.13911048, -2.13558308,  1.89166122]), array([ 0.82104266, -0.42240725,  0.38400659])]"
294,84.95,41.8026524839,348.180761513,7.51466414565,249.987205656,47.2129617236,238,8,-20,0.00847131842986,"[964700, array([ 4.09097465, -2.05806063,  1.91188271]), array([ 0.82104266, -0.42240725,  0.38400659])]"
58,68.63,38.3600870788,198.962479,39.2734502073,314.230260193,27.5646214908,96,40,170,0.0086307384704,"[392575, array([ 4.2196255 , -2.14590133,  1.92751977]), array([ 0.82104266, -0.42240725,  0.38400659])]"
242,82.95,42.4554418384,350.067814459,3.15107141932,256.639052054,47.3707953875,222,4,-38,0.00866194258249,"[899531, array([ 4.14573804, -2.11373405,  1.89197705]), array([ 0.82104266, -0.42240725,  0.38400659])]"
59,80.34,43.4614084615,175.935832025,5.86841998017,272.032630807,45.9390563727,98,6,-168,0.0086751489356,"[397446, array([ 4.20245263, -2.12522426,  1.99088867]), array([ 0.82104266, -0.42240725,  0.38400659])]"
76,68.62,34.7599302786,214.046756626,49.8717275296,325.998443278,17.4898984574,102,52,166,0.0087683750896,"[417953, array([ 4.10433228, -2.06271758,  1.91465734]), array([ 0.82104266, -0.42240725,  0.38400659])]"
313,86.41,40.6269865004,346.338575477,11.5286287503,243.672714264,47.0692820109,240,12,-16,0.00883077198328,"[973162, array([ 4.01013337, -2.0756452 ,  1.92331006]), array([ 0.82104266, -0.42240725,  0.38400659])]"
13,74.5,42.9479169111,184.255796202,19.9492089929,292.223207906,40.3603532107,90,20,176,0.00914077774647,"[366478, array([ 4.27388306, -2.14961375,  2.00940157]), array([ 0.82104266, -0.42240725,  0.38400659])]"
182,73.19,42.0870074157,186.890204911,23.984461103,297.524397862,38.3821068713,186,88,66,0.00928992058812,"[761343, array([ 4.25096835, -2.18929023,  2.04089656]), array([ 0.82104266, -0.42240725,  0.38400659])]"
172,82.06,43.0011777256,352.001217357,0.0697848368592,261.926385531,46.9987370709,174,2,-88,0.00968380020175,"[704926, array([ 4.17758867, -2.10225835,  1.91736779]), array([ 0.82104266, -0.42240725,  0.38400659])]"
351,81.99,43.0,172.0,8.53773646252e-07,262.0,47.0,352,88,-90,0.00974941995828,"[1433565, array([ 4.17880155, -2.10481172,  1.91481812]), array([ 0.82104266, -0.42240725,  0.38400659])]"
171,81.99,43.0,172.0,0.0,262.0,47.0,172,2,-90,0.00974941995828,"[696825, array([ 4.17880155, -2.10481172,  1.91481812]), array([ 0.82104266, -0.42240725,  0.38400659])]"
173,82.13,43.004709603,352.002428789,0.139484754943,261.852875667,46.9949500013,176,2,-86,0.00976006805173,"[713027, array([ 4.17656366, -2.09928357,  1.91982138]), array([ 0.82104266, -0.42240725,  0.38400659])]"
323,88.33,37.2970279034,338.745879185,23.7519793435,224.233321865,43.3143999666,240,24,-8,0.0097740387293,"[974246, array([ 3.87337654, -1.97294891,  1.85407472]), array([ 0.82104266, -0.42240725,  0.38400659])]"
92,70.19,31.6613532928,232.686978674,57.111942327,335.227092995,7.99203298518,108,62,162,0.00989292881407,"[443151, array([ 3.97780331, -1.99298345,  1.85369848]), array([ 0.82104266, -0.42240725,  0.38400659])]"
169,81.93,43.0011777256,171.998782643,0.0697848368592,262.073614469,46.9987370709,170,2,-92,0.00994759473679,"[688724, array([ 4.18020131, -2.10694076,  1.91217445]), array([ 0.82104266, -0.42240725,  0.38400659])]"
174,82.19,43.0105917347,352.003628399,0.209014937793,261.779574803,46.9886439409,178,2,-84,0.00998376662356,"[721128, array([ 4.17572723, -2.09589076,  1.92217689]), array([ 0.82104266, -0.42240725,  0.38400659])]"
167,81.86,43.004709603,171.997571211,0.139484754945,262.147124333,46.9949500013,168,2,-94,0.0102665897513,"[680623, array([ 4.18178663, -2.10864308,  1.90943894]), array([ 0.82104266, -0.42240725,  0.38400659])]"
234,82.77,42.2509633447,350.069495989,2.97149712328,256.811254799,47.5943935728,218,4,-42,0.0102960003059,"[883329, array([ 4.13271981, -2.15696914,  1.89113072]), array([ 0.82104266, -0.42240725,  0.38400659])]"
42,78.45,43.1200638247,177.908131097,9.94466055312,278.066727361,45.1697860247,94,10,-174,0.0103205222303,"[381603, array([ 4.20185473, -2.21239941,  2.00554413]), array([ 0.82104266, -0.42240725,  0.38400659])]"
175,82.26,43.0188176283,352.004810348,0.278290773502,261.706586913,46.9798274625,180,2,-82,0.0103559752182,"[729229, array([ 4.1750798 , -2.09208379,  1.92443241]), array([ 0.82104266, -0.42240725,  0.38400659])]"
203,68.73,34.7782708312,211.692077213,48.97353863,324.940986733,18.9550639716,200,80,40,0.0103782261986,"[817310, array([ 4.08144877, -2.10880007,  1.96612354]), array([ 0.82104266, -0.42240725,  0.38400659])]"
353,82.06,42.9662839224,173.930172678,1.99878115941,266.072261075,46.9638462448,354,88,-88,0.0104753884297,"[1441666, array([ 4.14853442, -2.14391187,  1.99900273]), array([ 0.82104266, -0.42240725,  0.38400659])]"
165,81.8,43.0105917347,171.996371601,0.209014937793,262.220425197,46.9886439409,166,2,-96,0.0106938883735,"[672522, array([ 4.18355591, -2.10991673,  1.90661385]), array([ 0.82104266, -0.42240725,  0.38400659])]"
261,83.76,29.4382905367,315.012542587,47.9612507956,190.513079535,27.0525623727,228,48,2,0.0107020503483,"[927811, array([ 3.66031702, -1.9298249 ,  1.69503816]), array([ 0.82104266, -0.42240725,  0.38400659])]"
239,78.35,27.3800579029,290.574599859,58.5250511108,175.944907794,14.3128323052,220,60,10,0.0107685201718,"[896495, array([ 3.66327198, -1.93861668,  1.71742027]), array([ 0.82104266, -0.42240725,  0.38400659])]"
176,82.33,43.0293782015,352.005968881,0.347227956713,261.634015341,46.9685125457,182,2,-80,0.0108735631915,"[737330, array([ 4.17462149, -2.08786701,  1.92658607]), array([ 0.82104266, -0.42240725,  0.38400659])]"
247,83.04,42.5623121138,350.066475262,3.23515870045,256.560224168,47.2545974248,224,4,-36,0.0110403328592,"[907632, array([ 4.15259077, -2.09144723,  1.89207513]), array([ 0.82104266, -0.42240725,  0.38400659])]"
193,68.89,37.7792353465,199.012573415,39.7371349388,314.886476532,27.6969608953,194,84,50,0.0111524268891,"[793375, array([ 4.16892616, -2.20109266,  1.99024811]), array([ 0.82104266, -0.42240725,  0.38400659])]"
248,80.93,28.3869365801,-56.1381402169,53.5702065713,182.805898096,20.8443363518,224,54,6,0.0111757749031,"[912153, array([ 3.67735841, -1.91797374,  1.67690073]), array([ 0.82104266, -0.42240725,  0.38400659])]"
163,81.73,43.0188176283,171.995189652,0.278290773503,262.293413087,46.9798274625,164,2,-98,0.0112175837273,"[664421, array([ 4.18550725, -2.11076028,  1.9037015 ]), array([ 0.82104266, -0.42240725,  0.38400659])]"
336,87.76,33.1638553604,329.452478759,35.9746455315,206.815889906,36.6118276658,328,88,-126,0.0113063879902,"[1336347, array([ 3.72799145, -1.91337807,  1.79839287]), array([ 0.82104266, -0.42240725,  0.38400659])]"
318,87.38,38.8341450637,342.598292637,17.5936489988,233.509519119,45.8837487955,240,18,-12,0.0113524776135,"[973704, array([ 3.93012361, -2.07891791,  1.8715272 ]), array([ 0.82104266, -0.42240725,  0.38400659])]"
177,82.39,43.0422617899,352.00709836,0.415742590258,261.561962596,46.954714556,184,2,-78,0.0115301933461,"[745431, array([ 4.17435211, -2.08324523,  1.9286361 ]), array([ 0.82104266, -0.42240725,  0.38400659])]"
133,83.28,29.8371318351,-46.219662869,47.9612507956,189.997124231,26.6270315258,136,88,138,0.0116005247976,"[558879, array([ 3.70329084, -1.9069378 ,  1.67598495]), array([ 0.82104266, -0.42240725,  0.38400659])]"
296,84.68,41.1795390247,346.259381869,9.50590370253,245.823393385,47.2487549227,238,10,-18,0.0117579070509,"[964881, array([ 4.07958628, -2.10346109,  1.84608222]), array([ 0.82104266, -0.42240725,  0.38400659])]"
276,85.78,31.7007471298,-38.0,42.0,198.212308194,31.7007471298,232,42,0,0.0117859286412,"[943470, array([ 3.73303003, -1.86152023,  1.74464989]), array([ 0.82104266, -0.42240725,  0.38400659])]"
161,81.66,43.0293782015,171.994031119,0.347227956714,262.365984659,46.9685125457,162,2,-100,0.011827295535,"[656320, array([ 4.18763844, -2.11117278,  1.90070431]), array([ 0.82104266, -0.42240725,  0.38400659])]"
104,80.79,42.784742363,173.937167769,3.39141756107,267.582539937,47.0142012566,116,4,-148,0.0122764394995,"[470176, array([ 4.16050604, -2.21089473,  1.95754373]), array([ 0.82104266, -0.42240725,  0.38400659])]"
279,84.67,41.31499151,348.208883875,7.30441004852,250.095591892,47.7529136848,234,8,-24,0.0122801256372,"[948498, array([ 4.05699881, -2.15593909,  1.91173205]), array([ 0.82104266, -0.42240725,  0.38400659])]"
180,82.46,43.0574541556,352.008193285,0.483751286382,261.49053015,46.9384522163,186,2,-76,0.012317642956,"[753532, array([ 4.17427122, -2.07822374,  1.9305808 ]), array([ 0.82104266, -0.42240725,  0.38400659])]"
256,82.75,28.3077468109,309.520116248,51.8217137568,186.2061675,23.3576581022,226,52,4,0.012339883027,"[920072, array([ 3.61880259, -1.91146253,  1.73722887]), array([ 0.82104266, -0.42240725,  0.38400659])]"
10,76.38,43.3550081224,182.08052941,15.9899919647,287.190674782,42.2922587643,90,16,178,0.012402992982,"[366119, array([ 4.25305972, -2.14338689,  2.03531773]), array([ 0.82104266, -0.42240725,  0.38400659])]"
86,80.43,43.3857458646,173.951421674,3.70831195701,267.850480736,46.3742516734,106,4,-158,0.0124248518065,"[429671, array([ 4.21675338, -2.11642767,  1.9163905 ]), array([ 0.82104266, -0.42240725,  0.38400659])]"
159,81.6,43.0422617899,171.99290164,0.415742590259,262.438037404,46.954714556,160,2,-102,0.0125145955708,"[648219, array([ 4.18994697, -2.11115378,  1.89762481]), array([ 0.82104266, -0.42240725,  0.38400659])]"
53,78.46,43.0892296536,175.903736535,7.87768425701,274.093275649,45.8331643871,96,8,-170,0.0129008702119,"[389525, array([ 4.21698054, -2.21653759,  1.92552295]), array([ 0.82104266, -0.42240725,  0.38400659])]"
354,80.14,42.8652873386,173.860175053,3.99755934526,268.136329666,46.8555751683,354,88,-86,0.0131222705918,"[1441667, array([ 4.18204358, -2.21205352,  1.92417868]), array([ 0.82104266, -0.42240725,  0.38400659])]"
184,82.52,43.0749384987,352.009248325,0.551171267362,261.419818236,46.9197475733,188,2,-74,0.0132270238315,"[761633, array([ 4.17437807, -2.07280831,  1.93241853]), array([ 0.82104266, -0.42240725,  0.38400659])]"
157,81.53,43.0574541556,171.991806715,0.48375128638,262.50946985,46.9384522163,158,2,-104,0.0132730569292,"[640118, array([ 4.19243007, -2.1107033 ,  1.89446561]), array([ 0.82104266, -0.42240725,  0.38400659])]"
74,80.49,43.067543858,175.91641347,5.76676605617,271.994071967,46.3530316491,102,6,-164,0.0133078172373,"[413648, array([ 4.16678902, -2.18914401,  2.01691291]), array([ 0.82104266, -0.42240725,  0.38400659])]"
229,82.67,42.1535727755,350.069830294,2.876230323,256.904462069,47.7014834868,216,4,-44,0.0133478360855,"[875228, array([ 4.12657763, -2.17786768,  1.89038859]), array([ 0.82104266, -0.42240725,  0.38400659])]"
24,76.57,42.8540072224,179.938824769,13.9912978593,283.76019191,43.7944103072,92,14,-178,0.0134437633641,"[373861, array([ 4.2174766 , -2.24640518,  2.00282851]), array([ 0.82104266, -0.42240725,  0.38400659])]"
41,78.37,43.3559896682,175.922412092,7.92164213499,274.078365322,45.5548674701,94,8,-172,0.0134632994289,"[381424, array([ 4.2408354 , -2.1725452 ,  1.90739892]), array([ 0.82104266, -0.42240725,  0.38400659])]"
181,71.63,41.2872047646,186.97517292,25.9829778826,299.039562131,37.6241124549,186,88,64,0.0136062190258,"[761342, array([ 4.24602743, -2.25614118,  1.96640669]), array([ 0.82104266, -0.42240725,  0.38400659])]"
271,84.91,41.9539591367,350.130663756,5.29554441622,254.313779339,47.5556460709,232,6,-28,0.0136524554282,"[940216, array([ 4.07100844, -2.10319914,  1.97901765]), array([ 0.82104266, -0.42240725,  0.38400659])]"
31,73.02,41.761898589,186.377137204,23.9378745766,297.249088609,38.7491418234,92,24,176,0.0137113820228,"[374938, array([ 4.23131583, -2.24106395,  2.03762934]), array([ 0.82104266, -0.42240725,  0.38400659])]"
126,81.53,28.9209994742,-53.102080021,51.8217137568,184.862225929,22.6408017441,132,86,142,0.0139712850368,"[542501, array([ 3.69724925, -1.910784  ,  1.66356413]), array([ 0.82104266, -0.42240725,  0.38400659])]"
197,68.03,37.0211757444,203.654564825,43.4639470513,318.500343024,23.9092799995,196,82,46,0.0139732420925,"[801293, array([ 4.19143259, -2.12192308,  1.88476476]), array([ 0.82104266, -0.42240725,  0.38400659])]"
304,87.63,36.3277293808,336.887147252,25.7283540558,220.444607513,42.7408585026,238,26,-8,0.0140918110157,"[966326, array([ 3.8460466 , -2.04903102,  1.78811216]), array([ 0.82104266, -0.42240725,  0.38400659])]"
155,81.47,43.0749384987,171.990751675,0.55117126736,262.580181764,46.9197475733,156,2,-106,0.0140980731654,"[632017, array([ 4.19508464, -2.10982189,  1.89122941]), array([ 0.82104266, -0.42240725,  0.38400659])]"
51,80.27,43.6616504568,175.946038,5.90851948365,272.040298851,45.7307938707,96,6,-170,0.0141381302154,"[389345, array([ 4.22003093, -2.09235872,  1.97791162]), array([ 0.82104266, -0.42240725,  0.38400659])]"
185,82.58,43.0946954713,352.010258343,0.617920465514,261.349925656,46.898625958,190,2,-72,0.0142496682847,"[769734, array([ 4.17467165, -2.06700513,  1.93414771]), array([ 0.82104266, -0.42240725,  0.38400659])]"
252,83.12,42.6721183438,350.064811841,3.31530689717,256.48634045,47.1356786775,226,4,-34,0.0146257608131,"[915733, array([ 4.15965688, -2.06874845,  1.89195245]), array([ 0.82104266, -0.42240725,  0.38400659])]"
317,85.92,39.7315675068,342.468747879,15.6412999873,235.569985717,46.0741089452,240,16,-12,0.0148703934088,"[973524, array([ 4.01835418, -2.06705643,  1.8010122 ]), array([ 0.82104266, -0.42240725,  0.38400659])]"
153,81.41,43.0946954713,171.989741657,0.617920465514,262.650074344,46.898625958,154,2,-108,0.0149865681516,"[623916, array([ 4.19790731, -2.10851055,  1.88791904]), array([ 0.82104266, -0.42240725,  0.38400659])]"
277,85.02,42.1313071388,350.124216877,5.39086365194,254.242066162,47.3608500223,234,6,-26,0.0150873003253,"[948317, array([ 4.08312376, -2.06737953,  1.97826019]), array([ 0.82104266, -0.42240725,  0.38400659])]"
16,72.74,42.3839549152,184.312996523,21.9436214032,293.766598203,39.5789166237,90,22,176,0.0152620464129,"[366658, array([ 4.2888135 , -2.19842754,  1.91898014]), array([ 0.82104266, -0.42240725,  0.38400659])]"
189,82.65,43.1167031923,352.01121842,0.683917622353,261.28094959,46.87511594,192,2,-70,0.0153776415224,"[777835, array([ 4.17515065, -2.0608209 ,  1.93576684]), array([ 0.82104266, -0.42240725,  0.38400659])]"
307,88.7,35.1287731551,334.919798291,29.8189506069,215.621506309,40.4910174989,238,30,-6,0.0153891460707,"[966687, array([ 3.77651254, -1.94768542,  1.84426785]), array([ 0.82104266, -0.42240725,  0.38400659])]"
113,77.07,28.1465250923,280.643258221,59.7292574616,172.621904341,10.2356157573,122,78,152,0.0155505791888,"[501286, array([ 3.72908811, -1.87700116,  1.80151807]), array([ 0.82104266, -0.42240725,  0.38400659])]"
322,86.95,38.2251191505,338.619177982,21.7748936299,226.072690409,43.8269919409,240,22,-8,0.0156266996174,"[974066, array([ 3.96041229, -1.98228627,  1.78101215]), array([ 0.82104266, -0.42240725,  0.38400659])]"
32,72.89,41.9086253742,188.669828538,25.8470136981,300.158044677,37.095269334,92,26,174,0.0156290090834,"[375117, array([ 4.25061384, -2.16204372,  2.06799744]), array([ 0.82104266, -0.42240725,  0.38400659])]"
328,86.39,40.5820529492,344.356238472,13.6880390176,239.647391763,46.1924503492,242,14,-12,0.0158499582819,"[981444, array([ 4.04155406, -1.99269781,  1.86633085]), array([ 0.82104266, -0.42240725,  0.38400659])]"
337,86.53,34.137671103,329.34849405,33.9764608625,208.048784504,37.6284612071,328,88,-124,0.0159268801167,"[1336348, array([ 3.81739259, -1.95574247,  1.70463653]), array([ 0.82104266, -0.42240725,  0.38400659])]"
335,86.94,32.1535874388,327.561866963,37.9727358229,203.647029553,35.5593524264,326,88,-128,0.0159333526769,"[1328246, array([ 3.6954058 , -1.98255514,  1.74246161]), array([ 0.82104266, -0.42240725,  0.38400659])]"
151,81.34,43.1167031923,171.98878158,0.683917622352,262.71905041,46.87511594,152,2,-110,0.0159366769502,"[615815, array([ 4.20089442, -2.1067708 ,  1.88453739]), array([ 0.82104266, -0.42240725,  0.38400659])]"
265,84.79,41.7803514565,350.136471127,5.19377065889,254.393741244,47.7475664313,230,6,-30,0.0159442786427,"[932115, array([ 4.05908804, -2.13854233,  1.97945957]), array([ 0.82104266, -0.42240725,  0.38400659])]"
5,78.24,43.7949064932,177.969172415,9.99384571047,277.933855259,44.4791345532,90,10,-178,0.016079481308,"[365401, array([ 4.26174566, -2.10175024,  1.95702207]), array([ 0.82104266, -0.42240725,  0.38400659])]"
331,87.7,39.3869870012,342.503440664,17.7173984234,233.688615451,45.2708914993,242,18,-10,0.0161085318232,"[981805, array([ 3.96712687, -1.9672063 ,  1.8861363 ]), array([ 0.82104266, -0.42240725,  0.38400659])]"
107,80.87,42.6721183438,173.935188159,3.31530689717,267.51365955,47.1356786775,118,4,-146,0.0163028981528,"[478277, array([ 4.14944972, -2.22805825,  1.96568279]), array([ 0.82104266, -0.42240725,  0.38400659])]"
84,68.43,32.4951412255,218.030715145,53.5534698137,328.822980644,14.6900581634,104,56,166,0.0163380056378,"[426413, array([ 3.99604083, -2.14319681,  1.86431679]), array([ 0.82104266, -0.42240725,  0.38400659])]"
267,84.78,30.5739520714,-40.0,44.0,195.213900255,30.5739520714,230,44,0,0.0163816510678,"[935550, array([ 3.69191947, -1.95512532,  1.67817201]), array([ 0.82104266, -0.42240725,  0.38400659])]"
244,80.02,27.2688340579,297.146435299,57.1184732192,179.050836362,16.9329793496,222,58,8,0.0164072559971,"[904414, array([ 3.61731973, -1.91984381,  1.75837461]), array([ 0.82104266, -0.42240725,  0.38400659])]"
312,84.84,41.4922957852,346.23391699,9.60886734446,245.809452484,46.9039303604,240,10,-16,0.0164096249882,"[972982, array([ 4.10116196, -2.04104737,  1.84756305]), array([ 0.82104266, -0.42240725,  0.38400659])]"
191,82.71,43.1409372654,352.012123881,0.749082386886,261.212985417,46.8492492769,194,2,-68,0.0166039535143,"[785936, array([ 4.17581354, -2.05426271,  1.93727448]), array([ 0.82104266, -0.42240725,  0.38400659])]"
65,67.94,36.437504657,201.772967659,43.1652570493,317.767688042,25.0465514131,98,44,170,0.0166668220237,"[401035, array([ 4.13970747, -2.21598228,  1.91402798]), array([ 0.82104266, -0.42240725,  0.38400659])]"
339,87.24,35.0728563116,331.249286907,31.9781927522,211.346733128,38.6068431343,330,88,-122,0.0166975420159,"[1344449, array([ 3.84520842, -1.89557644,  1.75667904]), array([ 0.82104266, -0.42240725,  0.38400659])]"
235,76.76,27.5016232325,283.641024359,59.7292574616,172.929543402,11.6632579949,218,62,12,0.0167137471701,"[888576, array([ 3.70327192, -1.96099071,  1.68102846]), array([ 0.82104266, -0.42240725,  0.38400659])]"
186,69.24,39.3544037462,192.693856214,33.9059111562,307.916539504,32.3754395804,190,86,56,0.0168026332969,"[777358, array([ 4.22003784, -2.24930186,  1.93259061]), array([ 0.82104266, -0.42240725,  0.38400659])]"
225,82.57,42.0595533251,350.06982435,2.77746458363,257.002278156,47.8052325746,214,4,-46,0.0168570331091,"[867127, array([ 4.12069536, -2.19825483,  1.88943789]), array([ 0.82104266, -0.42240725,  0.38400659])]"
149,81.28,43.1409372654,171.987876119,0.749082386886,262.787014583,46.8492492769,150,2,-112,0.0169474428906,"[607714, array([ 4.20404206, -2.10460463,  1.8810875 ]), array([ 0.82104266, -0.42240725,  0.38400659])]"
327,86.61,41.002235022,346.300071823,11.638483739,243.695629787,46.6539350153,242,12,-14,0.0169758435805,"[981263, array([ 4.03591753, -2.00071771,  1.92616027]), array([ 0.82104266, -0.42240725,  0.38400659])]"
79,80.37,43.5125991758,173.955046497,3.7584127094,267.888620756,46.2409347131,104,4,-160,0.0169930445797,"[421570, array([ 4.22806951, -2.09595234,  1.90814599]), array([ 0.82104266, -0.42240725,  0.38400659])]"
36,71.03,41.4202975456,191.217748924,29.6785891029,304.072316283,34.2751228675,92,30,172,0.0170025381544,"[375476, array([ 4.29239168, -2.11105646,  1.97176667]), array([ 0.82104266, -0.42240725,  0.38400659])]"
17,72.62,42.5347486553,186.56307518,23.8603307148,296.793527226,38.0181559323,90,24,174,0.017165817138,"[366837, array([ 4.30539041, -2.12550984,  1.95355649]), array([ 0.82104266, -0.42240725,  0.38400659])]"
269,84.81,30.5938668017,-42.8778604233,45.963868638,193.349414715,28.2582182664,230,46,2,0.0173240012538,"[935731, array([ 3.70491896, -1.83107153,  1.76194843]), array([ 0.82104266, -0.42240725,  0.38400659])]"
64,68.87,37.6456183286,204.461798422,42.8028982505,318.796749423,23.9866840785,98,44,168,0.0176136755271,"[401034, array([ 4.20442195, -2.0639419 ,  1.96402501]), array([ 0.82104266, -0.42240725,  0.38400659])]"
195,82.77,43.1673707989,352.012970314,0.813335412897,261.146126533,46.8210608573,196,2,-66,0.0179225745186,"[794037, array([ 4.17665849, -2.04733814,  1.93866924]), array([ 0.82104266, -0.42240725,  0.38400659])]"
89,68.85,31.4897558667,225.833873136,56.3540379785,332.241362805,10.647179357,106,60,164,0.0179282778741,"[434872, array([ 3.97145552, -2.096953  ,  1.78938449]), array([ 0.82104266, -0.42240725,  0.38400659])]"
23,76.52,42.9531019447,177.910937452,11.9703351884,279.970770616,44.5804534225,92,12,-176,0.0179947976216,"[373682, array([ 4.23921857, -2.24659399,  1.91680782]), array([ 0.82104266, -0.42240725,  0.38400659])]"
105,73.9,29.4746084418,261.236895205,60.3233501946,165.687644943,3.15410831201,116,72,156,0.0179983187993,"[476448, array([ 3.8516043 , -1.89040387,  1.80704597]), array([ 0.82104266, -0.42240725,  0.38400659])]"
147,81.22,43.1673707989,171.987029686,0.813335412897,262.853873467,46.8210608573,148,2,-114,0.0180185519716,"[599613, array([ 4.20734602, -2.10201452,  1.87757248]), array([ 0.82104266, -0.42240725,  0.38400659])]"
210,68.79,32.3197474832,225.164209081,55.3718662933,331.668471023,11.0995592924,204,76,32,0.0180225222437,"[833146, array([ 4.02349858, -2.05268092,  1.78520234]), array([ 0.82104266, -0.42240725,  0.38400659])]"
88,69.86,32.6835269489,224.41832801,54.6067614873,331.962526575,12.0884032704,106,58,164,0.0181285325877,"[434692, array([ 4.00006816, -2.0254265 ,  1.9554544 ]), array([ 0.82104266, -0.42240725,  0.38400659])]"
321,88.54,37.5620944448,340.76763173,21.6487475166,227.762219234,44.5567287141,240,22,-10,0.0181381054658,"[974065, array([ 3.85463887, -2.03802505,  1.89021634]), array([ 0.82104266, -0.42240725,  0.38400659])]"
22,78.38,43.3555812775,179.95535632,11.9925812317,281.864011269,44.1696760045,92,12,-178,0.0181437461827,"[373681, array([ 4.20679784, -2.16719146,  2.06954445]), array([ 0.82104266, -0.42240725,  0.38400659])]"
240,77.92,28.7424201179,286.969018335,57.8977088292,175.240176484,13.0754525311,220,60,12,0.0183711984343,"[896496, array([ 3.76362706, -1.84307529,  1.75290626]), array([ 0.82104266, -0.42240725,  0.38400659])]"
123,80.92,29.1608365068,-58.1870270814,53.5702065713,182.54275761,19.8425953501,130,84,144,0.0185527281413,"[534222, array([ 3.72990779, -1.82563272,  1.73689327]), array([ 0.82104266, -0.42240725,  0.38400659])]"
6,78.25,43.761243907,180.0,12.0,281.74513357,43.761243907,90,12,-180,0.0187375514315,"[365580, array([ 4.24305569, -2.10159391,  2.03833178]), array([ 0.82104266, -0.42240725,  0.38400659])]"
258,83.2,42.784742363,350.062832231,3.39141756107,256.417460063,47.0142012566,228,4,-32,0.0188051095021,"[923834, array([ 4.16692453, -2.04566412,  1.891606  ]), array([ 0.82104266, -0.42240725,  0.38400659])]"
57,68.93,38.1553023166,196.11231408,37.5656384239,312.221270729,29.7766550396,96,38,172,0.0188203627204,"[392396, array([ 4.1707142 , -2.25419734,  1.97854793]), array([ 0.82104266, -0.42240725,  0.38400659])]"
236,76.41,28.8820189553,280.028023024,58.9503062624,172.236012218,10.4236685503,218,62,14,0.0188755778871,"[888577, array([ 3.80055561, -1.86700413,  1.7219999 ]), array([ 0.82104266, -0.42240725,  0.38400659])]"
288,84.51,40.8717713355,346.283559455,9.39128580204,245.851076117,47.5919116085,236,10,-20,0.0189043302303,"[956780, array([ 4.05793514, -2.16528727,  1.8440444 ]), array([ 0.82104266, -0.42240725,  0.38400659])]"
62,78.56,42.8252528645,175.885536464,7.82407349508,274.09814626,46.1111392358,98,8,-168,0.0189417676799,"[397626, array([ 4.19278751, -2.25976172,  1.94365935]), array([ 0.82104266, -0.42240725,  0.38400659])]"
63,69.25,37.4193303395,201.347816976,41.2209861808,317.024403908,26.3160094597,98,42,170,0.0189458906505,"[400855, array([ 4.14743744, -2.17208123,  2.04518697]), array([ 0.82104266, -0.42240725,  0.38400659])]"
310,85.08,42.052774822,348.165328986,7.6060748671,249.949723169,46.9397138858,240,8,-18,0.0189510193621,"[972801, array([ 4.10806858, -2.00839169,  1.91129906]), array([ 0.82104266, -0.42240725,  0.38400659])]"
202,68.08,33.4708346335,212.530844786,50.8993361352,325.822094975,17.8145348103,200,80,38,0.0189689212125,"[817309, array([ 4.02925548, -2.17773853,  1.89106468]), array([ 0.82104266, -0.42240725,  0.38400659])]"
329,87.92,39.7315675068,344.468747879,15.6412999873,237.569985717,46.0741089452,242,16,-12,0.0191178838345,"[981624, array([ 3.95434052, -2.00242581,  1.93869054]), array([ 0.82104266, -0.42240725,  0.38400659])]"
83,68.92,33.8480768532,221.14804245,52.8371781241,329.645594802,13.5223995441,104,56,164,0.0191440725931,"[426412, array([ 4.08842468, -2.00411022,  1.85791151]), array([ 0.82104266, -0.42240725,  0.38400659])]"
145,81.16,43.1959744272,171.986246404,0.876598455093,262.919535817,46.7905886399,146,2,-116,0.0191501114043,"[591512, array([ 4.21080183, -2.09900345,  1.87399557]), array([ 0.82104266, -0.42240725,  0.38400659])]"
274,85.81,31.722971252,324.61006853,39.9707191482,200.349134015,33.8856852312,232,40,-2,0.0191954000326,"[943289, array([ 3.71544473, -1.98297558,  1.68685508]), array([ 0.82104266, -0.42240725,  0.38400659])]"
280,86.85,32.8927861707,328.940042442,35.8986617797,205.95806663,36.9454273792,234,36,-4,0.0192058265673,"[951028, array([ 3.73263672, -2.0089541 ,  1.72052257]), array([ 0.82104266, -0.42240725,  0.38400659])]"
199,82.83,43.1959744272,352.013753596,0.876598455093,261.080464183,46.7905886399,198,2,-64,0.0193283441935,"[802138, array([ 4.17768344, -2.04005518,  1.93994983]), array([ 0.82104266, -0.42240725,  0.38400659])]"
297,86.21,40.2575413079,346.375382767,11.4045840672,243.665668169,47.4837053023,238,12,-18,0.0194260512762,"[965061, array([ 3.9840977 , -2.1499112 ,  1.91976799]), array([ 0.82104266, -0.42240725,  0.38400659])]"
285,85.12,42.3122116293,350.11716176,5.47960946018,254.178578349,47.163443838,236,6,-24,0.0195674295055,"[956418, array([ 4.09541423, -2.03112559,  1.97717921]), array([ 0.82104266, -0.42240725,  0.38400659])]"
194,69.98,38.9077331361,198.668789705,37.7551839935,313.756709154,28.7012425721,194,84,52,0.0195787780499,"[793376, array([ 4.19854664, -2.13325219,  2.0645146 ]), array([ 0.82104266, -0.42240725,  0.38400659])]"
290,87.88,34.0898815962,333.065020047,31.8040797654,212.072910838,39.7045092549,236,32,-6,0.0196871040635,"[958767, array([ 3.74515565, -2.02872883,  1.77783981]), array([ 0.82104266, -0.42240725,  0.38400659])]"
134,84.1,28.6149067015,313.618349499,49.9584221508,189.141709698,25.4399524192,136,88,140,0.0198608885673,"[558880, array([ 3.59744992, -1.89647024,  1.77594818]), array([ 0.82104266, -0.42240725,  0.38400659])]"
291,86.56,34.9962027231,330.713727865,31.912828613,210.73681429,38.7408540273,236,32,-4,0.0198718618637,"[958768, array([ 3.85845393, -1.94629521,  1.70450881]), array([ 0.82104266, -0.42240725,  0.38400659])]"
80,80.58,42.8743508866,175.907295986,5.70533925482,271.962977023,46.5582223633,104,6,-162,0.019877278997,"[421749, array([ 4.14876325, -2.22012699,  2.02991503]), array([ 0.82104266, -0.42240725,  0.38400659])]"
7,76.38,43.3555812775,177.95535632,11.9925812317,279.864011269,44.1696760045,90,12,-178,0.0199357338569,"[365581, array([ 4.27539105, -2.18060726,  1.88619371]), array([ 0.82104266, -0.42240725,  0.38400659])]"
272,83.02,42.1313071388,348.124216877,5.39086365194,252.242066162,47.3608500223,232,6,-26,0.0201364160684,"[940217, array([ 4.1486906 , -2.10874799,  1.82927709]), array([ 0.82104266, -0.42240725,  0.38400659])]"
20,78.28,43.6252483334,175.941471011,7.95589051035,274.053651477,45.2765832976,92,8,-174,0.0202285425182,"[373323, array([ 4.26431099, -2.1278335 ,  1.88932408]), array([ 0.82104266, -0.42240725,  0.38400659])]"
266,82.91,41.9539591367,348.130663756,5.29554441622,252.313779339,47.5556460709,230,6,-28,0.0202469629715,"[932116, array([ 4.13658604, -2.14468426,  1.82924566]), array([ 0.82104266, -0.42240725,  0.38400659])]"
110,80.95,42.5623121138,173.933524738,3.23515870045,267.439775832,47.2545974248,120,4,-144,0.0203213987936,"[486378, array([ 4.13849982, -2.24459921,  1.97376708]), array([ 0.82104266, -0.42240725,  0.38400659])]"
143,81.1,43.2267163351,171.985530091,0.938794464029,262.983912697,46.7578735861,144,2,-118,0.0203424715353,"[583411, array([ 4.21440477, -2.09557487,  1.87036012]), array([ 0.82104266, -0.42240725,  0.38400659])]"
127,82.22,27.6416271536,-53.484246127,53.8083397293,184.082295868,21.4253826202,132,86,144,0.0204419539071,"[542502, array([ 3.58769866, -1.91442571,  1.76356645]), array([ 0.82104266, -0.42240725,  0.38400659])]"
221,72.09,29.4746084418,244.763104795,60.3233501946,340.312355057,3.15410831201,210,72,24,0.0204556576129,"[857082, array([ 3.83285094, -1.99597647,  1.89919363]), array([ 0.82104266, -0.42240725,  0.38400659])]"
56,70.07,39.2572615237,198.612859556,37.3230374065,313.383684084,28.7907390621,96,38,170,0.0205059084321,"[392395, array([ 4.21867824, -2.10432555,  2.05536054]), array([ 0.82104266, -0.42240725,  0.38400659])]"
222,82.47,41.9690040745,350.069478274,2.67532082006,257.104594107,47.9054943635,212,4,-48,0.0205170266676,"[859026, array([ 4.11508427, -2.21810744,  1.88828162]), array([ 0.82104266, -0.42240725,  0.38400659])]"
259,84.67,41.6106628305,350.141610894,5.08566917797,254.481960084,47.9363462806,228,6,-32,0.0206332201305,"[924014, array([ 4.04738265, -2.17336789,  1.979594  ]), array([ 0.82104266, -0.42240725,  0.38400659])]"
201,82.89,43.2267163351,352.014469909,0.938794464029,261.016087303,46.7578735861,200,2,-62,0.020816836265,"[810239, array([ 4.17888608, -2.03242225,  1.94111497]), array([ 0.82104266, -0.42240725,  0.38400659])]"
47,70.07,39.7045092549,191.065020047,31.8040797654,305.88044109,34.0898815962,94,32,174,0.0208810827022,"[383757, array([ 4.20264731, -2.28373831,  1.98602947]), array([ 0.82104266, -0.42240725,  0.38400659])]"
111,76.12,28.153296744,273.617972714,60.7031319222,170.136737131,7.4524306957,120,76,154,0.0209405406373,"[493007, array([ 3.73549139, -1.8910139 ,  1.84063399]), array([ 0.82104266, -0.42240725,  0.38400659])]"
39,80.21,43.8638052164,175.956508912,5.9413971666,272.04037716,45.5220262802,94,6,-172,0.0211280041085,"[381244, array([ 4.23740166, -2.05893855,  1.96498888]), array([ 0.82104266, -0.42240725,  0.38400659])]"
28,74.8,42.2915391351,184.128241067,19.9872968445,292.558225714,40.9972468964,92,20,178,0.0211644723984,"[374579, array([ 4.21159959, -2.25059317,  2.07360882]), array([ 0.82104266, -0.42240725,  0.38400659])]"
33,71.36,41.0841031593,186.448690676,25.9319470342,298.669985228,37.8735300528,92,26,176,0.021185337475,"[375118, array([ 4.23879328, -2.28923263,  1.94573851]), array([ 0.82104266, -0.42240725,  0.38400659])]"
350,83.93,42.9662839224,352.069827322,1.99878115941,259.927738925,46.9638462448,352,88,-92,0.0212356686672,"[1433564, array([ 4.13769598, -2.03595595,  1.99076167]), array([ 0.82104266, -0.42240725,  0.38400659])]"
46,71.41,40.6782108058,193.409691577,31.6522310995,307.19722413,33.1964293603,94,32,172,0.0212533443778,"[383756, array([ 4.23274834, -2.14233465,  2.08730361]), array([ 0.82104266, -0.42240725,  0.38400659])]"
40,80.28,43.6252483334,177.941471011,7.95589051035,276.053651477,45.2765832976,94,8,-174,0.0214999102675,"[381423, array([ 4.19585547, -2.10970938,  2.06284104]), array([ 0.82104266, -0.42240725,  0.38400659])]"
25,76.58,42.8213498802,182.0,16.0,287.41019602,42.8213498802,92,16,-180,0.021500000309,"[374040, array([ 4.20357914, -2.22766649,  2.08184081]), array([ 0.82104266, -0.42240725,  0.38400659])]"
311,86.68,41.1795390247,348.259381869,9.50590370253,247.823393385,47.2487549227,240,10,-18,0.0215128899177,"[972981, array([ 4.01369071, -2.05264361,  1.98906861]), array([ 0.82104266, -0.42240725,  0.38400659])]"
227,74.47,27.8710987215,263.062858504,61.8607804236,166.36157318,3.57125240052,214,68,18,0.0215657596081,"[872919, array([ 3.72818344, -1.96531757,  1.85006999]), array([ 0.82104266, -0.42240725,  0.38400659])]"
141,81.04,43.2595622835,171.984884238,0.999847679693,263.046917639,46.7229595892,142,2,-120,0.0215960868751,"[575310, array([ 4.21814989, -2.09173271,  1.86666958]), array([ 0.82104266, -0.42240725,  0.38400659])]"
257,82.04,29.5763204142,-53.6879998772,51.6000452835,185.401443317,22.1538147808,226,52,6,0.0216259004653,"[920073, array([ 3.72809154, -1.8110995 ,  1.74547358]), array([ 0.82104266, -0.42240725,  0.38400659])]"
316,87.64,39.2394602778,344.540710611,15.5125682076,237.457385019,46.6243376692,240,16,-14,0.0216561805906,"[973523, array([ 3.92059174, -2.10167559,  1.92908874]), array([ 0.82104266, -0.42240725,  0.38400659])]"
324,88.15,37.095269334,336.669828538,25.8470136981,220.898070771,41.9086253742,240,26,-6,0.0217193053,"[974427, array([ 3.8939285 , -1.89278633,  1.8299886 ]), array([ 0.82104266, -0.42240725,  0.38400659])]"
73,80.32,43.6413469803,173.958890942,3.80393046081,267.921599394,46.1062423331,102,4,-162,0.0217478381986,"[413469, array([ 4.23936598, -2.07500231,  1.8999243 ]), array([ 0.82104266, -0.42240725,  0.38400659])]"
198,68.96,38.227027276,203.142618231,41.4998948174,317.458627069,24.9583001969,196,82,48,0.0217716088274,"[801294, array([ 4.2285372 , -2.05093729,  1.95898327]), array([ 0.82104266, -0.42240725,  0.38400659])]"
27,74.82,42.2601952699,182.0,18.0,289.172037851,42.2601952699,92,18,-180,0.0219254844458,"[374220, array([ 4.2130696 , -2.29489697,  2.00903397]), array([ 0.82104266, -0.42240725,  0.38400659])]"
142,83.04,43.2595622835,173.984884238,0.999847679693,265.046917639,46.7229595892,144,2,-120,0.0219703001828,"[583410, array([ 4.15090833, -2.06293723,  2.02554899]), array([ 0.82104266, -0.42240725,  0.38400659])]"
140,82.98,43.2944756377,173.984311994,1.05968372362,265.108466786,46.6858933981,142,2,-122,0.0219832745162,"[575309, array([ 4.15491551, -2.05890643,  2.02189541]), array([ 0.82104266, -0.42240725,  0.38400659])]"
9,74.58,42.8213498802,180.0,16.0,285.41019602,42.8213498802,90,16,-180,0.0219930447973,"[365940, array([ 4.27248008, -2.23773391,  1.88849989]), array([ 0.82104266, -0.42240725,  0.38400659])]"
231,74.98,29.0226086384,272.810676813,59.7660156447,169.312355655,7.7468074162,216,64,16,0.0220059398981,"[880658, array([ 3.8315292 , -1.89551118,  1.69580834]), array([ 0.82104266, -0.42240725,  0.38400659])]"
144,83.1,43.2267163351,173.985530091,0.938794464029,264.983912697,46.7578735861,146,2,-118,0.0220780746789,"[591511, array([ 4.14704001, -2.0665615 ,  2.0291421 ]), array([ 0.82104266, -0.42240725,  0.38400659])]"
138,82.92,43.3314173981,173.98381615,1.11822968946,265.168479028,46.6467245368,140,2,-124,0.0221293873321,"[567208, array([ 4.15905601, -2.05447373,  2.01818493]), array([ 0.82104266, -0.42240725,  0.38400659])]"
146,83.16,43.1959744272,173.986246404,0.876598455092,264.919535817,46.7905886399,148,2,-116,0.0222929187841,"[599612, array([ 4.14331589, -2.06977509,  2.03267134]), array([ 0.82104266, -0.42240725,  0.38400659])]"
223,73.2,27.9761834787,255.219178894,62.0091092822,163.646562753,0.835689938709,212,70,20,0.0223227049171,"[865000, array([ 3.74375097, -2.01597729,  1.83911362]), array([ 0.82104266, -0.42240725,  0.38400659])]"
205,82.95,43.2595622835,352.015115762,0.999847679694,260.953082361,46.7229595892,202,2,-60,0.0223842153227,"[818340, array([ 4.18026387, -2.0244482 ,  1.94216349]), array([ 0.82104266, -0.42240725,  0.38400659])]"
245,79.51,28.6096332801,293.595492463,56.6329542782,178.331493926,15.6987558681,222,58,10,0.0223881095677,"[904415, array([ 3.72080777, -1.82323266,  1.7883885 ]), array([ 0.82104266, -0.42240725,  0.38400659])]"
273,84.53,41.077939616,348.221436628,7.18583507218,250.166822756,48.0188973082,232,8,-26,0.0223934767808,"[940397, array([ 4.04017109, -2.20403201,  1.91103184]), array([ 0.82104266, -0.42240725,  0.38400659])]"
299,85.91,39.7136344379,344.46365904,13.4472623619,239.521224169,47.1599274617,238,14,-16,0.0224118377214,"[965242, array([ 3.98156606, -2.16726065,  1.85273268]), array([ 0.82104266, -0.42240725,  0.38400659])]"
135,82.87,43.370346232,173.983399124,1.17541423184,265.226876127,46.6055052201,138,2,-126,0.0224189692005,"[559107, array([ 4.16332405, -2.04964421,  2.0144212 ]), array([ 0.82104266, -0.42240725,  0.38400659])]"
148,83.22,43.1673707989,173.987029686,0.813335412896,264.853873467,46.8210608573,150,2,-114,0.0226006506357,"[607713, array([ 4.13974104, -2.07257432,  2.03613338]), array([ 0.82104266, -0.42240725,  0.38400659])]"
344,87.83,37.8443977411,341.454386141,19.9492089929,229.848442166,45.4117235222,340,86,-110,0.0226851548742,"[1384775, array([ 3.87239896, -2.10961302,  1.86609963]), array([ 0.82104266, -0.42240725,  0.38400659])]"
278,83.12,42.3122116293,348.11716176,5.47960946018,252.178578349,47.163443838,234,6,-24,0.0227711121491,"[948318, array([ 4.1609594 , -2.07235463,  1.82898402]), array([ 0.82104266, -0.42240725,  0.38400659])]"
206,68.11,32.2614979324,219.131482997,54.186024465,329.144651889,13.8719444016,202,78,34,0.0227761427557,"[825227, array([ 4.00187781, -2.14285208,  1.79844316]), array([ 0.82104266, -0.42240725,  0.38400659])]"
188,71.91,41.3155856305,192.306279196,29.9194520932,305.295464511,34.1634359806,190,86,60,0.022790573406,"[777360, array([ 4.25438399, -2.11407236,  2.08146566]), array([ 0.82104266, -0.42240725,  0.38400659])]"
131,82.81,43.4112185089,173.983062954,1.23116765348,265.283582841,46.5622902654,136,2,-128,0.0228596595947,"[551006, array([ 4.16771363, -2.04442342,  2.01060802]), array([ 0.82104266, -0.42240725,  0.38400659])]"
139,80.98,43.2944756377,171.984311994,1.05968372362,263.108466786,46.6858933981,140,2,-122,0.0229114106786,"[567209, array([ 4.22203197, -2.08748137,  1.86292752]), array([ 0.82104266, -0.42240725,  0.38400659])]"
260,82.79,41.7803514565,348.136471127,5.19377065889,252.393741244,47.7475664313,228,6,-30,0.0229510173964,"[924015, array([ 4.12466578, -2.18012138,  1.82889853]), array([ 0.82104266, -0.42240725,  0.38400659])]"
49,69.57,40.1082874037,196.295453296,35.3700829489,310.48308521,29.992626304,94,36,170,0.0229594171524,"[384115, array([ 4.28277593, -2.07638167,  1.94183728]), array([ 0.82104266, -0.42240725,  0.38400659])]"
150,83.28,43.1409372654,173.987876119,0.749082386887,264.787014583,46.8492492769,152,2,-112,0.0229872895939,"[615814, array([ 4.13632029, -2.07495597,  2.03952506]), array([ 0.82104266, -0.42240725,  0.38400659])]"
208,69.17,34.9485746249,216.901894268,50.4249577212,327.465690622,16.1891617594,202,78,38,0.0230110868005,"[825229, array([ 4.11661277, -1.99674419,  1.94392608]), array([ 0.82104266, -0.42240725,  0.38400659])]"
54,78.58,42.7870524748,177.878221432,9.90169514654,278.116059946,45.5165599207,96,10,-172,0.0230616829031,"[389704, array([ 4.17096703, -2.26641452,  2.02981401]), array([ 0.82104266, -0.42240725,  0.38400659])]"
52,80.37,43.3559896682,177.922412092,7.92164213499,276.078365322,45.5548674701,96,8,-172,0.023192775487,"[389524, array([ 4.17175804, -2.15353434,  2.08133305]), array([ 0.82104266, -0.42240725,  0.38400659])]"
295,86.51,40.8717713355,348.283559455,9.39128580204,247.851076117,47.5919116085,238,10,-20,0.0232334336492,"[964880, array([ 3.99209143, -2.11424857,  1.98832948]), array([ 0.82104266, -0.42240725,  0.38400659])]"
30,73.09,41.6717706656,184.156926524,21.9858989571,294.156787479,40.2687395252,92,22,178,0.0232981267848,"[374759, array([ 4.22017921, -2.3073583 ,  1.99233163]), array([ 0.82104266, -0.42240725,  0.38400659])]"
264,83.28,42.900062403,350.060546019,3.46339714439,256.353632586,46.8903295463,230,4,-30,0.0233114516174,"[931935, array([ 4.17438183, -2.02222125,  1.89103286]), array([ 0.82104266, -0.42240725,  0.38400659])]"
1,76.23,43.7944103072,180.061175231,13.9912978593,283.426993739,42.8540072224,88,14,178,0.0233862108052,"[357839, array([ 4.30191718, -2.09442263,  1.9264107 ]), array([ 0.82104266, -0.42240725,  0.38400659])]"
152,83.34,43.1167031923,173.98878158,0.683917622352,264.71905041,46.87511594,154,2,-110,0.0234396152612,"[623915, array([ 4.13305821, -2.07691732,  2.04284329]), array([ 0.82104266, -0.42240725,  0.38400659])]"
128,82.76,43.453988337,173.982809281,1.28542199042,265.338527023,46.5171370006,134,2,-130,0.0234560190149,"[542905, array([ 4.17221856, -2.03881735,  2.00674928]), array([ 0.82104266, -0.42240725,  0.38400659])]"
275,86.81,30.5952569826,324.690380014,41.9685809159,199.235182684,32.8195731987,232,42,-2,0.0235170616406,"[943469, array([ 3.61709181, -1.95819844,  1.77534869]), array([ 0.82104266, -0.42240725,  0.38400659])]"
268,85.72,29.4193296984,320.0,46.0,194.271032725,29.4193296984,230,46,0,0.0236305057396,"[935730, array([ 3.5903716 , -1.93023773,  1.77595216]), array([ 0.82104266, -0.42240725,  0.38400659])]"
211,69.2,33.6920074123,223.731080644,53.5534698137,330.865088789,12.274712197,204,76,34,0.0237073606124,"[833147, array([ 4.08609197, -1.97574733,  1.85515543]), array([ 0.82104266, -0.42240725,  0.38400659])]"
109,75.09,28.1232567664,266.23869662,61.4207472501,167.598978499,4.67822970765,118,74,156,0.0238339122719,"[484728, array([ 3.73816534, -1.92408156,  1.86726325]), array([ 0.82104266, -0.42240725,  0.38400659])]"
178,72.82,42.835538293,184.807834829,21.9858989571,293.954904834,39.0900430555,184,88,68,0.0238383566444,"[753244, array([ 4.32053534, -2.12636731,  1.90622487]), array([ 0.82104266, -0.42240725,  0.38400659])]"
355,80.22,42.6974619793,175.789835158,5.99633155493,272.184174168,46.675752611,356,88,-84,0.0238540259842,"[1449768, array([ 4.14355845, -2.25587647,  2.01890627]), array([ 0.82104266, -0.42240725,  0.38400659])]"
45,71.62,40.4910174989,190.919798291,29.8189506069,304.700869587,35.1287731551,94,30,174,0.0238761474214,"[383577, array([ 4.19897163, -2.24050612,  2.08910728]), array([ 0.82104266, -0.42240725,  0.38400659])]"
154,83.41,43.0946954713,173.989741657,0.617920465515,264.650074344,46.898625958,156,2,-108,0.0239455606325,"[632016, array([ 4.1299591 , -2.07845611,  2.04608513]), array([ 0.82104266, -0.42240725,  0.38400659])]"
209,83.01,43.2944756377,352.015688006,1.05968372362,260.891533214,46.6858933981,204,2,-58,0.0240271043443,"[826441, array([ 4.18181404, -2.01614229,  1.94309426]), array([ 0.82104266, -0.42240725,  0.38400659])]"
96,71.24,30.4222659579,236.545758278,58.7380810644,337.399778881,6.52181548788,110,64,162,0.0241302257645,"[451431, array([ 3.87953724, -2.0132611 ,  1.94163862]), array([ 0.82104266, -0.42240725,  0.38400659])]"
219,82.37,41.8820200984,350.068793838,2.56992399808,257.211290876,48.0021263744,210,4,-50,0.0241958443019,"[850925, array([ 4.10975539, -2.23740304,  1.88692275]), array([ 0.82104266, -0.42240725,  0.38400659])]"
224,73.19,29.3903486562,252.248900936,60.6063049856,342.967768412,0.404939423202,212,70,22,0.024196785909,"[865001, array([ 3.82708469, -1.93452905,  1.90177023]), array([ 0.82104266, -0.42240725,  0.38400659])]"
124,82.71,43.4986076023,173.982639346,1.33811109518,265.391639729,46.470105169,132,2,-132,0.0242094442623,"[534804, array([ 4.17683247, -2.03283246,  2.00284902]), array([ 0.82104266, -0.42240725,  0.38400659])]"
112,81.04,42.4554418384,173.932185541,3.15107141932,267.360947946,47.3707953875,122,4,-142,0.0242748998555,"[494479, array([ 4.12767419, -2.26049943,  1.981787  ]), array([ 0.82104266, -0.42240725,  0.38400659])]"
136,80.92,43.3314173981,171.98381615,1.11822968946,263.168479028,46.6467245368,138,2,-124,0.0242888173922,"[559108, array([ 4.22604558, -2.08282573,  1.85913761]), array([ 0.82104266, -0.42240725,  0.38400659])]"
348,83.85,42.8652873386,350.139824947,3.99755934526,255.863670334,46.8555751683,350,88,-94,0.0243809763369,"[1425463, array([ 4.16017507, -2.00328807,  1.91662394]), array([ 0.82104266, -0.42240725,  0.38400659])]"
15,74.39,43.1025451437,186.467359675,21.8732439152,295.366611555,38.8975496568,90,22,174,0.0244162180822,"[366657, array([ 4.28659855, -2.0829    ,  2.05167477]), array([ 0.82104266, -0.42240725,  0.38400659])]"
330,86.19,40.2309183042,342.394374663,15.7505569216,235.700446847,45.5252746791,242,16,-10,0.0244781843822,"[981625, array([ 4.0516582 , -1.96674404,  1.81173574]), array([ 0.82104266, -0.42240725,  0.38400659])]"
156,83.47,43.0749384987,173.990751675,0.55117126736,264.580181764,46.9197475733,158,2,-106,0.0244944494869,"[640117, array([ 4.12702699, -2.07957058,  2.04924774]), array([ 0.82104266, -0.42240725,  0.38400659])]"
352,80.06,42.9662839224,171.930172678,1.99878115941,264.072261075,46.9638462448,352,88,-88,0.0245706916211,"[1433566, array([ 4.2148159 , -2.1711031 ,  1.83654165]), array([ 0.82104266, -0.42240725,  0.38400659])]"
97,70.5,30.5667899456,241.823922977,59.1432069853,338.245158911,3.82274824792,110,66,160,0.0245982790347,"[451610, array([ 3.9481339 , -1.99132903,  1.7185828 ]), array([ 0.82104266, -0.42240725,  0.38400659])]"
19,80.2,43.896715002,177.960819194,7.98038523789,276.019376564,44.998641734,92,8,-176,0.0246017346378,"[373322, array([ 4.21953198, -2.06520266,  2.04439015]), array([ 0.82104266, -0.42240725,  0.38400659])]"
289,86.7,35.1287731551,332.919798291,29.8189506069,213.621506309,40.4910174989,236,30,-6,0.0247365623107,"[958587, array([ 3.8366603 , -2.04475661,  1.70310962]), array([ 0.82104266, -0.42240725,  0.38400659])]"
262,82.92,30.6506827619,-47.9659816,47.8452241989,189.629590913,25.8802043608,228,48,4,0.0248306588814,"[927812, array([ 3.77159112, -1.82854281,  1.68653593]), array([ 0.82104266, -0.42240725,  0.38400659])]"
93,69.9,30.26880473,229.415888085,58.075289123,334.482851948,9.19967490345,108,62,164,0.0248361932621,"[443152, array([ 3.87393537, -2.11597477,  1.88677999]), array([ 0.82104266, -0.42240725,  0.38400659])]"
217,71.07,29.5295476325,237.472542615,59.7660156447,337.713256082,5.91553612456,208,74,26,0.0248454721703,"[849163, array([ 3.83158298, -2.06539394,  1.9000251 ]), array([ 0.82104266, -0.42240725,  0.38400659])]"
314,84.61,41.002235022,344.300071823,11.638483739,241.695629787,46.6539350153,240,12,-14,0.0249207412336,"[973163, array([ 4.09959209, -2.05540128,  1.78487245]), array([ 0.82104266, -0.42240725,  0.38400659])]"
333,87.52,39.1095196926,340.506132857,19.7971809441,229.958364574,44.2764700979,242,20,-8,0.0249812172538,"[981986, array([ 3.98332966, -1.91490812,  1.84191894]), array([ 0.82104266, -0.42240725,  0.38400659])]"
158,83.53,43.0574541556,173.991806715,0.483751286381,264.50946985,46.9384522163,160,2,-104,0.025077105645,"[648218, array([ 4.12426564, -2.08025944,  2.05232838]), array([ 0.82104266, -0.42240725,  0.38400659])]"
122,82.66,43.5450260097,173.982553983,1.38917071788,265.442855296,46.4212568312,130,2,-134,0.0251183796542,"[526703, array([ 4.18154879, -2.02647563,  1.99891138]), array([ 0.82104266, -0.42240725,  0.38400659])]"
50,68.36,39.0431502951,193.854960904,35.59591284,309.270305879,30.94515344,94,36,172,0.0251926677151,"[384116, array([ 4.24045849, -2.22260245,  1.85666901]), array([ 0.82104266, -0.42240725,  0.38400659])]"
77,67.99,33.4485810515,211.047186959,50.4249577212,325.121216954,18.6319882657,102,52,168,0.0252388191284,"[417954, array([ 4.01881384, -2.20838809,  1.90169636]), array([ 0.82104266, -0.42240725,  0.38400659])]"
121,79.52,27.8498303283,299.190955654,55.5374285045,179.785581382,18.6224240584,128,84,146,0.0253259401324,"[526123, array([ 3.67654025, -1.96216339,  1.63084965]), array([ 0.82104266, -0.42240725,  0.38400659])]"
298,84.41,40.6269865004,344.338575477,11.5286287503,241.672714264,47.0692820109,238,12,-16,0.0254090381161,"[965062, array([ 4.07367742, -2.13056565,  1.78043834]), array([ 0.82104266, -0.42240725,  0.38400659])]"
108,74.92,29.5295476325,268.527457385,59.7660156447,168.286743918,5.91553612456,118,74,154,0.0254934987249,"[484727, array([ 3.85165664, -1.84935646,  1.78780946]), array([ 0.82104266, -0.42240725,  0.38400659])]"
319,85.7,39.3869870012,340.503440664,17.7173984234,231.688615451,45.2708914993,240,18,-10,0.0255299779618,"[973705, array([ 4.0292426 , -2.03614724,  1.74843144]), array([ 0.82104266, -0.42240725,  0.38400659])]"
98,70.36,29.1582360439,238.619447894,60.3233501946,337.536763137,5.04793985054,110,66,162,0.0255586540067,"[451611, array([ 3.83984191, -2.1002142 ,  1.76820651]), array([ 0.82104266, -0.42240725,  0.38400659])]"
241,84.86,42.3516220038,352.068822979,3.06314827421,258.722755197,47.4841130093,222,4,-40,0.0255781896877,"[899530, array([ 4.07126069, -2.0979482 ,  2.04367702]), array([ 0.82104266, -0.42240725,  0.38400659])]"
293,85.22,42.4964837537,350.109532698,5.56167100268,254.12327818,46.9636933846,238,6,-22,0.0256251279811,"[964519, array([ 4.10786049, -1.99448022,  1.97576684]), array([ 0.82104266, -0.42240725,  0.38400659])]"
243,79.18,28.4893163454,297.892165892,55.1819560706,179.517344232,18.2897923861,222,56,8,0.0256273385781,"[904234, array([ 3.73022083, -1.92643895,  1.62134133]), array([ 0.82104266, -0.42240725,  0.38400659])]"
160,83.6,43.0422617899,173.99290164,0.415742590261,264.438037404,46.954714556,162,2,-102,0.0256858673568,"[656319, array([ 4.12167849, -2.08052188,  2.05532445]), array([ 0.82104266, -0.42240725,  0.38400659])]"
308,87.32,35.9946563885,332.616305745,29.9194520932,214.218709055,39.5710860129,238,30,-4,0.0256869170565,"[966688, array([ 3.88848217, -1.86933461,  1.76458024]), array([ 0.82104266, -0.42240725,  0.38400659])]"
237,84.77,42.2509633447,352.069495989,2.97149712328,258.811254799,47.5943935728,220,4,-42,0.0257230738175,"[891429, array([ 4.06487933, -2.11932349,  2.04368275]), array([ 0.82104266, -0.42240725,  0.38400659])]"
132,80.87,43.370346232,171.983399124,1.17541423184,263.226876127,46.6055052201,136,2,-126,0.0257285476893,"[551007, array([ 4.23018506, -2.07777113,  1.85530365]), array([ 0.82104266, -0.42240725,  0.38400659])]"
212,83.07,43.3314173981,352.01618385,1.11822968946,260.831520972,46.6467245368,206,2,-56,0.0257424705513,"[834542, array([ 4.1835336 , -2.00751417,  1.94390621]), array([ 0.82104266, -0.42240725,  0.38400659])]"
192,67.87,36.6208428296,199.376717014,41.7180118025,315.967115318,26.6597507687,194,84,48,0.025769095815,"[793374, array([ 4.13422648, -2.26625145,  1.9135568 ]), array([ 0.82104266, -0.42240725,  0.38400659])]"
346,86.51,38.9567542695,343.145897256,15.9599830538,235.499559098,46.6675472635,342,86,-106,0.0257961886723,"[1392877, array([ 3.94068371, -2.16585609,  1.84393405]), array([ 0.82104266, -0.42240725,  0.38400659])]"
66,67.55,36.6519066667,205.013439503,44.7182037974,319.446579529,22.6712668682,98,46,168,0.0258047276741,"[401214, array([ 4.19735665, -2.11024919,  1.82117807]), array([ 0.82104266, -0.42240725,  0.38400659])]"
69,78.49,43.067543858,173.91641347,5.76676605617,269.994071967,46.3530316491,100,6,-164,0.02582585916,"[405548, array([ 4.23364914, -2.21046545,  1.84648301]), array([ 0.82104266, -0.42240725,  0.38400659])]"
305,88.88,35.3196450075,337.044033237,27.7039250011,218.710202008,42.1086818957,238,28,-8,0.0258413898569,"[966506, array([ 3.754587  , -2.0381743 ,  1.85673025]), array([ 0.82104266, -0.42240725,  0.38400659])]"
230,75.24,27.6278710247,276.370509773,60.7031319222,169.997863359,8.9877537164,216,64,14,0.025855115185,"[880657, array([ 3.73725832, -1.98744904,  1.6493733 ]), array([ 0.82104266, -0.42240725,  0.38400659])]"
82,69.5,33.6433181728,216.985789271,51.7193586776,328.431071406,16.0951163062,104,54,166,0.0258648415825,"[426233, array([ 4.01892705, -2.0822296 ,  2.0205771 ]), array([ 0.82104266, -0.42240725,  0.38400659])]"
255,81.86,29.4921843262,-50.2086096796,49.8339538904,186.893610762,24.6285701187,226,50,4,0.0259497373339,"[919892, array([ 3.72465776, -1.92975554,  1.61892986]), array([ 0.82104266, -0.42240725,  0.38400659])]"
343,87.42,37.206945186,339.614365097,21.9436214032,226.121764149,44.6960915784,338,86,-112,0.0259558937309,"[1376674, array([ 3.86487415, -2.12539124,  1.81023027]), array([ 0.82104266, -0.42240725,  0.38400659])]"
226,73.63,29.1582360439,265.380552106,60.3233501946,166.463236863,5.04793985054,214,66,18,0.0259571107757,"[872739, array([ 3.85644818, -1.92916502,  1.67444336]), array([ 0.82104266, -0.42240725,  0.38400659])]"
303,86.33,37.2970279034,336.745879185,23.7519793435,222.233321865,43.3143999666,238,24,-8,0.0260009864464,"[966146, array([ 3.9341362 , -2.05627642,  1.71580329]), array([ 0.82104266, -0.42240725,  0.38400659])]"
55,70.36,39.0431502951,195.854960904,35.59591284,311.270305879,30.94515344,96,36,172,0.0260801614761,"[392216, array([ 4.1718823 , -2.21246298,  2.09506872]), array([ 0.82104266, -0.42240725,  0.38400659])]"
75,78.58,42.8743508866,173.907295986,5.70533925482,269.962977023,46.5582223633,102,6,-162,0.026088243577,"[413649, array([ 4.21606088, -2.24212312,  1.859255  ]), array([ 0.82104266, -0.42240725,  0.38400659])]"
246,84.95,42.4554418384,352.067814459,3.15107141932,258.639052054,47.3707953875,224,4,-38,0.0261525991165,"[907631, array([ 4.07788618, -2.07612524,  2.0434561 ]), array([ 0.82104266, -0.42240725,  0.38400659])]"
106,73.98,28.0622376328,258.589653817,61.8607804236,165.00567278,1.9148584987,116,72,158,0.0261784985767,"[476449, array([ 3.73799138, -1.97438208,  1.8795394 ]), array([ 0.82104266, -0.42240725,  0.38400659])]"
120,82.61,43.5931911269,173.982553612,1.43853858517,265.492111427,46.3706562639,128,2,-136,0.0261787570356,"[518602, array([ 4.18636081, -2.0197542 ,  1.99494062]), array([ 0.82104266, -0.42240725,  0.38400659])]"
349,81.93,42.9662839224,350.069827322,1.99878115941,257.927738925,46.9638462448,350,88,-92,0.0261798537751,"[1425464, array([ 4.20373768, -2.06990799,  1.83723362]), array([ 0.82104266, -0.42240725,  0.38400659])]"
232,75.81,27.7529998742,270.816534843,61.4207472501,169.143707079,6.28946915959,216,66,16,0.0261807764901,"[880838, array([ 3.70603794, -1.92093749,  1.86494207]), array([ 0.82104266, -0.42240725,  0.38400659])]"
345,88.19,38.4283198204,343.298400991,17.9546569002,233.642069834,46.0698072821,342,86,-108,0.0262321056094,"[1392876, array([ 3.87589174, -2.10096305,  1.92294138]), array([ 0.82104266, -0.42240725,  0.38400659])]"
214,69.55,32.3277977273,231.520644869,56.3540379785,334.236504091,8.33451632636,206,74,30,0.026258977989,"[841065, array([ 4.03749823, -1.97290471,  1.77477655]), array([ 0.82104266, -0.42240725,  0.38400659])]"
162,83.66,43.0293782015,173.994031119,0.347227956713,264.365984659,46.9685125457,164,2,-100,0.0263145379719,"[664420, array([ 4.11926873, -2.0803576 ,  2.05823343]), array([ 0.82104266, -0.42240725,  0.38400659])]"
253,84.55,41.4450668156,350.146058265,4.97137447817,254.578428129,48.1217219589,226,6,-34,0.0263653237315,"[915913, array([ 4.03591271, -2.20763551,  1.97942898]), array([ 0.82104266, -0.42240725,  0.38400659])]"
233,84.67,42.1535727755,352.069830294,2.876230323,258.904462069,47.7014834868,218,4,-44,0.0265223305279,"[883328, array([ 4.05875357, -2.14022652,  2.0434758 ]), array([ 0.82104266, -0.42240725,  0.38400659])]"
347,86.79,39.4278541888,344.99640162,13.9652040128,239.416942899,47.202258958,344,86,-104,0.0266213411003,"[1400978, array([ 3.9378489 , -2.16694374,  1.90553073]), array([ 0.82104266, -0.42240725,  0.38400659])]"
67,80.27,43.7718447523,173.962936259,3.84480905801,267.949427621,45.9703473589,100,4,-164,0.0266252639048,"[405368, array([ 4.2506251 , -2.05360146,  1.89173771]), array([ 0.82104266, -0.42240725,  0.38400659])]"
137,84.41,31.0359694743,-44.0697393098,45.963868638,192.903082212,27.7892554894,138,88,136,0.0266612327046,"[566978, array([ 3.74868542, -1.79566361,  1.75179013]), array([ 0.82104266, -0.42240725,  0.38400659])]"
29,74.74,42.3839549152,186.312996523,21.9436214032,295.766598203,39.5789166237,92,22,176,0.0266720577286,"[374758, array([ 4.21857049, -2.19101395,  2.12606703]), array([ 0.82104266, -0.42240725,  0.38400659])]"
2,76.19,43.8927424815,182.160642559,15.9599830538,286.959052042,41.7682121127,88,16,176,0.0266869780768,"[358018, array([ 4.30078326, -2.05779089,  1.98876033]), array([ 0.82104266, -0.42240725,  0.38400659])]"
87,80.67,42.6839297199,175.89863316,5.63694567383,271.923885611,46.7618644491,106,6,-160,0.0267978460089,"[429850, array([ 4.13064885, -2.25041292,  2.04288145]), array([ 0.82104266, -0.42240725,  0.38400659])]"
263,83.86,29.4921843262,-48.2086096796,49.8339538904,188.893610762,24.6285701187,228,50,4,0.0268271143898,"[927992, array([ 3.6670681 , -1.80719344,  1.80489684]), array([ 0.82104266, -0.42240725,  0.38400659])]"
301,86.54,37.5620944448,338.76763173,21.6487475166,225.762219234,44.5567287141,238,22,-10,0.0268565610475,"[965965, array([ 3.91673775, -2.11697546,  1.75261541]), array([ 0.82104266, -0.42240725,  0.38400659])]"
11,76.32,43.4515433712,184.20512845,17.9546569002,290.620110855,41.0909464285,90,18,176,0.0268720001295,"[366298, array([ 4.25373379, -2.09893948,  2.09633672]), array([ 0.82104266, -0.42240725,  0.38400659])]"
3,74.32,43.4515433712,182.20512845,17.9546569002,288.620110855,41.0909464285,88,18,176,0.0269312025891,"[358198, array([ 4.32311497, -2.10690545,  1.89967435]), array([ 0.82104266, -0.42240725,  0.38400659])]"
37,69.62,40.4910174989,188.919798291,29.8189506069,302.700869587,35.1287731551,92,30,174,0.0269515154991,"[375477, array([ 4.2676181 , -2.24679484,  1.86311868]), array([ 0.82104266, -0.42240725,  0.38400659])]"
164,83.73,43.0188176283,173.995189652,0.278290773502,264.293413087,46.9798274625,166,2,-98,0.0269582981761,"[672521, array([ 4.11703922, -2.07976676,  2.06105292]), array([ 0.82104266, -0.42240725,  0.38400659])]"
14,72.8,42.2915391351,182.128241067,19.9872968445,290.558225714,40.9972468964,90,20,178,0.0269899605909,"[366479, array([ 4.28009354, -2.25766813,  1.87057401]), array([ 0.82104266, -0.42240725,  0.38400659])]"
183,74.82,42.835538293,186.807834829,21.9858989571,295.954904834,39.0900430555,186,88,68,0.0270019151367,"[761344, array([ 4.25073012, -2.11977196,  2.11289991]), array([ 0.82104266, -0.42240725,  0.38400659])]"
44,76.67,42.5542095669,177.866966964,11.9332926274,280.064892473,44.9931415482,94,12,-174,0.0270081721486,"[381783, array([ 4.20214363, -2.31152848,  1.94740744]), array([ 0.82104266, -0.42240725,  0.38400659])]"
325,86.84,41.4922957852,348.23391699,9.60886734446,247.809452484,46.9039303604,242,10,-16,0.0270474846879,"[981082, array([ 4.03523336, -1.99048987,  1.98924733]), array([ 0.82104266, -0.42240725,  0.38400659])]"
338,88.53,34.137671103,331.34849405,33.9764608625,210.048784504,37.6284612071,330,88,-124,0.0270615665683,"[1344448, array([ 3.75726969, -1.85004234,  1.84927081]), array([ 0.82104266, -0.42240725,  0.38400659])]"
129,80.81,43.4112185089,171.983062954,1.23116765348,263.283582841,46.5622902654,134,2,-128,0.0272306714386,"[542906, array([ 4.23444457, -2.07232339,  1.85142954]), array([ 0.82104266, -0.42240725,  0.38400659])]"
117,82.56,43.6430484295,173.98263824,1.48615447677,265.539349257,46.3183698565,126,2,-138,0.0273845641091,"[510501, array([ 4.19126165, -2.01267591,  1.99094111]), array([ 0.82104266, -0.42240725,  0.38400659])]"
254,82.67,41.6106628305,348.141610894,5.08566917797,252.481960084,47.9363462806,226,6,-32,0.0273917818109,"[915914, array([ 4.11295021, -2.21501815,  1.82824455]), array([ 0.82104266, -0.42240725,  0.38400659])]"
119,79.24,26.6489526841,292.447131889,59.0478693204,176.747151827,14.5782737388,126,82,150,0.0273969857668,"[517845, array([ 3.58622708, -1.94057532,  1.79029081]), array([ 0.82104266, -0.42240725,  0.38400659])]"
70,78.67,42.5643377204,175.867901558,7.7608788378,274.092748388,46.3884524784,100,8,-166,0.0274140150742,"[405727, array([ 4.16829878, -2.3021701 ,  1.96177213]), array([ 0.82104266, -0.42240725,  0.38400659])]"
251,85.04,42.5623121138,352.066475262,3.23515870045,258.560224168,47.2545974248,226,4,-36,0.0274506297948,"[915732, array([ 4.08474417, -2.0538798 ,  2.04301745]), array([ 0.82104266, -0.42240725,  0.38400659])]"
286,83.22,42.4964837537,348.109532698,5.56167100268,252.12327818,46.9636933846,236,6,-22,0.0274552359786,"[956419, array([ 4.1733728 , -2.03554711,  1.82835776]), array([ 0.82104266, -0.42240725,  0.38400659])]"
204,69.45,36.0681014713,210.915810421,47.0421134842,324.018245551,20.070175894,200,80,42,0.0274732753292,"[817311, array([ 4.12866944, -2.03729236,  2.03878699]), array([ 0.82104266, -0.42240725,  0.38400659])]"
215,83.12,43.370346232,352.016600876,1.17541423184,260.773123873,46.6055052201,208,2,-54,0.0275275311801,"[842643, array([ 4.18541935, -1.99857389,  1.94459836]), array([ 0.82104266, -0.42240725,  0.38400659])]"
326,85.0,41.8097395515,346.207290145,9.70004098525,245.808901353,46.5578737013,242,10,-14,0.0275763127708,"[981083, array([ 4.12263001, -1.97812243,  1.8484577 ]), array([ 0.82104266, -0.42240725,  0.38400659])]"
166,83.8,43.0105917347,173.996371601,0.20901493779,264.220425197,46.9886439409,168,2,-96,0.0276135983144,"[680622, array([ 4.11499256, -2.07875001,  2.06378061]), array([ 0.82104266, -0.42240725,  0.38400659])]"
281,85.64,33.8869628028,326.471606274,35.9746455315,204.755882922,35.9137385306,234,36,-2,0.027617186757,"[951029, array([ 3.84629031, -1.91851985,  1.66246828]), array([ 0.82104266, -0.42240725,  0.38400659])]"
60,78.42,43.2633005831,173.925941029,5.82114904839,270.017257456,46.1465556817,98,6,-166,0.0276292137028,"[397447, array([ 4.25111807, -2.17815178,  1.83372884]), array([ 0.82104266, -0.42240725,  0.38400659])]"
282,87.91,31.7921990343,329.071052852,37.8910371308,204.661323369,35.9851407298,234,38,-4,0.0276525141743,"[951208, array([ 3.63646248, -1.98601481,  1.80019242]), array([ 0.82104266, -0.42240725,  0.38400659])]"
190,69.13,40.0039467201,196.342955507,35.7722866088,310.577394285,29.6707266264,192,84,54,0.0276646156127,"[785277, array([ 4.29302455, -2.07532625,  1.89794613]), array([ 0.82104266, -0.42240725,  0.38400659])]"
284,87.81,31.722971252,326.61006853,39.9707191482,202.349134015,33.8856852312,234,40,-2,0.0276961372055,"[951389, array([ 3.65593096, -1.86698195,  1.84152796]), array([ 0.82104266, -0.42240725,  0.38400659])]"
38,69.41,40.6782108058,191.409691577,31.6522310995,305.19722413,33.1964293603,92,32,172,0.0277168687486,"[375656, array([ 4.30125436, -2.14936359,  1.85753087]), array([ 0.82104266, -0.42240725,  0.38400659])]"
249,80.29,29.6857421435,-59.447092903,53.2394565423,182.02622802,19.6340510756,224,54,8,0.0277282067214,"[912154, array([ 3.78345031, -1.81709786,  1.69078573]), array([ 0.82104266, -0.42240725,  0.38400659])]"
216,82.27,41.7986924091,350.067774458,2.46140297652,257.322239357,48.0949904096,208,4,-52,0.027829993743,"[842824, array([ 4.10471952, -2.25611992,  1.8853642 ]), array([ 0.82104266, -0.42240725,  0.38400659])]"
228,84.57,42.0595533251,352.06982435,2.77746458363,259.002278156,47.8052325746,216,4,-46,0.0278676375942,"[875227, array([ 4.05289478, -2.16063338,  2.04305872]), array([ 0.82104266, -0.42240725,  0.38400659])]"
309,88.56,34.9962027231,332.713727865,31.912828613,212.73681429,38.7408540273,238,32,-4,0.0279005482519,"[966868, array([ 3.79830762, -1.84482857,  1.84683943]), array([ 0.82104266, -0.42240725,  0.38400659])]"
90,82.43,43.3857458646,175.951421674,3.70831195701,269.850480736,46.3742516734,108,4,-158,0.0279805517365,"[437771, array([ 4.14763394, -2.09126913,  2.08043087]), array([ 0.82104266, -0.42240725,  0.38400659])]"
100,71.68,30.6961863694,249.163817504,59.279539483,341.024217055,1.10519183874,112,68,158,0.0279812211801,"[459889, array([ 3.95377726, -1.91587472,  1.73991422]), array([ 0.82104266, -0.42240725,  0.38400659])]"
302,87.85,36.5862281216,338.924542174,23.6130288381,223.859808651,44.1002944577,238,24,-10,0.028004952067,"[966145, array([ 3.82674937, -2.11793772,  1.81997249]), array([ 0.82104266, -0.42240725,  0.38400659])]"
270,83.35,43.0179531717,350.057964295,3.53115712308,256.294898203,46.7642299272,232,4,-28,0.0280266807099,"[940036, array([ 4.18201691, -1.99844736,  1.89023018]), array([ 0.82104266, -0.42240725,  0.38400659])]"
196,67.16,35.7908106944,204.200884811,45.4255620344,319.496556197,22.8305520012,196,82,44,0.0280379051743,"[801292, array([ 4.14922137, -2.19032364,  1.80824995]), array([ 0.82104266, -0.42240725,  0.38400659])]"
300,85.64,39.2394602778,342.540710611,15.5125682076,235.457385019,46.6243376692,238,16,-14,0.0280422583459,"[965423, array([ 3.98423126, -2.16648368,  1.78926818]), array([ 0.82104266, -0.42240725,  0.38400659])]"
85,82.37,43.5125991758,175.955046497,3.7584127094,269.888620756,46.2409347131,106,4,-160,0.0280658385287,"[429670, array([ 4.15923192, -2.07124702,  2.07205451]), array([ 0.82104266, -0.42240725,  0.38400659])]"
115,81.13,42.3516220038,173.931177021,3.06314827421,267.277244803,47.4841130093,124,4,-140,0.0281370836361,"[502580, array([ 4.11699044, -2.27574153,  1.98973335]), array([ 0.82104266, -0.42240725,  0.38400659])]"
43,78.52,42.9531019447,179.910937452,11.9703351884,281.970770616,44.5804534225,94,12,-176,0.0281877473823,"[381782, array([ 4.16957244, -2.23179169,  2.10074029]), array([ 0.82104266, -0.42240725,  0.38400659])]"
168,83.86,43.004709603,173.997571211,0.139484754945,264.147124333,46.9949500013,170,2,-94,0.0282780431959,"[688723, array([ 4.11313102, -2.07730851,  2.0664143 ]), array([ 0.82104266, -0.42240725,  0.38400659])]"
81,78.67,42.6839297199,173.89863316,5.63694567383,269.923885611,46.7618644491,104,6,-160,0.0282791079439,"[421750, array([ 4.19838319, -2.27308976,  1.87202316]), array([ 0.82104266, -0.42240725,  0.38400659])]"
179,74.51,43.5301292724,184.727753509,19.9872968445,292.332886971,39.7456464548,184,88,70,0.0283013881876,"[753245, array([ 4.3175944 , -2.05670976,  1.98140076]), array([ 0.82104266, -0.42240725,  0.38400659])]"
71,69.55,36.6519066667,207.013439503,44.7182037974,321.446579529,22.6712668682,100,46,168,0.0283805298222,"[409314, array([ 4.12994945, -2.08660725,  2.07580946]), array([ 0.82104266, -0.42240725,  0.38400659])]"
218,71.29,30.9314217571,235.402154345,58.075289123,336.991877061,7.13465511542,208,74,28,0.0284308645327,"[849164, array([ 3.90426779, -1.98967815,  1.96921365]), array([ 0.82104266, -0.42240725,  0.38400659])]"
200,69.16,35.7908106944,206.200884811,45.4255620344,321.496556197,22.8305520012,198,82,44,0.0284377103138,"[809392, array([ 4.0822398 , -2.16699137,  2.06398299]), array([ 0.82104266, -0.42240725,  0.38400659])]"
26,74.8,42.2922587643,179.91947059,15.9899919647,285.616881792,43.3550081224,92,16,-178,0.0284935989335,"[374041, array([ 4.22290353, -2.32255319,  1.93421306]), array([ 0.82104266, -0.42240725,  0.38400659])]"
18,80.16,44.0676471996,175.967193391,5.96701169086,272.032989302,45.3130093969,92,6,-174,0.0285968026708,"[373143, array([ 4.25453682, -2.0250018 ,  1.95214417]), array([ 0.82104266, -0.42240725,  0.38400659])]"
342,88.96,36.5180039407,339.778896622,23.9378745766,224.464293643,43.925774901,338,86,-114,0.0286365973804,"[1376673, array([ 3.79135627, -2.06374179,  1.89214499]), array([ 0.82104266, -0.42240725,  0.38400659])]"
114,82.51,43.6945413492,173.982807462,1.53196029964,265.58451341,46.2644660055,124,2,-140,0.0287284396894,"[502400, array([ 4.1962443 , -2.00524895,  1.98691733]), array([ 0.82104266, -0.42240725,  0.38400659])]"
130,82.8,30.1812818315,-50.7522155607,49.8339538904,187.688449811,23.8339274775,134,86,140,0.0287330141707,"[550600, array([ 3.74656857, -1.7848372 ,  1.75280911]), array([ 0.82104266, -0.42240725,  0.38400659])]"
94,82.5,43.2609286161,175.948034142,3.65368998384,269.807176185,46.5060208339,110,4,-156,0.0287395595049,"[445872, array([ 4.13603418, -2.1107899 ,  2.08879758]), array([ 0.82104266, -0.42240725,  0.38400659])]"
61,80.46,43.0892296536,177.903736535,7.87768425701,276.093275649,45.8331643871,98,8,-170,0.028749912546,"[397625, array([ 4.14728061, -2.19662856,  2.09982848]), array([ 0.82104266, -0.42240725,  0.38400659])]"
125,80.76,43.453988337,171.982809281,1.28542199042,263.338527023,46.5171370006,132,2,-130,0.0287950646309,"[534805, array([ 4.23881803, -2.06648876,  1.84751929]), array([ 0.82104266, -0.42240725,  0.38400659])]"
340,87.9,35.9671790815,333.154309862,29.9798507651,214.710475469,39.5444805722,332,88,-120,0.0288200538865,"[1352550, array([ 3.86971308, -1.84210264,  1.8046886 ]), array([ 0.82104266, -0.42240725,  0.38400659])]"
170,83.93,43.0011777256,173.998782643,0.0697848368644,264.073614469,46.9987370709,172,2,-92,0.028950276925,"[696824, array([ 4.11145658, -2.07544387,  2.06895186]), array([ 0.82104266, -0.42240725,  0.38400659])]"
341,88.46,35.779676047,337.948594353,25.9319470342,220.877524133,43.1036658534,336,86,-116,0.0289681474826,"[1368572, array([ 3.77805413, -2.08963709,  1.83861587]), array([ 0.82104266, -0.42240725,  0.38400659])]"
220,72.01,28.0622376328,247.410346183,61.8607804236,340.99432722,1.9148584987,210,72,22,0.0289893941494,"[857081, array([ 3.75252196, -2.07352221,  1.83199049]), array([ 0.82104266, -0.42240725,  0.38400659])]"
34,72.71,42.1086818957,191.044033237,27.7039250011,302.886830699,35.3196450075,92,28,172,0.0289988184686,"[375296, array([ 4.27767591, -2.07200492,  2.0819104 ]), array([ 0.82104266, -0.42240725,  0.38400659])]"
334,88.95,38.2251191505,340.619177982,21.7748936299,228.072690409,43.8269919409,242,22,-8,0.029007591563,"[982166, array([ 3.8973802 , -1.90326675,  1.91553283]), array([ 0.82104266, -0.42240725,  0.38400659])]"
78,82.32,43.6413469803,175.958890942,3.80393046081,269.921599394,46.1062423331,104,4,-162,0.0290275317706,"[421569, array([ 4.17080985, -2.05074619,  2.06368057]), array([ 0.82104266, -0.42240725,  0.38400659])]"
0,78.14,44.1360294638,178.0,10.0,277.851076117,44.1360294638,88,10,-180,0.0291589316342,"[357300, array([ 4.29064516, -2.04524047,  1.93288113]), array([ 0.82104266, -0.42240725,  0.38400659])]"
213,69.29,30.9314217571,233.402154345,58.075289123,334.991877061,7.13465511542,206,74,28,0.0291632333134,"[841064, array([ 3.96721106, -2.05217223,  1.70698278]), array([ 0.82104266, -0.42240725,  0.38400659])]"
332,89.15,38.4965214801,342.627584138,19.6834980794,231.707077775,44.9475293618,242,20,-10,0.0291752894632,"[981985, array([ 3.87913159, -1.96429143,  1.95586995]), array([ 0.82104266, -0.42240725,  0.38400659])]"
250,81.76,27.1734393215,303.355050466,55.5374285045,182.25498936,19.5198015319,224,56,6,0.0292256819538,"[912333, array([ 3.56544728, -1.90426312,  1.80372036]), array([ 0.82104266, -0.42240725,  0.38400659])]"
4,78.2,43.896715002,175.960819194,7.98038523789,274.019376564,44.998641734,90,8,-176,0.0292442247731,"[365222, array([ 4.28736768, -2.08245286,  1.87133596]), array([ 0.82104266, -0.42240725,  0.38400659])]"
