Index,Strike,Dip,Rake,Misfit,Extra
67,46,38,148,0.00691430614369,"[35, 'NewGudkova', 189884, array([-0.97514888,  0.74841281, -0.28139319]), array([-0.77340972,  0.59088503, -0.22954801])]"
110,52,50,164,0.00757638588445,"[35, 'NewGudkova', 215272, array([-0.97208355,  0.75291567, -0.29517149]), array([-0.77340972,  0.59088503, -0.22954801])]"
100,50,78,-168,0.00793451809323,"[35, 'NewGudkova', 209526, array([-0.97277117,  0.75077937, -0.28160064]), array([-0.77340972,  0.59088503, -0.22954801])]"
131,52,70,-176,0.01497614479,"[35, 'NewGudkova', 216902, array([-0.97158254,  0.7548426 , -0.27369915]), array([-0.77340972,  0.59088503, -0.22954801])]"
63,44,36,144,0.0159980116129,"[35, 'NewGudkova', 181602, array([-0.9744939 ,  0.77015321, -0.29165109]), array([-0.77340972,  0.59088503, -0.22954801])]"
3,2,24,86,0.0185979783285,"[35, 'NewGudkova', 10393, array([-0.98146786,  0.72170567, -0.28071823]), array([-0.77340972,  0.59088503, -0.22954801])]"
194,170,68,68,0.0205761629546,"[35, 'NewGudkova', 694744, array([-0.97831558,  0.71527396, -0.28774926]), array([-0.77340972,  0.59088503, -0.22954801])]"
39,30,28,122,0.0253459207004,"[35, 'NewGudkova', 124171, array([-0.9763331 ,  0.77770924, -0.31554589]), array([-0.77340972,  0.59088503, -0.22954801])]"
59,42,34,140,0.0254589712758,"[35, 'NewGudkova', 173320, array([-0.9748672 ,  0.75505012, -0.32307989]), array([-0.77340972,  0.59088503, -0.22954801])]"
29,24,26,114,0.0265789555803,"[35, 'NewGudkova', 99687, array([-0.97957093,  0.71476742, -0.30623484]), array([-0.77340972,  0.59088503, -0.22954801])]"
6,4,24,88,0.0296172808019,"[35, 'NewGudkova', 18494, array([-0.98056458,  0.72473467, -0.32030564]), array([-0.77340972,  0.59088503, -0.22954801])]"
147,144,88,26,0.0308376941068,"[35, 'NewGudkova', 591223, array([-0.96899796,  0.77922954, -0.31854843]), array([-0.77340972,  0.59088503, -0.22954801])]"
26,22,26,112,0.0345427140126,"[35, 'NewGudkova', 91586, array([-0.97844486,  0.7794963 , -0.25792345]), array([-0.77340972,  0.59088503, -0.22954801])]"
84,48,84,-162,0.034632338477,"[35, 'NewGudkova', 201969, array([-0.9719286 ,  0.78155122, -0.32707159]), array([-0.77340972,  0.59088503, -0.22954801])]"
163,152,78,40,0.0352731766268,"[35, 'NewGudkova', 622730, array([-0.96939113,  0.79768987, -0.29986255]), array([-0.77340972,  0.59088503, -0.22954801])]"
205,178,66,80,0.0361588735546,"[35, 'NewGudkova', 726970, array([-0.97861356,  0.77811333, -0.25446806]), array([-0.77340972,  0.59088503, -0.22954801])]"
77,48,40,152,0.0368181168771,"[35, 'NewGudkova', 198166, array([-0.97672349,  0.69195081, -0.29669532]), array([-0.77340972,  0.59088503, -0.22954801])]"
11,8,24,94,0.0377411440896,"[35, 'NewGudkova', 34697, array([-0.98204687,  0.70679528, -0.25306028]), array([-0.77340972,  0.59088503, -0.22954801])]"
160,150,80,38,0.0384315700157,"[35, 'NewGudkova', 614809, array([-0.9738729 ,  0.73690673, -0.23924374]), array([-0.77340972,  0.59088503, -0.22954801])]"
13,10,24,96,0.0394470478413,"[35, 'NewGudkova', 42798, array([-0.98178304,  0.69005996, -0.29298886]), array([-0.77340972,  0.59088503, -0.22954801])]"
1,0,24,84,0.0431005919387,"[35, 'NewGudkova', 2292, array([-0.98242751,  0.71302989, -0.24080029]), array([-0.77340972,  0.59088503, -0.22954801])]"
134,52,72,-174,0.0441707861007,"[35, 'NewGudkova', 217083, array([-0.97135196,  0.74375414, -0.34619901]), array([-0.77340972,  0.59088503, -0.22954801])]"
156,148,82,34,0.0447828863915,"[35, 'NewGudkova', 606887, array([-0.97022063,  0.79006493, -0.25184808]), array([-0.77340972,  0.59088503, -0.22954801])]"
91,50,44,156,0.0463224935912,"[35, 'NewGudkova', 206628, array([-0.97011578,  0.78723053, -0.3433686 ]), array([-0.77340972,  0.59088503, -0.22954801])]"
184,164,70,58,0.0474888569624,"[35, 'NewGudkova', 670619, array([-0.97176228,  0.78997548, -0.34530259]), array([-0.77340972,  0.59088503, -0.22954801])]"
92,50,44,158,0.0479294590102,"[35, 'NewGudkova', 206629, array([-0.977488  ,  0.68440462, -0.24946668]), array([-0.77340972,  0.59088503, -0.22954801])]"
74,46,88,-158,0.0488281506963,"[35, 'NewGudkova', 194231, array([-0.9708651 ,  0.82195866, -0.29782404]), array([-0.77340972,  0.59088503, -0.22954801])]"
113,52,52,166,0.0495606191879,"[35, 'NewGudkova', 215453, array([-0.9714919 ,  0.78376779, -0.23920378]), array([-0.77340972,  0.59088503, -0.22954801])]"
185,164,70,60,0.05018202277,"[35, 'NewGudkova', 670620, array([-0.97740765,  0.74204098, -0.22523501]), array([-0.77340972,  0.59088503, -0.22954801])]"
177,160,72,52,0.0505254622621,"[35, 'NewGudkova', 654596, array([-0.96986602,  0.81013646, -0.33536954]), array([-0.77340972,  0.59088503, -0.22954801])]"
166,154,76,44,0.0515824865551,"[35, 'NewGudkova', 630652, array([-0.97150709,  0.79676935, -0.24500514]), array([-0.77340972,  0.59088503, -0.22954801])]"
178,160,72,54,0.0544974878226,"[35, 'NewGudkova', 654597, array([-0.97612652,  0.75033763, -0.22047   ]), array([-0.77340972,  0.59088503, -0.22954801])]"
52,38,32,134,0.0554340397445,"[35, 'NewGudkova', 156937, array([-0.97323099,  0.83384948, -0.28920341]), array([-0.77340972,  0.59088503, -0.22954801])]"
48,36,30,130,0.0564359472401,"[35, 'NewGudkova', 148655, array([-0.97619937,  0.72815657, -0.35936896]), array([-0.77340972,  0.59088503, -0.22954801])]"
202,176,66,76,0.0565258873603,"[35, 'NewGudkova', 718868, array([-0.97433694,  0.8366862 , -0.31718035]), array([-0.77340972,  0.59088503, -0.22954801])]"
75,46,88,-156,0.057024535478,"[35, 'NewGudkova', 194232, array([-0.97744108,  0.70266271, -0.34772049]), array([-0.77340972,  0.59088503, -0.22954801])]"
8,6,24,90,0.0581681879438,"[35, 'NewGudkova', 26595, array([-0.97972002,  0.72210979, -0.35967848]), array([-0.77340972,  0.59088503, -0.22954801])]"
148,144,88,28,0.058866812238,"[35, 'NewGudkova', 591224, array([-0.97686591,  0.66374663, -0.25018646]), array([-0.77340972,  0.59088503, -0.22954801])]"
45,34,30,128,0.0595899093786,"[35, 'NewGudkova', 140554, array([-0.97370256,  0.84151596, -0.29009665]), array([-0.77340972,  0.59088503, -0.22954801])]"
159,150,80,36,0.0602796336421,"[35, 'NewGudkova', 614808, array([-0.96612696,  0.82967887, -0.33223485]), array([-0.77340972,  0.59088503, -0.22954801])]"
174,158,74,50,0.0609462318396,"[35, 'NewGudkova', 646675, array([-0.97665783,  0.66781656, -0.32100696]), array([-0.77340972,  0.59088503, -0.22954801])]"
9,6,24,92,0.0616956455706,"[35, 'NewGudkova', 26596, array([-0.98235862,  0.71790304, -0.21331202]), array([-0.77340972,  0.59088503, -0.22954801])]"
128,52,68,-178,0.0617842089977,"[35, 'NewGudkova', 216721, array([-0.97153473,  0.76834925, -0.21523091]), array([-0.77340972,  0.59088503, -0.22954801])]"
107,52,48,162,0.0620511223336,"[35, 'NewGudkova', 215091, array([-0.97275617,  0.71078657, -0.35968887]), array([-0.77340972,  0.59088503, -0.22954801])]"
191,168,68,64,0.0660206978411,"[35, 'NewGudkova', 686642, array([-0.97099126,  0.84869618, -0.32627108]), array([-0.77340972,  0.59088503, -0.22954801])]"
49,36,30,132,0.0665615712321,"[35, 'NewGudkova', 148656, array([-0.98140203,  0.6711036 , -0.22789305]), array([-0.77340972,  0.59088503, -0.22954801])]"
15,12,24,98,0.0678627903998,"[35, 'NewGudkova', 50899, array([-0.98155775,  0.66772858, -0.333207  ]), array([-0.77340972,  0.59088503, -0.22954801])]"
204,178,66,78,0.0693869784765,"[35, 'NewGudkova', 726969, array([-0.97492514,  0.78656805, -0.38218226]), array([-0.77340972,  0.59088503, -0.22954801])]"
164,152,78,42,0.0703890845094,"[35, 'NewGudkova', 622731, array([-0.97647102,  0.71155062, -0.20096871]), array([-0.77340972,  0.59088503, -0.22954801])]"
54,40,32,136,0.0733428397641,"[35, 'NewGudkova', 165038, array([-0.9761943 ,  0.70180886, -0.37108798]), array([-0.77340972,  0.59088503, -0.22954801])]"
60,42,34,142,0.0785053938145,"[35, 'NewGudkova', 173321, array([-0.98063182,  0.68158622, -0.20090744]), array([-0.77340972,  0.59088503, -0.22954801])]"
55,40,32,138,0.0800021361927,"[35, 'NewGudkova', 165039, array([-0.98180698,  0.63559357, -0.24520497]), array([-0.77340972,  0.59088503, -0.22954801])]"
23,20,26,108,0.0802532898424,"[35, 'NewGudkova', 83484, array([-0.97329991,  0.865966  , -0.35528542]), array([-0.77340972,  0.59088503, -0.22954801])]"
36,28,28,120,0.0812892884978,"[35, 'NewGudkova', 116070, array([-0.97434426,  0.86676058, -0.25851994]), array([-0.77340972,  0.59088503, -0.22954801])]"
94,50,46,158,0.081601574342,"[35, 'NewGudkova', 206809, array([-0.96848658,  0.85870005, -0.25162765]), array([-0.77340972,  0.59088503, -0.22954801])]"
42,32,28,126,0.0820472965091,"[35, 'NewGudkova', 132273, array([-0.98285101,  0.63580339, -0.23929158]), array([-0.77340972,  0.59088503, -0.22954801])]"
0,0,24,82,0.0825727666029,"[35, 'NewGudkova', 2291, array([-0.98003131,  0.70788268, -0.38729671]), array([-0.77340972,  0.59088503, -0.22954801])]"
41,32,28,124,0.0833491951071,"[35, 'NewGudkova', 132272, array([-0.97807024,  0.6834556 , -0.37459836]), array([-0.77340972,  0.59088503, -0.22954801])]"
192,168,68,66,0.083977105092,"[35, 'NewGudkova', 686643, array([-0.97600771,  0.81336578, -0.20324503]), array([-0.77340972,  0.59088503, -0.22954801])]"
76,48,40,150,0.0843363131472,"[35, 'NewGudkova', 198165, array([-0.96940907,  0.78429134, -0.40160128]), array([-0.77340972,  0.59088503, -0.22954801])]"
25,22,26,110,0.0845116208467,"[35, 'NewGudkova', 91585, array([-0.9740513 ,  0.80947414, -0.40057286]), array([-0.77340972,  0.59088503, -0.22954801])]"
132,52,70,-174,0.0847096402631,"[35, 'NewGudkova', 216903, array([-0.9791594 ,  0.62179606, -0.26443801]), array([-0.77340972,  0.59088503, -0.22954801])]"
103,50,80,-166,0.0868929418421,"[35, 'NewGudkova', 209707, array([-0.9714894 ,  0.75664262, -0.40539457]), array([-0.77340972,  0.59088503, -0.22954801])]"
111,52,50,166,0.086922611566,"[35, 'NewGudkova', 215273, array([-0.97943849,  0.63744887, -0.21952081]), array([-0.77340972,  0.59088503, -0.22954801])]"
165,154,76,42,0.0873033054475,"[35, 'NewGudkova', 630651, array([-0.96391337,  0.87468684, -0.34867707]), array([-0.77340972,  0.59088503, -0.22954801])]"
66,46,38,146,0.0877185346272,"[35, 'NewGudkova', 189883, array([-0.96791273,  0.8346344 , -0.3928213 ]), array([-0.77340972,  0.59088503, -0.22954801])]"
133,52,72,-176,0.0879067059025,"[35, 'NewGudkova', 217082, array([-0.96271131,  0.87490284, -0.34816616]), array([-0.77340972,  0.59088503, -0.22954801])]"
40,30,28,124,0.0880253777106,"[35, 'NewGudkova', 124172, array([-0.98075084,  0.73234344, -0.177803  ]), array([-0.77340972,  0.59088503, -0.22954801])]"
101,50,78,-166,0.0880279526166,"[35, 'NewGudkova', 209527, array([-0.979851  ,  0.62022604, -0.29920548]), array([-0.77340972,  0.59088503, -0.22954801])]"
80,48,42,154,0.0881081004566,"[35, 'NewGudkova', 198347, array([-0.97432441,  0.79338671, -0.18851926]), array([-0.77340972,  0.59088503, -0.22954801])]"
153,146,86,30,0.0882328196141,"[35, 'NewGudkova', 599145, array([-0.97411757,  0.66821673, -0.37160995]), array([-0.77340972,  0.59088503, -0.22954801])]"
81,48,82,-164,0.0883204120027,"[35, 'NewGudkova', 201788, array([-0.97346938,  0.76217013, -0.17935407]), array([-0.77340972,  0.59088503, -0.22954801])]"
116,52,54,168,0.0886198045715,"[35, 'NewGudkova', 215634, array([-0.97103024,  0.80435074, -0.19297689]), array([-0.77340972,  0.59088503, -0.22954801])]"
24,20,26,110,0.0888797678784,"[35, 'NewGudkova', 83485, array([-0.97724446,  0.83872747, -0.21099434]), array([-0.77340972,  0.59088503, -0.22954801])]"
10,8,24,92,0.0891254406977,"[35, 'NewGudkova', 34696, array([-0.97893321,  0.71383479, -0.3989527 ]), array([-0.77340972,  0.59088503, -0.22954801])]"
85,48,84,-160,0.0900405551912,"[35, 'NewGudkova', 201970, array([-0.97862141,  0.65696025, -0.36409961]), array([-0.77340972,  0.59088503, -0.22954801])]"
109,52,50,162,0.0908801545192,"[35, 'NewGudkova', 215271, array([-0.96354426,  0.86746516, -0.37046255]), array([-0.77340972,  0.59088503, -0.22954801])]"
79,48,42,152,0.0910473611352,"[35, 'NewGudkova', 198346, array([-0.96694362,  0.89114585, -0.29028524]), array([-0.77340972,  0.59088503, -0.22954801])]"
99,50,78,-170,0.0913617227608,"[35, 'NewGudkova', 209525, array([-0.96450617,  0.880418  , -0.26365273]), array([-0.77340972,  0.59088503, -0.22954801])]"
130,52,70,-178,0.0917359196578,"[35, 'NewGudkova', 216901, array([-0.96282197,  0.88696949, -0.28262683]), array([-0.77340972,  0.59088503, -0.22954801])]"
7,4,24,90,0.0919608966971,"[35, 'NewGudkova', 18495, array([-0.98272446,  0.72336256, -0.17363118]), array([-0.77340972,  0.59088503, -0.22954801])]"
31,26,26,116,0.0929071736337,"[35, 'NewGudkova', 107788, array([-0.98058504,  0.64466741, -0.35597979]), array([-0.77340972,  0.59088503, -0.22954801])]"
150,146,84,30,0.0930910357393,"[35, 'NewGudkova', 598965, array([-0.96550729,  0.86633044, -0.23557792]), array([-0.77340972,  0.59088503, -0.22954801])]"
155,148,82,32,0.0932090781443,"[35, 'NewGudkova', 606886, array([-0.96180004,  0.88868016, -0.33827315]), array([-0.77340972,  0.59088503, -0.22954801])]"
82,48,82,-162,0.0933983444438,"[35, 'NewGudkova', 201789, array([-0.98042691,  0.63383485, -0.21066381]), array([-0.77340972,  0.59088503, -0.22954801])]"
193,170,68,66,0.0934140074008,"[35, 'NewGudkova', 694743, array([-0.9731315 ,  0.74610769, -0.41319596]), array([-0.77340972,  0.59088503, -0.22954801])]"
18,14,24,102,0.0934398928858,"[35, 'NewGudkova', 59001, array([-0.9846606 ,  0.62359821, -0.22987053]), array([-0.77340972,  0.59088503, -0.22954801])]"
97,50,76,-170,0.094310583179,"[35, 'NewGudkova', 209345, array([-0.97333217,  0.75286464, -0.17025226]), array([-0.77340972,  0.59088503, -0.22954801])]"
64,44,36,146,0.095471875642,"[35, 'NewGudkova', 181603, array([-0.98041278,  0.68965303, -0.17420795]), array([-0.77340972,  0.59088503, -0.22954801])]"
203,176,66,78,0.0956973215467,"[35, 'NewGudkova', 718869, array([-0.97783361,  0.82287734, -0.19035281]), array([-0.77340972,  0.59088503, -0.22954801])]"
188,166,70,62,0.0967601822157,"[35, 'NewGudkova', 678721, array([-0.98011091,  0.61789828, -0.32551734]), array([-0.77340972,  0.59088503, -0.22954801])]"
112,52,52,164,0.0977487763697,"[35, 'NewGudkova', 215452, array([-0.96288403,  0.90207149, -0.30896316]), array([-0.77340972,  0.59088503, -0.22954801])]"
16,12,24,100,0.0979016116681,"[35, 'NewGudkova', 50900, array([-0.98440698,  0.65424002, -0.188348  ]), array([-0.77340972,  0.59088503, -0.22954801])]"
129,52,68,-176,0.0982922924735,"[35, 'NewGudkova', 216722, array([-0.97919328,  0.63481516, -0.19896006]), array([-0.77340972,  0.59088503, -0.22954801])]"
169,156,74,46,0.0983440536795,"[35, 'NewGudkova', 638573, array([-0.96537608,  0.90024002, -0.28004122]), array([-0.77340972,  0.59088503, -0.22954801])]"
124,52,66,-180,0.0987389955461,"[35, 'NewGudkova', 216540, array([-0.9713238 ,  0.78278103, -0.17098718]), array([-0.77340972,  0.59088503, -0.22954801])]"
83,48,84,-164,0.100270100396,"[35, 'NewGudkova', 201968, array([-0.96405163,  0.90518999, -0.28964508]), array([-0.77340972,  0.59088503, -0.22954801])]"
62,44,36,142,0.100383144249,"[35, 'NewGudkova', 181601, array([-0.96738775,  0.84971508, -0.40873889]), array([-0.77340972,  0.59088503, -0.22954801])]"
21,18,26,106,0.10080897691,"[35, 'NewGudkova', 75383, array([-0.9725284 ,  0.91678287, -0.31115635]), array([-0.77340972,  0.59088503, -0.22954801])]"
108,52,48,164,0.100828878001,"[35, 'NewGudkova', 215092, array([-0.98004933,  0.59944344, -0.27884486]), array([-0.77340972,  0.59088503, -0.22954801])]"
95,50,46,160,0.100854547563,"[35, 'NewGudkova', 206810, array([-0.97594267,  0.75096477, -0.16201524]), array([-0.77340972,  0.59088503, -0.22954801])]"
102,50,80,-168,0.101154135819,"[35, 'NewGudkova', 209706, array([-0.96345177,  0.88341595, -0.38111882]), array([-0.77340972,  0.59088503, -0.22954801])]"
157,148,82,36,0.101396979295,"[35, 'NewGudkova', 606888, array([-0.97745915,  0.69048713, -0.16511617]), array([-0.77340972,  0.59088503, -0.22954801])]"
200,174,66,74,0.101676936538,"[35, 'NewGudkova', 710767, array([-0.97313073,  0.8969712 , -0.24747986]), array([-0.77340972,  0.59088503, -0.22954801])]"
72,46,86,-158,0.104304335493,"[35, 'NewGudkova', 194051, array([-0.97985844,  0.6597736 , -0.17298512]), array([-0.77340972,  0.59088503, -0.22954801])]"
53,38,32,136,0.104590522877,"[35, 'NewGudkova', 156938, array([-0.9785861 ,  0.76932008, -0.1600969 ]), array([-0.77340972,  0.59088503, -0.22954801])]"
30,24,26,116,0.104981939235,"[35, 'NewGudkova', 99688, array([-0.98319954,  0.68124736, -0.16500314]), array([-0.77340972,  0.59088503, -0.22954801])]"
114,52,52,168,0.105158896269,"[35, 'NewGudkova', 215454, array([-0.97891614,  0.66450919, -0.16915298]), array([-0.77340972,  0.59088503, -0.22954801])]"
17,14,24,100,0.105535805893,"[35, 'NewGudkova', 59000, array([-0.9813585 ,  0.63984345, -0.3738188 ]), array([-0.77340972,  0.59088503, -0.22954801])]"
195,170,68,70,0.106476641073,"[35, 'NewGudkova', 694745, array([-0.98230772,  0.68356877, -0.16195198]), array([-0.77340972,  0.59088503, -0.22954801])]"
68,46,38,150,0.106594299648,"[35, 'NewGudkova', 189885, array([-0.98119696,  0.6612794 , -0.16962224]), array([-0.77340972,  0.59088503, -0.22954801])]"
151,146,84,32,0.106757297273,"[35, 'NewGudkova', 598966, array([-0.97344699,  0.76174635, -0.15590391]), array([-0.77340972,  0.59088503, -0.22954801])]"
198,172,68,72,0.107223862115,"[35, 'NewGudkova', 702846, array([-0.98403564,  0.59897346, -0.23625731]), array([-0.77340972,  0.59088503, -0.22954801])]"
32,26,26,118,0.107261004496,"[35, 'NewGudkova', 107789, array([-0.98461886,  0.60863516, -0.21661962]), array([-0.77340972,  0.59088503, -0.22954801])]"
135,52,72,-172,0.107563685764,"[35, 'NewGudkova', 217084, array([-0.97880917,  0.61169929, -0.34381008]), array([-0.77340972,  0.59088503, -0.22954801])]"
2,2,24,84,0.108067163646,"[35, 'NewGudkova', 10392, array([-0.97859264,  0.71936805, -0.42719183]), array([-0.77340972,  0.59088503, -0.22954801])]"
197,172,68,70,0.10841096205,"[35, 'NewGudkova', 702845, array([-0.97985647,  0.6257399 , -0.36422568]), array([-0.77340972,  0.59088503, -0.22954801])]"
162,152,78,38,0.108735939158,"[35, 'NewGudkova', 622729, array([-0.96113019,  0.88285726, -0.39839105]), array([-0.77340972,  0.59088503, -0.22954801])]"
146,144,88,24,0.108929009125,"[35, 'NewGudkova', 591222, array([-0.95994944,  0.89376308, -0.38652229]), array([-0.77340972,  0.59088503, -0.22954801])]"
199,174,66,72,0.10919095434,"[35, 'NewGudkova', 710766, array([-0.96863008,  0.91486124, -0.37270548]), array([-0.77340972,  0.59088503, -0.22954801])]"
137,52,74,-172,0.109401971686,"[35, 'NewGudkova', 217264, array([-0.97071426,  0.73652873, -0.43235975]), array([-0.77340972,  0.59088503, -0.22954801])]"
173,158,74,48,0.110092373971,"[35, 'NewGudkova', 646674, array([-0.96971479,  0.73614946, -0.43295201]), array([-0.77340972,  0.59088503, -0.22954801])]"
46,34,30,130,0.110848172479,"[35, 'NewGudkova', 140555, array([-0.97858349,  0.78650326, -0.15576686]), array([-0.77340972,  0.59088503, -0.22954801])]"
57,40,34,138,0.110995960834,"[35, 'NewGudkova', 165219, array([-0.97106727,  0.9005317 , -0.22953139]), array([-0.77340972,  0.59088503, -0.22954801])]"
170,156,74,48,0.111340361323,"[35, 'NewGudkova', 638574, array([-0.97228556,  0.8300345 , -0.17216005]), array([-0.77340972,  0.59088503, -0.22954801])]"
19,16,24,104,0.111496334366,"[35, 'NewGudkova', 67102, array([-0.98491359,  0.58748851, -0.27203956]), array([-0.77340972,  0.59088503, -0.22954801])]"
89,50,42,156,0.112061651832,"[35, 'NewGudkova', 206448, array([-0.97892249,  0.6036558 , -0.34153326]), array([-0.77340972,  0.59088503, -0.22954801])]"
181,162,72,56,0.112237939753,"[35, 'NewGudkova', 662698, array([-0.97943917,  0.60422621, -0.34258134]), array([-0.77340972,  0.59088503, -0.22954801])]"
127,52,68,-180,0.113720148426,"[35, 'NewGudkova', 216720, array([-0.96269252,  0.90094722, -0.23123954]), array([-0.77340972,  0.59088503, -0.22954801])]"
35,28,28,118,0.114182896182,"[35, 'NewGudkova', 116069, array([-0.96913183,  0.9086728 , -0.39826311]), array([-0.77340972,  0.59088503, -0.22954801])]"
106,52,48,160,0.114721237429,"[35, 'NewGudkova', 215090, array([-0.96427786,  0.82126371, -0.44009465]), array([-0.77340972,  0.59088503, -0.22954801])]"
175,158,74,52,0.115356807836,"[35, 'NewGudkova', 646676, array([-0.98241096,  0.59867004, -0.20867081]), array([-0.77340972,  0.59088503, -0.22954801])]"
98,50,76,-168,0.115897558249,"[35, 'NewGudkova', 209346, array([-0.98058842,  0.61987928, -0.18131644]), array([-0.77340972,  0.59088503, -0.22954801])]"
136,52,74,-174,0.116745807904,"[35, 'NewGudkova', 217263, array([-0.9622347 ,  0.86620859, -0.42754811]), array([-0.77340972,  0.59088503, -0.22954801])]"
58,42,34,138,0.117032280469,"[35, 'NewGudkova', 173319, array([-0.96791485,  0.82759411, -0.44485872]), array([-0.77340972,  0.59088503, -0.22954801])]"
119,52,56,170,0.117269720839,"[35, 'NewGudkova', 215815, array([-0.97072882,  0.81580217, -0.15756866]), array([-0.77340972,  0.59088503, -0.22954801])]"
152,146,86,28,0.117350909494,"[35, 'NewGudkova', 599144, array([-0.96577246,  0.77905321, -0.4476125 ]), array([-0.77340972,  0.59088503, -0.22954801])]"
167,154,76,46,0.117400271395,"[35, 'NewGudkova', 630653, array([-0.97791719,  0.71788111, -0.14103472]), array([-0.77340972,  0.59088503, -0.22954801])]"
28,24,26,112,0.117480361571,"[35, 'NewGudkova', 99686, array([-0.97474887,  0.74741666, -0.44709344]), array([-0.77340972,  0.59088503, -0.22954801])]"
201,176,66,74,0.118767627425,"[35, 'NewGudkova', 718867, array([-0.96965319,  0.84947568, -0.44362147]), array([-0.77340972,  0.59088503, -0.22954801])]"
115,52,54,166,0.118778470442,"[35, 'NewGudkova', 215633, array([-0.96235094,  0.92604529, -0.25682633]), array([-0.77340972,  0.59088503, -0.22954801])]"
14,10,24,98,0.118872198274,"[35, 'NewGudkova', 42799, array([-0.98417001,  0.67935493, -0.14737803]), array([-0.77340972,  0.59088503, -0.22954801])]"
51,38,32,132,0.119121308617,"[35, 'NewGudkova', 156936, array([-0.96669016,  0.89736296, -0.41795757]), array([-0.77340972,  0.59088503, -0.22954801])]"
38,30,28,120,0.120493425071,"[35, 'NewGudkova', 124170, array([-0.97072584,  0.82212752, -0.45290434]), array([-0.77340972,  0.59088503, -0.22954801])]"
44,34,30,126,0.12075525831,"[35, 'NewGudkova', 140553, array([-0.96763533,  0.89550341, -0.42407301]), array([-0.77340972,  0.59088503, -0.22954801])]"
142,54,60,174,0.121019967815,"[35, 'NewGudkova', 224277, array([-0.96810567,  0.73872976, -0.44815434]), array([-0.77340972,  0.59088503, -0.22954801])]"
12,10,24,94,0.12154516455,"[35, 'NewGudkova', 42797, array([-0.97819992,  0.69992425, -0.43824273]), array([-0.77340972,  0.59088503, -0.22954801])]"
88,50,42,154,0.122474586552,"[35, 'NewGudkova', 206447, array([-0.97160856,  0.70140571, -0.43919646]), array([-0.77340972,  0.59088503, -0.22954801])]"
78,48,40,154,0.122883849096,"[35, 'NewGudkova', 198167, array([-0.98284793,  0.59876724, -0.19142788]), array([-0.77340972,  0.59088503, -0.22954801])]"
180,162,70,56,0.123016249156,"[35, 'NewGudkova', 662518, array([-0.96808655,  0.92319872, -0.23099025]), array([-0.77340972,  0.59088503, -0.22954801])]"
4,2,24,88,0.123643180194,"[35, 'NewGudkova', 10394, array([-0.98314731,  0.72316401, -0.13390261]), array([-0.77340972,  0.59088503, -0.22954801])]"
140,54,58,172,0.123987121626,"[35, 'NewGudkova', 224096, array([-0.96803529,  0.73675625, -0.45178091]), array([-0.77340972,  0.59088503, -0.22954801])]"
123,52,64,178,0.124592369788,"[35, 'NewGudkova', 216539, array([-0.97104997,  0.79661732, -0.14098267]), array([-0.77340972,  0.59088503, -0.22954801])]"
125,52,66,-178,0.125230324764,"[35, 'NewGudkova', 216541, array([-0.97902938,  0.64927534, -0.14763075]), array([-0.77340972,  0.59088503, -0.22954801])]"
90,50,44,154,0.12770392405,"[35, 'NewGudkova', 206627, array([-0.96156163,  0.88909732, -0.43685218]), array([-0.77340972,  0.59088503, -0.22954801])]"
144,54,62,176,0.127958429306,"[35, 'NewGudkova', 224458, array([-0.96815955,  0.73607373, -0.45715835]), array([-0.77340972,  0.59088503, -0.22954801])]"
73,46,88,-160,0.128412061481,"[35, 'NewGudkova', 194230, array([-0.96310627,  0.94025317, -0.24756473]), array([-0.77340972,  0.59088503, -0.22954801])]"
161,150,80,40,0.12883894945,"[35, 'NewGudkova', 614810, array([-0.98043232,  0.64323678, -0.14596115]), array([-0.77340972,  0.59088503, -0.22954801])]"
176,160,72,50,0.129093087965,"[35, 'NewGudkova', 654595, array([-0.96242389,  0.86894826, -0.44986049]), array([-0.77340972,  0.59088503, -0.22954801])]"
20,16,26,104,0.130611242202,"[35, 'NewGudkova', 67282, array([-0.97176773,  0.96182673, -0.26809629]), array([-0.77340972,  0.59088503, -0.22954801])]"
190,168,68,62,0.130646632967,"[35, 'NewGudkova', 686641, array([-0.9647918 ,  0.88299257, -0.44889963]), array([-0.77340972,  0.59088503, -0.22954801])]"
206,178,66,82,0.131064219645,"[35, 'NewGudkova', 726971, array([-0.98110969,  0.7687106 , -0.12644383]), array([-0.77340972,  0.59088503, -0.22954801])]"
117,52,54,170,0.131288127222,"[35, 'NewGudkova', 215635, array([-0.9785265 ,  0.6816762 , -0.12889234]), array([-0.77340972,  0.59088503, -0.22954801])]"
183,164,70,56,0.131662546594,"[35, 'NewGudkova', 670618, array([-0.96493296,  0.83694751, -0.46494947]), array([-0.77340972,  0.59088503, -0.22954801])]"
71,46,86,-160,0.131843026093,"[35, 'NewGudkova', 194050, array([-0.97296262,  0.7836105 , -0.12813397]), array([-0.77340972,  0.59088503, -0.22954801])]"
93,50,46,156,0.132737692362,"[35, 'NewGudkova', 206808, array([-0.95985054,  0.96538914, -0.34093349]), array([-0.77340972,  0.59088503, -0.22954801])]"
105,52,46,160,0.133128427383,"[35, 'NewGudkova', 214910, array([-0.97344276,  0.65651778, -0.43146645]), array([-0.77340972,  0.59088503, -0.22954801])]"
56,40,34,136,0.134500894176,"[35, 'NewGudkova', 165218, array([-0.96433546,  0.97148661, -0.35489988]), array([-0.77340972,  0.59088503, -0.22954801])]"
70,46,40,150,0.134554488124,"[35, 'NewGudkova', 190065, array([-0.97178535,  0.87251372, -0.16004029]), array([-0.77340972,  0.59088503, -0.22954801])]"
158,150,80,34,0.134583430001,"[35, 'NewGudkova', 614807, array([-0.95720395,  0.92144018, -0.42482118]), array([-0.77340972,  0.59088503, -0.22954801])]"
154,146,86,32,0.134623365147,"[35, 'NewGudkova', 599146, array([-0.98127587,  0.55656613, -0.29515465]), array([-0.77340972,  0.59088503, -0.22954801])]"
189,166,70,64,0.135002999546,"[35, 'NewGudkova', 678722, array([-0.98470552,  0.57306706, -0.20189824]), array([-0.77340972,  0.59088503, -0.22954801])]"
69,46,40,148,0.135049491616,"[35, 'NewGudkova', 190064, array([-0.96449222,  0.96438702, -0.26903128]), array([-0.77340972,  0.59088503, -0.22954801])]"
5,4,24,86,0.135176110978,"[35, 'NewGudkova', 18493, array([-0.97721003,  0.7252238 , -0.46658986]), array([-0.77340972,  0.59088503, -0.22954801])]"
171,156,76,46,0.135255063197,"[35, 'NewGudkova', 638753, array([-0.97565041,  0.62388322, -0.41049978]), array([-0.77340972,  0.59088503, -0.22954801])]"
120,52,58,172,0.135354796833,"[35, 'NewGudkova', 215996, array([-0.9705985 ,  0.81937283, -0.1339299 ]), array([-0.77340972,  0.59088503, -0.22954801])]"
179,162,70,54,0.136286791849,"[35, 'NewGudkova', 662517, array([-0.96137465,  0.97341232, -0.34739744]), array([-0.77340972,  0.59088503, -0.22954801])]"
149,146,84,28,0.136384738022,"[35, 'NewGudkova', 598964, array([-0.95639127,  0.96985903, -0.31496492]), array([-0.77340972,  0.59088503, -0.22954801])]"
138,54,56,170,0.136738064372,"[35, 'NewGudkova', 223915, array([-0.96798321,  0.72879588, -0.46743367]), array([-0.77340972,  0.59088503, -0.22954801])]"
126,52,66,178,0.136777429336,"[35, 'NewGudkova', 216719, array([-0.96243482,  0.91533303, -0.19413529]), array([-0.77340972,  0.59088503, -0.22954801])]"
141,54,58,174,0.137816154403,"[35, 'NewGudkova', 224097, array([-0.976193  ,  0.61200136, -0.40385116]), array([-0.77340972,  0.59088503, -0.22954801])]"
22,18,26,108,0.137942937141,"[35, 'NewGudkova', 75384, array([-0.97600508,  0.89234555, -0.16537998]), array([-0.77340972,  0.59088503, -0.22954801])]"
43,32,30,126,0.137965900987,"[35, 'NewGudkova', 132453, array([-0.9708038 ,  0.94985308, -0.22335919]), array([-0.77340972,  0.59088503, -0.22954801])]"
27,22,26,114,0.138761200699,"[35, 'NewGudkova', 91587, array([-0.98164633,  0.74856875, -0.1149598 ]), array([-0.77340972,  0.59088503, -0.22954801])]"
65,46,36,146,0.138972630785,"[35, 'NewGudkova', 189703, array([-0.97789622,  0.60805315, -0.40162447]), array([-0.77340972,  0.59088503, -0.22954801])]"
122,52,62,176,0.139216777925,"[35, 'NewGudkova', 216358, array([-0.9707969 ,  0.80833077, -0.1250557 ]), array([-0.77340972,  0.59088503, -0.22954801])]"
143,54,60,176,0.139420495829,"[35, 'NewGudkova', 224278, array([-0.97623639,  0.61212812, -0.40669714]), array([-0.77340972,  0.59088503, -0.22954801])]"
118,52,56,168,0.13991928683,"[35, 'NewGudkova', 215814, array([-0.96198013,  0.94048394, -0.21517334]), array([-0.77340972,  0.59088503, -0.22954801])]"
50,38,30,134,0.14081899777,"[35, 'NewGudkova', 156757, array([-0.98371813,  0.55105307, -0.30254792]), array([-0.77340972,  0.59088503, -0.22954801])]"
33,26,28,116,0.140949201327,"[35, 'NewGudkova', 107968, array([-0.96736716,  0.98974007, -0.34551927]), array([-0.77340972,  0.59088503, -0.22954801])]"
186,166,68,62,0.140965905985,"[35, 'NewGudkova', 678541, array([-0.96794795,  0.95857961, -0.23039741]), array([-0.77340972,  0.59088503, -0.22954801])]"
87,48,86,-160,0.141098715326,"[35, 'NewGudkova', 202150, array([-0.9692372 ,  0.81231744, -0.48464473]), array([-0.77340972,  0.59088503, -0.22954801])]"
96,50,76,-172,0.141698359242,"[35, 'NewGudkova', 209344, array([-0.96489006,  0.88493276, -0.15898064]), array([-0.77340972,  0.59088503, -0.22954801])]"
168,156,74,44,0.142245141411,"[35, 'NewGudkova', 638572, array([-0.95729043,  0.96934874, -0.38758121]), array([-0.77340972,  0.59088503, -0.22954801])]"
86,48,86,-162,0.142492846444,"[35, 'NewGudkova', 202149, array([-0.96168291,  0.93186137, -0.44182139]), array([-0.77340972,  0.59088503, -0.22954801])]"
196,172,66,70,0.142626284358,"[35, 'NewGudkova', 702665, array([-0.9669098 ,  0.98963169, -0.29586064]), array([-0.77340972,  0.59088503, -0.22954801])]"
187,166,70,60,0.142630501902,"[35, 'NewGudkova', 678720, array([-0.97432218,  0.66197668, -0.44873984]), array([-0.77340972,  0.59088503, -0.22954801])]"
121,52,60,174,0.142735274546,"[35, 'NewGudkova', 216177, array([-0.9706306 ,  0.81640847, -0.12287191]), array([-0.77340972,  0.59088503, -0.22954801])]"
172,156,76,48,0.143630762653,"[35, 'NewGudkova', 638754, array([-0.98204993,  0.54642185, -0.30213013]), array([-0.77340972,  0.59088503, -0.22954801])]"
104,50,80,-164,0.1444669973,"[35, 'NewGudkova', 209708, array([-0.97834341,  0.62894743, -0.42917641]), array([-0.77340972,  0.59088503, -0.22954801])]"
61,42,36,142,0.144488255673,"[35, 'NewGudkova', 173501, array([-0.97003223,  0.92836659, -0.18498782]), array([-0.77340972,  0.59088503, -0.22954801])]"
145,54,64,178,0.144872505898,"[35, 'NewGudkova', 224639, array([-0.96814478,  0.73019694, -0.47923959]), array([-0.77340972,  0.59088503, -0.22954801])]"
47,36,30,128,0.145411854736,"[35, 'NewGudkova', 148654, array([-0.96980737,  0.7843224 , -0.49040704]), array([-0.77340972,  0.59088503, -0.22954801])]"
34,26,28,118,0.145478119013,"[35, 'NewGudkova', 107969, array([-0.97215631,  0.95043303, -0.20352541]), array([-0.77340972,  0.59088503, -0.22954801])]"
139,54,56,172,0.146497654241,"[35, 'NewGudkova', 223916, array([-0.97615342,  0.60633788, -0.41322633]), array([-0.77340972,  0.59088503, -0.22954801])]"
182,162,72,58,0.146644655909,"[35, 'NewGudkova', 662699, array([-0.984604  ,  0.54665936, -0.22353741]), array([-0.77340972,  0.59088503, -0.22954801])]"
37,28,28,122,0.146900719694,"[35, 'NewGudkova', 116071, array([-0.97836961,  0.82379235, -0.11846181]), array([-0.77340972,  0.59088503, -0.22954801])]"
