Index,AZT,DPT,AZN,DPN,AZP,DPP,Strike,Dip,Rake,Misfit,Depth,Mod
117,141,60,11,20,273,20,332,30,46,0.00280053024342,15,NewGudkova
36,3,0,94,73,273,16,50,78,-168,0.00319523157318,15,NewGudkova
2,99,68,5,1,275,21,2,24,86,0.0034291269792,15,NewGudkova
58,47,60,178,20,276,20,170,68,68,0.00386032776695,15,NewGudkova
39,20,37,166,47,276,17,52,50,164,0.00401660404152,15,NewGudkova
27,32,51,174,31,276,19,46,38,148,0.00406818575991,15,NewGudkova
66,90,68,184,1,275,20,184,66,88,0.00408602527646,15,NewGudkova
70,105,68,6,3,274,20,188,66,94,0.00438369107503,15,NewGudkova
105,4,2,103,72,273,16,318,80,-14,0.00446409410622,15,NewGudkova
106,158,47,17,35,272,20,320,40,26,0.00459634307886,15,NewGudkova
12,67,66,182,10,276,20,24,26,114,0.00465245983898,15,NewGudkova
62,74,68,183,7,276,20,180,66,82,0.00507308415971,15,NewGudkova
42,7,11,130,69,274,16,52,70,-176,0.00520144492851,15,NewGudkova
3,97,68,5,0,275,21,4,24,88,0.0060872904596,15,NewGudkova
83,159,46,17,36,272,19,210,74,128,0.00636024598257,15,NewGudkova
24,40,57,177,25,276,19,42,34,140,0.00754224530798,15,NewGudkova
26,36,54,175,28,276,19,44,36,144,0.00767925042471,15,NewGudkova
30,30,49,172,34,276,19,48,40,152,0.00847108164923,15,NewGudkova
116,146,57,13,23,273,21,328,32,40,0.00854560258939,15,NewGudkova
9,88,68,184,2,275,21,10,24,96,0.00897945609179,15,NewGudkova
96,166,38,22,45,272,19,316,48,16,0.0090431271153,15,NewGudkova
8,90,68,184,1,274,21,8,24,94,0.00968101351618,15,NewGudkova
65,84,68,183,3,275,20,182,66,86,0.00981528142767,15,NewGudkova
107,7,8,122,71,274,16,320,84,-18,0.0100658667623,15,NewGudkova
14,57,64,181,14,276,20,30,28,122,0.0102304185126,15,NewGudkova
74,136,62,11,16,274,21,198,68,108,0.0106957120942,15,NewGudkova
44,11,19,148,63,275,16,144,88,26,0.0107184067168,15,NewGudkova
121,126,65,9,11,274,21,344,26,62,0.010725384254,15,NewGudkova
87,173,25,35,57,272,18,222,86,148,0.0109429414193,15,NewGudkova
49,18,33,162,50,275,17,150,80,38,0.0110614942687,15,NewGudkova
1,101,68,5,2,274,21,0,24,84,0.0111461894082,15,NewGudkova
114,151,54,14,26,273,20,326,34,36,0.0112347077983,15,NewGudkova
43,7,8,123,71,274,16,52,72,-174,0.0113324884229,15,NewGudkova
118,135,62,10,16,273,21,336,28,52,0.0114880633274,15,NewGudkova
11,68,67,182,9,275,20,22,26,112,0.0116145309754,15,NewGudkova
61,69,67,182,9,275,20,178,66,80,0.0118171486517,15,NewGudkova
32,180,8,65,71,273,16,48,84,-162,0.0119281333482,15,NewGudkova
103,163,42,21,40,272,19,318,44,20,0.0119529410972,15,NewGudkova
69,99,68,5,1,274,20,186,66,92,0.012020407844,15,NewGudkova
119,135,63,10,16,274,20,338,28,54,0.0124285470318,15,NewGudkova
101,181,5,73,72,273,16,316,74,-8,0.0129017366798,15,NewGudkova
111,9,13,137,67,275,16,322,88,-22,0.0130221126461,15,NewGudkova
19,50,62,179,18,277,19,36,30,130,0.0133547112159,15,NewGudkova
50,19,36,165,48,276,17,152,78,40,0.013424313473,15,NewGudkova
35,25,43,169,40,276,18,50,44,158,0.0137284772709,15,NewGudkova
99,180,8,64,71,273,16,316,72,-6,0.013787432766,15,NewGudkova
126,109,68,6,4,275,21,356,24,78,0.0138374059741,15,NewGudkova
5,96,69,5,0,276,21,6,24,90,0.0138991263106,15,NewGudkova
68,95,69,185,0,276,20,186,66,90,0.0138991263106,15,NewGudkova
29,178,15,50,65,273,18,46,88,-156,0.0140530722472,15,NewGudkova
38,22,39,167,44,276,18,52,48,162,0.0140562402786,15,NewGudkova
47,15,29,159,55,275,17,148,82,34,0.0142010022107,15,NewGudkova
127,107,68,7,4,275,21,358,24,80,0.0142375608324,15,NewGudkova
53,27,45,171,38,276,19,158,74,50,0.0144219907166,15,NewGudkova
97,168,35,24,48,272,18,316,50,14,0.0144881613515,15,NewGudkova
40,18,34,164,49,275,17,52,52,166,0.0150131638486,15,NewGudkova
34,26,45,171,39,277,17,50,44,156,0.0152524774458,15,NewGudkova
55,30,49,172,33,276,18,160,72,54,0.0153040990418,15,NewGudkova
110,156,50,15,32,272,19,322,38,30,0.01548579637,15,NewGudkova
88,173,23,35,59,272,17,222,86,150,0.0156409225999,15,NewGudkova
10,86,68,184,3,275,21,12,24,98,0.0157400904055,15,NewGudkova
56,34,53,176,29,277,18,164,70,58,0.0159261852243,15,NewGudkova
6,92,68,184,0,274,21,6,24,92,0.0161965153567,15,NewGudkova
52,22,40,168,44,276,17,154,76,44,0.0163163069659,15,NewGudkova
92,173,23,36,59,271,18,314,60,4,0.0163326050759,15,NewGudkova
64,80,68,184,5,276,20,182,66,84,0.0165767750121,15,NewGudkova
41,8,14,136,67,274,16,52,68,-178,0.0167935943102,15,NewGudkova
22,44,59,178,22,277,19,40,32,136,0.0167952047694,15,NewGudkova
71,111,68,7,5,275,20,190,66,96,0.0168915943916,15,NewGudkova
102,160,44,19,38,272,20,318,42,22,0.0169302115815,15,NewGudkova
75,138,61,10,18,273,20,198,68,110,0.016941954479,15,NewGudkova
73,131,63,9,14,273,21,196,68,106,0.0171620206008,15,NewGudkova
93,174,20,39,61,272,18,314,62,2,0.0172246614758,15,NewGudkova
80,153,52,15,30,272,20,206,72,122,0.0172615373068,15,NewGudkova
124,122,66,7,10,273,20,346,26,66,0.0172999697914,15,NewGudkova
45,12,20,147,61,274,17,144,88,28,0.0173400927593,15,NewGudkova
28,178,13,50,67,272,16,46,88,-158,0.0174730968486,15,NewGudkova
54,28,48,173,35,277,18,160,72,52,0.0182569435303,15,NewGudkova
77,146,57,12,24,272,20,202,70,116,0.0182657839697,15,NewGudkova
98,181,7,70,70,273,18,316,72,-8,0.0183118957837,15,NewGudkova
86,171,27,31,55,271,18,220,84,146,0.0183269548255,15,NewGudkova
120,127,64,9,12,274,21,342,26,60,0.0184134990076,15,NewGudkova
20,48,61,178,19,275,20,36,30,132,0.0185404736056,15,NewGudkova
91,172,25,32,57,271,18,314,58,6,0.0185617815531,15,NewGudkova
78,150,55,13,26,273,20,204,70,118,0.0189524875453,15,NewGudkova
122,123,66,7,11,273,20,344,26,64,0.0191747763114,15,NewGudkova
16,57,64,181,15,277,20,32,28,124,0.0191783694251,15,NewGudkova
112,154,52,16,29,273,20,324,36,32,0.0192105412074,15,NewGudkova
76,144,58,13,22,274,21,202,70,114,0.0192175989469,15,NewGudkova
85,162,42,19,40,271,19,212,76,132,0.0193801501726,15,NewGudkova
82,158,48,18,34,273,20,210,74,126,0.0194601472024,15,NewGudkova
51,20,37,165,46,275,18,152,78,42,0.0195162405168,15,NewGudkova
128,103,68,5,3,274,21,358,24,82,0.0197636536784,15,NewGudkova
89,175,20,40,61,273,17,224,88,152,0.0198513612467,15,NewGudkova
72,115,68,6,7,273,20,190,66,98,0.0199167120119,15,NewGudkova
0,105,68,7,3,276,21,0,24,82,0.0200306212262,15,NewGudkova
125,110,67,6,5,274,21,354,24,76,0.0201304903451,15,NewGudkova
113,153,53,14,29,272,19,324,36,34,0.020497833652,15,NewGudkova
21,44,60,178,21,276,19,38,32,134,0.02073438384,15,NewGudkova
46,14,23,152,59,275,17,146,86,30,0.0209611384683,15,NewGudkova
95,166,36,25,46,272,20,316,48,14,0.0210836018982,15,NewGudkova
104,184,0,93,73,274,16,318,78,-12,0.021154635218,15,NewGudkova
60,66,66,182,10,277,20,178,66,78,0.0212809942464,15,NewGudkova
63,78,68,182,5,274,20,180,66,84,0.0213137381901,15,NewGudkova
94,175,18,44,64,272,18,314,64,0,0.0216095532269,15,NewGudkova
48,17,32,163,52,276,16,150,80,36,0.0217142396332,15,NewGudkova
115,149,56,12,26,272,20,326,34,38,0.0217659946149,15,NewGudkova
25,38,56,175,26,275,20,42,34,142,0.0217694962741,15,NewGudkova
59,61,66,181,12,276,19,176,66,76,0.0217998181224,15,NewGudkova
84,161,44,20,38,272,20,212,76,130,0.0219067579137,15,NewGudkova
13,66,66,182,11,276,20,26,26,116,0.021957159582,15,NewGudkova
7,94,68,186,0,276,21,8,24,92,0.021964987745,15,NewGudkova
123,125,66,9,11,275,20,346,26,64,0.0221583622235,15,NewGudkova
18,50,62,179,17,276,19,34,30,128,0.022239331978,15,NewGudkova
109,157,49,17,32,273,20,322,38,28,0.0223677313818,15,NewGudkova
23,42,58,176,23,275,20,40,32,138,0.0224100994625,15,NewGudkova
33,180,9,64,69,273,18,48,84,-160,0.0225601771219,15,NewGudkova
31,181,5,73,72,272,16,48,82,-164,0.0227124711156,15,NewGudkova
17,54,63,179,16,275,20,32,28,126,0.0228568006847,15,NewGudkova
79,152,53,15,28,273,21,206,72,120,0.0229748736192,15,NewGudkova
108,7,11,129,69,273,16,320,86,-20,0.023195684565,15,NewGudkova
90,171,28,29,55,271,18,314,56,8,0.0233064415047,15,NewGudkova
15,55,64,179,15,275,20,30,28,124,0.0233235843462,15,NewGudkova
100,181,4,78,71,273,18,316,74,-10,0.0237113853894,15,NewGudkova
37,183,2,84,72,274,16,50,80,-166,0.0238235503527,15,NewGudkova
67,93,69,184,0,274,21,184,66,90,0.0238913788309,15,NewGudkova
4,93,69,184,0,274,20,4,24,90,0.0238913788309,15,NewGudkova
81,156,50,16,32,273,19,208,72,124,0.0238917509044,15,NewGudkova
69,105,68,6,3,274,20,188,66,94,0.00146515722599,35,NewGudkova
23,32,51,174,31,276,19,46,38,148,0.00176499374116,35,NewGudkova
33,3,0,94,73,273,16,50,78,-168,0.00210452796195,35,NewGudkova
36,20,37,166,47,276,17,52,50,164,0.00244818484333,35,NewGudkova
104,158,47,17,35,272,20,320,40,26,0.00344312640955,35,NewGudkova
40,7,11,130,69,274,16,52,70,-176,0.0039152046677,35,NewGudkova
103,4,2,103,72,273,16,318,80,-14,0.00401969025629,35,NewGudkova
62,74,68,183,7,276,20,180,66,82,0.00503337654577,35,NewGudkova
22,36,54,175,28,276,19,44,36,144,0.00514821112695,35,NewGudkova
116,141,60,11,20,273,20,332,30,46,0.00529541573607,35,NewGudkova
82,159,46,17,36,272,19,210,74,128,0.00573489648451,35,NewGudkova
2,99,68,5,1,275,21,2,24,86,0.0059709509874,35,NewGudkova
58,47,60,178,20,276,20,170,68,68,0.00643691049524,35,NewGudkova
66,90,68,184,1,275,20,184,66,88,0.00686983722588,35,NewGudkova
20,40,57,177,25,276,19,42,34,140,0.00709812932955,35,NewGudkova
11,67,66,182,10,276,20,24,26,114,0.0074185769038,35,NewGudkova
3,97,68,5,0,275,21,4,24,88,0.00766540044589,35,NewGudkova
12,57,64,181,14,276,20,30,28,122,0.00816344842435,35,NewGudkova
94,166,38,22,45,272,19,316,48,16,0.00868835678043,35,NewGudkova
10,68,67,182,9,275,20,22,26,112,0.00916755476252,35,NewGudkova
61,69,67,182,9,275,20,178,66,80,0.00948902967094,35,NewGudkova
42,11,19,148,63,275,16,144,88,26,0.00998986678878,35,NewGudkova
47,18,33,162,50,275,17,150,80,38,0.0101715524533,35,NewGudkova
74,136,62,11,16,274,21,198,68,108,0.0103375934445,35,NewGudkova
119,135,63,10,16,274,20,338,28,54,0.0105907562578,35,NewGudkova
65,84,68,183,3,275,20,182,66,86,0.0107057435211,35,NewGudkova
112,151,54,14,26,273,20,326,34,36,0.0107390636065,35,NewGudkova
105,7,8,122,71,274,16,320,84,-18,0.0107738135093,35,NewGudkova
26,30,49,172,34,276,19,48,40,152,0.0109556178498,35,NewGudkova
29,180,8,65,71,273,16,48,84,-162,0.0110008557362,35,NewGudkova
114,146,57,13,23,273,21,328,32,40,0.0111979898162,35,NewGudkova
100,163,42,21,40,272,19,318,44,20,0.0113352556906,35,NewGudkova
7,90,68,184,1,274,21,8,24,94,0.011545917728,35,NewGudkova
48,19,36,165,48,276,17,152,78,40,0.0117054344571,35,NewGudkova
41,7,8,123,71,274,16,52,72,-174,0.0117371228134,35,NewGudkova
8,88,68,184,2,275,21,10,24,96,0.0119563162421,35,NewGudkova
122,126,65,9,11,274,21,344,26,62,0.0119734018301,35,NewGudkova
98,181,5,73,72,273,16,316,74,-8,0.0122101308625,35,NewGudkova
85,173,25,35,57,272,18,222,86,148,0.012242489644,35,NewGudkova
45,15,29,159,55,275,17,148,82,34,0.0122924717346,35,NewGudkova
68,99,68,5,1,274,20,186,66,92,0.0123583229016,35,NewGudkova
1,101,68,5,2,274,21,0,24,84,0.0125897265066,35,NewGudkova
95,168,35,24,48,272,18,316,50,14,0.0126130358331,35,NewGudkova
97,180,8,64,71,273,16,316,72,-6,0.0126990661196,35,NewGudkova
37,18,34,164,49,275,17,52,52,166,0.0130446559643,35,NewGudkova
108,156,50,15,32,272,19,322,38,30,0.0132381973565,35,NewGudkova
109,9,13,137,67,275,16,322,88,-22,0.0137057495323,35,NewGudkova
53,30,49,172,33,276,18,160,72,54,0.0140233758316,35,NewGudkova
50,22,40,168,44,276,17,154,76,44,0.0140874153182,35,NewGudkova
118,135,62,10,16,273,21,336,28,52,0.014274965978,35,NewGudkova
31,26,45,171,39,277,17,50,44,156,0.014485351623,35,NewGudkova
16,50,62,179,18,277,19,36,30,130,0.0145159393739,35,NewGudkova
25,178,15,50,65,273,18,46,88,-156,0.0146446131634,35,NewGudkova
86,173,23,35,59,272,17,222,86,150,0.0147894483926,35,NewGudkova
67,95,69,185,0,276,20,186,66,90,0.0148620175542,35,NewGudkova
4,96,69,5,0,276,21,6,24,90,0.0148620175542,35,NewGudkova
54,34,53,176,29,277,18,164,70,58,0.0148731304833,35,NewGudkova
32,25,43,169,40,276,18,50,44,158,0.0148811240413,35,NewGudkova
125,122,66,7,10,273,20,346,26,66,0.0150709243713,35,NewGudkova
70,111,68,7,5,275,20,190,66,96,0.0151434913172,35,NewGudkova
39,8,14,136,67,274,16,52,68,-178,0.0157716938445,35,NewGudkova
75,138,61,10,18,273,20,198,68,110,0.0158285951667,35,NewGudkova
35,22,39,167,44,276,18,52,48,162,0.0158300861215,35,NewGudkova
24,178,13,50,67,272,16,46,88,-158,0.0161794205127,35,NewGudkova
129,107,68,7,4,275,21,358,24,80,0.0162749369212,35,NewGudkova
78,150,55,13,26,273,20,204,70,118,0.0164051648198,35,NewGudkova
128,109,68,6,4,275,21,356,24,78,0.0167494992661,35,NewGudkova
52,28,48,173,35,277,18,160,72,52,0.016815212417,35,NewGudkova
90,173,23,36,59,271,18,314,60,4,0.0168299694692,35,NewGudkova
51,27,45,171,38,276,19,158,74,50,0.0169500882474,35,NewGudkova
5,92,68,184,0,274,21,6,24,92,0.016956256506,35,NewGudkova
64,80,68,184,5,276,20,182,66,84,0.0175941361361,35,NewGudkova
71,115,68,6,7,273,20,190,66,98,0.0178611121846,35,NewGudkova
91,174,20,39,61,272,18,314,62,2,0.0179141935619,35,NewGudkova
18,44,60,178,21,276,19,38,32,134,0.0180507797494,35,NewGudkova
43,12,20,147,61,274,17,144,88,28,0.0183265944835,35,NewGudkova
111,153,53,14,29,272,19,324,36,34,0.0183865696863,35,NewGudkova
110,154,52,16,29,273,20,324,36,32,0.0184417290695,35,NewGudkova
9,86,68,184,3,275,21,12,24,98,0.0184734538756,35,NewGudkova
19,44,59,178,22,277,19,40,32,136,0.0187009269964,35,NewGudkova
89,172,25,32,57,271,18,314,58,6,0.018948082886,35,NewGudkova
87,175,20,40,61,273,17,224,88,152,0.0189755594708,35,NewGudkova
79,153,52,15,30,272,20,206,72,122,0.0191285856437,35,NewGudkova
99,160,44,19,38,272,20,318,42,22,0.0191834526554,35,NewGudkova
49,20,37,165,46,275,18,152,78,42,0.0191853501259,35,NewGudkova
59,61,66,181,12,276,19,176,66,76,0.0192177238773,35,NewGudkova
84,171,27,31,55,271,18,220,84,146,0.0193081126344,35,NewGudkova
123,123,66,7,11,273,20,344,26,64,0.0193132522346,35,NewGudkova
15,50,62,179,17,276,19,34,30,128,0.019496776036,35,NewGudkova
96,181,7,70,70,273,18,316,72,-8,0.0195178429788,35,NewGudkova
77,146,57,12,24,272,20,202,70,116,0.0199155073724,35,NewGudkova
73,131,63,9,14,273,21,196,68,106,0.0199617484371,35,NewGudkova
17,48,61,178,19,275,20,36,30,132,0.0201377341666,35,NewGudkova
113,149,56,12,26,272,20,326,34,38,0.0203832183926,35,NewGudkova
60,66,66,182,10,277,20,178,66,78,0.0204141687115,35,NewGudkova
81,158,48,18,34,273,20,210,74,126,0.0204171015905,35,NewGudkova
46,17,32,163,52,276,16,150,80,36,0.0205403577687,35,NewGudkova
83,162,42,19,40,271,19,212,76,132,0.0207353273498,35,NewGudkova
124,125,66,9,11,275,20,346,26,64,0.0210305030532,35,NewGudkova
130,103,68,5,3,274,21,358,24,82,0.0210583847796,35,NewGudkova
0,105,68,7,3,276,21,0,24,82,0.0210888790518,35,NewGudkova
63,78,68,182,5,274,20,180,66,84,0.0211064092905,35,NewGudkova
102,184,0,93,73,274,16,318,78,-12,0.0213060270742,35,NewGudkova
121,127,64,9,12,274,21,342,26,60,0.02131093188,35,NewGudkova
14,57,64,181,15,277,20,32,28,124,0.0213294836906,35,NewGudkova
80,156,50,16,32,273,19,208,72,124,0.0215869504547,35,NewGudkova
76,144,58,13,22,274,21,202,70,114,0.0216349027971,35,NewGudkova
57,43,59,177,22,275,19,168,68,66,0.0221501574832,35,NewGudkova
107,157,49,17,32,273,20,322,38,28,0.0222231510707,35,NewGudkova
92,175,18,44,64,272,18,314,64,0,0.0224225449059,35,NewGudkova
28,181,5,73,72,272,16,48,82,-164,0.0225281827957,35,NewGudkova
21,38,56,175,26,275,20,42,34,142,0.0225309260403,35,NewGudkova
93,166,36,25,46,272,20,316,48,14,0.0225618282827,35,NewGudkova
106,7,11,129,69,273,16,320,86,-20,0.0225908468523,35,NewGudkova
101,162,43,18,40,271,18,318,44,22,0.0226062832626,35,NewGudkova
27,27,47,171,36,275,18,48,42,154,0.0226654751041,35,NewGudkova
56,41,58,178,23,277,18,168,68,64,0.0226664984698,35,NewGudkova
72,120,67,7,9,274,20,192,66,100,0.0226928787213,35,NewGudkova
44,14,23,152,59,275,17,146,86,30,0.022713793344,35,NewGudkova
6,94,68,186,0,276,21,8,24,92,0.0228990297932,35,NewGudkova
115,147,58,13,23,274,20,330,32,42,0.0229421805202,35,NewGudkova
127,110,67,6,5,274,21,354,24,76,0.023012941179,35,NewGudkova
13,55,64,179,15,275,20,30,28,124,0.023015143036,35,NewGudkova
38,16,32,161,52,275,17,52,54,168,0.023114176514,35,NewGudkova
30,180,9,64,69,273,18,48,84,-160,0.0235279814871,35,NewGudkova
126,121,67,7,9,274,20,348,26,68,0.0235371388662,35,NewGudkova
117,141,61,11,19,274,20,334,30,48,0.0237236423015,35,NewGudkova
88,171,28,29,55,271,18,314,56,8,0.0237381474125,35,NewGudkova
34,183,2,84,72,274,16,50,80,-166,0.0238422074554,35,NewGudkova
120,132,64,8,15,272,20,338,28,56,0.0239613834396,35,NewGudkova
30,14,37,173,50,276,10,48,56,158,0.000921297067886,55,NewGudkova
98,175,32,18,55,272,11,220,76,148,0.00250786502809,55,NewGudkova
87,155,63,9,22,273,13,202,62,116,0.00501549160592,55,NewGudkova
7,81,76,184,3,275,13,10,32,96,0.00509145362759,55,NewGudkova
133,120,75,6,6,274,13,356,32,78,0.00584804549182,55,NewGudkova
124,160,59,10,27,273,13,332,40,44,0.0059649578776,55,NewGudkova
6,85,76,184,2,275,13,8,32,94,0.0062027223315,55,NewGudkova
12,51,72,183,12,276,12,22,34,112,0.00636053200076,55,NewGudkova
128,151,66,8,19,273,13,340,36,56,0.00688187818568,55,NewGudkova
24,20,52,178,35,276,11,42,46,144,0.00795699097418,55,NewGudkova
26,19,48,177,39,276,11,44,48,148,0.00810162629421,55,NewGudkova
79,87,76,185,1,275,12,184,58,88,0.00848570205839,55,NewGudkova
2,104,76,5,2,274,13,2,32,86,0.00881510986511,55,NewGudkova
34,182,7,57,77,273,9,48,88,-168,0.00885960818779,55,NewGudkova
134,117,75,6,5,275,13,358,32,80,0.00909409077212,55,NewGudkova
121,169,47,13,40,272,12,324,48,30,0.00930972915041,55,NewGudkova
130,143,70,8,14,274,13,346,34,64,0.0095119409688,55,NewGudkova
88,161,58,10,28,273,13,206,64,122,0.00962699337682,55,NewGudkova
116,172,39,15,48,272,11,320,54,22,0.00967150798779,55,NewGudkova
65,20,50,178,37,276,11,158,66,48,0.00977367029768,55,NewGudkova
83,141,70,7,13,274,13,196,60,106,0.00998104201523,55,NewGudkova
112,183,1,85,80,273,9,318,82,-6,0.0102045649915,55,NewGudkova
21,26,58,180,28,276,11,38,42,136,0.0103541226163,55,NewGudkova
97,173,36,17,51,272,11,218,74,144,0.0108565181265,55,NewGudkova
73,37,67,181,18,275,12,170,60,68,0.0109512958713,55,NewGudkova
108,176,28,20,58,272,10,318,62,14,0.0113386223213,55,NewGudkova
23,23,55,179,32,276,11,40,44,140,0.0118668903015,55,NewGudkova
3,100,76,5,1,275,13,4,32,88,0.0119707322757,55,NewGudkova
92,167,48,13,38,272,12,212,68,132,0.0124598031328,55,NewGudkova
103,180,15,33,71,272,9,226,86,162,0.0126186050374,55,NewGudkova
1,108,76,5,3,274,13,0,32,84,0.0127206955254,55,NewGudkova
52,5,7,130,77,274,9,50,78,-178,0.0129927071983,55,NewGudkova
126,157,62,9,23,273,12,336,38,50,0.0130101042186,55,NewGudkova
15,40,68,182,17,276,12,28,36,120,0.0130228201069,55,NewGudkova
101,178,22,26,64,272,10,224,82,156,0.0130331219674,55,NewGudkova
78,79,76,184,3,274,12,182,58,86,0.0132324699916,55,NewGudkova
69,26,59,180,27,276,11,164,62,58,0.0132783146181,55,NewGudkova
119,170,43,14,43,272,12,322,50,26,0.013335328417,55,NewGudkova
76,66,75,184,6,275,12,180,58,82,0.0134149761165,55,NewGudkova
37,10,27,169,60,276,8,50,64,166,0.0136437896223,55,NewGudkova
19,29,61,181,25,277,11,36,40,132,0.0137762256528,55,NewGudkova
60,10,28,167,59,275,10,146,78,28,0.0137940141265,55,NewGudkova
17,34,65,182,21,276,11,32,38,126,0.014346486317,55,NewGudkova
111,182,4,69,79,273,9,318,80,-4,0.0144087158035,55,NewGudkova
81,102,76,4,1,274,12,186,58,92,0.0144413740762,55,NewGudkova
56,7,15,154,71,275,9,142,86,18,0.0145626985537,55,NewGudkova
59,10,26,169,61,276,8,146,78,26,0.0146848647102,55,NewGudkova
49,5,9,139,76,274,9,50,76,-180,0.014775273294,55,NewGudkova
27,16,44,176,44,276,10,46,52,152,0.0147779709096,55,NewGudkova
51,5,8,139,78,274,8,50,78,-180,0.0148757306369,55,NewGudkova
39,9,24,167,63,275,8,50,66,168,0.0150184346899,55,NewGudkova
38,10,26,165,61,275,10,50,64,168,0.0152921215712,55,NewGudkova
5,89,76,184,1,274,13,6,32,92,0.0153143883603,55,NewGudkova
90,166,52,12,34,273,12,210,66,128,0.0154321144714,55,NewGudkova
67,21,54,178,33,276,11,160,64,52,0.0155214328439,55,NewGudkova
8,77,76,185,4,276,13,12,32,98,0.015595775096,55,NewGudkova
74,41,68,182,17,276,12,172,60,70,0.0157248557428,55,NewGudkova
129,143,69,7,15,273,13,344,34,62,0.0158849920282,55,NewGudkova
82,110,76,5,3,275,12,188,58,94,0.015904423938,55,NewGudkova
106,175,31,18,56,271,10,318,60,16,0.0159102760012,55,NewGudkova
58,9,21,163,66,275,9,144,82,22,0.0159222984174,55,NewGudkova
117,174,36,16,51,272,11,320,56,20,0.0159310906348,55,NewGudkova
91,166,51,11,35,272,11,210,66,130,0.0159816191652,55,NewGudkova
40,9,23,163,64,274,10,50,66,170,0.0160153499475,55,NewGudkova
86,148,68,7,17,273,12,198,60,110,0.0164238173143,55,NewGudkova
16,38,67,181,18,275,12,28,36,122,0.016458941609,55,NewGudkova
93,168,47,12,40,271,11,212,68,134,0.0166613215329,55,NewGudkova
18,32,64,180,22,275,12,32,38,128,0.0168745956752,55,NewGudkova
50,6,11,148,75,274,8,50,76,178,0.0168830365151,55,NewGudkova
132,123,74,5,7,274,13,354,32,76,0.01713835573,55,NewGudkova
94,169,44,14,42,272,12,214,70,136,0.0172609343519,55,NewGudkova
72,35,65,182,20,277,11,170,60,66,0.0172658062105,55,NewGudkova
96,171,40,15,46,272,12,216,72,140,0.0173683239146,55,NewGudkova
9,72,75,183,5,274,13,12,32,100,0.0175825721942,55,NewGudkova
11,52,73,183,11,275,12,20,34,110,0.0175937577054,55,NewGudkova
54,5,4,118,79,274,9,50,80,-176,0.0176311352441,55,NewGudkova
48,6,12,147,73,274,9,50,74,178,0.0180889074689,55,NewGudkova
53,5,5,128,79,274,8,50,80,-178,0.0181162288773,55,NewGudkova
104,180,12,39,73,272,9,226,88,164,0.0182641349361,55,NewGudkova
77,73,76,185,5,276,12,182,58,84,0.018312414105,55,NewGudkova
28,16,42,174,45,275,11,46,52,154,0.0183217756757,55,NewGudkova
10,69,75,183,6,275,13,14,32,102,0.0184383155365,55,NewGudkova
41,8,22,165,65,275,8,50,68,170,0.0184627668608,55,NewGudkova
20,28,60,179,26,275,12,36,40,134,0.0184662565398,55,NewGudkova
80,95,77,185,0,276,12,186,58,90,0.0186165888867,55,NewGudkova
42,8,20,160,66,274,9,50,68,172,0.0186198426264,55,NewGudkova
109,177,26,22,61,272,10,318,64,12,0.0188112669561,55,NewGudkova
113,183,2,74,81,273,8,318,82,-4,0.0188969693084,55,NewGudkova
35,11,30,171,58,276,9,50,62,164,0.019040093742,55,NewGudkova
63,14,40,175,47,276,9,152,70,38,0.0191954489971,55,NewGudkova
0,114,76,6,4,275,13,0,32,82,0.0192562128702,55,NewGudkova
105,175,30,21,57,272,11,318,60,14,0.0193719876397,55,NewGudkova
123,164,56,11,30,273,12,330,42,40,0.0196425491271,55,NewGudkova
47,6,14,154,73,274,8,50,74,176,0.019765266306,55,NewGudkova
125,156,61,9,24,273,13,334,38,48,0.0198721963534,55,NewGudkova
102,178,21,24,66,272,9,224,82,158,0.0198915874494,55,NewGudkova
107,176,27,23,59,272,11,318,62,12,0.0200685264354,55,NewGudkova
46,7,15,152,71,274,9,50,72,176,0.0201645729769,55,NewGudkova
84,144,69,6,15,273,13,196,60,108,0.0202689001171,55,NewGudkova
89,162,56,9,30,272,12,206,64,124,0.0202973269162,55,NewGudkova
44,7,18,157,69,274,9,50,70,174,0.0203107578265,55,NewGudkova
36,11,28,167,58,275,10,50,62,166,0.0203287927335,55,NewGudkova
31,12,35,172,52,275,9,48,58,160,0.0205039176796,55,NewGudkova
135,112,76,4,4,273,13,358,32,82,0.0206111139114,55,NewGudkova
122,167,50,11,36,272,11,326,46,34,0.0206926918568,55,NewGudkova
33,182,5,59,79,273,8,48,88,-170,0.0207550165405,55,NewGudkova
43,7,19,162,68,274,8,50,70,172,0.0208454717425,55,NewGudkova
127,151,65,8,20,273,13,338,36,54,0.0208557230156,55,NewGudkova
62,13,37,173,50,275,10,150,72,36,0.0208565169449,55,NewGudkova
114,3,1,101,80,273,9,318,84,-8,0.0212361362569,55,NewGudkova
131,140,71,6,13,273,13,346,34,66,0.0212662998925,55,NewGudkova
45,7,16,158,71,274,8,50,72,174,0.0212958930572,55,NewGudkova
115,183,0,93,81,273,8,318,84,-6,0.0216635138562,55,NewGudkova
70,29,60,181,26,277,12,166,62,60,0.0216700392121,55,NewGudkova
120,169,45,12,42,271,11,322,50,28,0.021872799811,55,NewGudkova
61,12,30,170,57,276,9,148,76,30,0.021937261406,55,NewGudkova
22,24,57,178,29,275,12,38,42,138,0.0220168321463,55,NewGudkova
71,30,62,180,24,275,12,166,62,62,0.0220786610799,55,NewGudkova
25,20,50,179,38,277,10,44,48,146,0.0221164370215,55,NewGudkova
100,176,25,22,62,271,10,222,80,154,0.0222788636221,55,NewGudkova
75,59,74,183,8,275,12,178,58,80,0.0223401338093,55,NewGudkova
99,177,28,20,59,272,10,222,78,152,0.0225595869365,55,NewGudkova
57,9,23,165,64,274,9,144,80,24,0.0225596517581,55,NewGudkova
55,7,18,158,69,274,9,142,84,20,0.0226056019361,55,NewGudkova
64,16,44,176,43,276,10,154,68,42,0.0226563628288,55,NewGudkova
95,170,43,13,44,271,11,214,70,138,0.0229919998656,55,NewGudkova
85,146,69,8,15,275,13,198,60,108,0.0230670689311,55,NewGudkova
13,47,71,181,13,274,13,22,34,114,0.0231519614545,55,NewGudkova
68,24,55,179,31,277,11,162,64,54,0.0235210657724,55,NewGudkova
29,16,40,175,47,276,10,48,54,156,0.0238392912077,55,NewGudkova
66,21,51,176,35,275,11,158,66,50,0.0238600920377,55,NewGudkova
14,49,71,183,13,276,13,24,34,114,0.0239812752388,55,NewGudkova
19,80,50,180,7,276,38,50,10,140,0.000442993866459,15,TAYAK
75,72,49,177,11,276,37,176,84,78,0.00122713959393,15,TAYAK
96,137,42,23,23,273,38,300,24,6,0.0013135777146,15,TAYAK
137,181,2,87,55,273,34,312,64,-24,0.00135293080279,15,TAYAK
87,110,50,11,7,274,38,192,84,98,0.00228848616033,15,TAYAK
89,128,46,18,17,273,38,200,86,108,0.0027702748226,15,TAYAK
66,36,33,155,35,277,35,68,36,-178,0.003016719161,15,TAYAK
28,6,2,100,55,274,34,56,64,-156,0.00317221114898,15,TAYAK
144,111,50,11,8,275,38,318,10,36,0.0042419017305,15,TAYAK
12,86,51,182,4,275,38,38,8,126,0.0043585168218,15,TAYAK
72,56,44,169,21,277,37,168,86,68,0.00470750251727,15,TAYAK
23,179,5,82,54,273,35,52,70,-150,0.00508054743442,15,TAYAK
27,76,50,178,10,276,37,56,12,148,0.0057780150939,15,TAYAK
43,67,48,174,15,276,37,64,16,160,0.0058886295033,15,TAYAK
65,38,35,158,34,277,35,68,34,-180,0.00611388840317,15,TAYAK
136,116,49,13,10,274,38,312,12,28,0.00685206081553,15,TAYAK
97,140,41,25,25,273,37,300,26,4,0.00744177930558,15,TAYAK
114,159,27,42,41,272,36,302,42,-8,0.00760368841159,15,TAYAK
121,166,21,51,46,272,35,304,48,-12,0.00795102241631,15,TAYAK
152,106,50,9,5,275,38,330,8,50,0.00811290753005,15,TAYAK
53,27,26,144,43,276,35,66,44,-172,0.00825029480258,15,TAYAK
95,133,43,21,21,273,38,300,22,8,0.00849215866981,15,TAYAK
158,29,28,148,41,277,34,332,86,-48,0.00863625377029,15,TAYAK
29,75,49,178,10,276,38,58,12,150,0.00890483076142,15,TAYAK
33,71,49,176,12,276,37,60,14,154,0.00906702025991,15,TAYAK
38,71,49,176,12,276,38,62,14,156,0.0093682717007,15,TAYAK
52,29,28,147,41,276,35,66,42,-174,0.00942893199221,15,TAYAK
14,86,51,182,4,276,38,40,8,128,0.00968098299189,15,TAYAK
93,140,41,25,25,272,37,206,88,116,0.00985721008105,15,TAYAK
49,63,47,172,17,276,37,66,18,164,0.00991964277743,15,TAYAK
106,152,32,34,35,271,36,300,36,-4,0.0104840362126,15,TAYAK
11,156,30,39,37,272,37,36,86,-128,0.010540360134,15,TAYAK
155,105,51,9,4,275,38,332,8,52,0.0105795505755,15,TAYAK
129,120,48,15,12,274,38,308,14,22,0.0106896722172,15,TAYAK
18,81,51,180,7,276,37,48,10,138,0.0110793550823,15,TAYAK
76,76,50,179,9,276,38,178,84,80,0.0112610394662,15,TAYAK
147,111,50,11,7,275,38,320,10,38,0.0115331734398,15,TAYAK
142,8,5,105,54,274,35,316,70,-30,0.0116231143245,15,TAYAK
98,143,39,27,27,273,37,300,28,2,0.0116760266371,15,TAYAK
86,106,50,9,5,274,38,190,84,96,0.0118381468384,15,TAYAK
64,41,37,160,31,277,35,68,32,178,0.0119620113937,15,TAYAK
104,150,34,32,33,272,36,300,34,-2,0.0122362572347,15,TAYAK
45,22,22,139,47,276,34,64,48,-170,0.0124272682126,15,TAYAK
69,44,39,163,29,277,35,162,88,60,0.0124736435322,15,TAYAK
58,53,44,168,23,277,36,68,24,170,0.0126472261075,15,TAYAK
141,111,49,11,8,274,38,316,10,34,0.0127855687605,15,TAYAK
20,177,7,76,53,272,35,50,72,-148,0.0128155940032,15,TAYAK
116,124,47,17,15,274,38,304,16,16,0.0128338175457,15,TAYAK
115,161,25,45,43,271,36,302,44,-10,0.0128741379109,15,TAYAK
111,130,45,19,19,273,37,302,20,12,0.0130829479799,15,TAYAK
123,120,48,15,13,274,38,306,14,20,0.0136481558062,15,TAYAK
99,146,37,30,29,273,37,300,30,0,0.0140449271901,15,TAYAK
56,57,45,170,21,278,36,68,22,168,0.0140964255761,15,TAYAK
67,34,31,152,37,277,35,68,38,-176,0.0141693088881,15,TAYAK
60,50,42,166,25,277,36,68,26,172,0.0145378375849,15,TAYAK
13,159,26,43,41,271,36,38,84,-132,0.0148473590344,15,TAYAK
42,16,14,125,51,275,34,62,54,-164,0.0148786215025,15,TAYAK
30,10,8,111,54,274,34,58,60,-160,0.0148788764812,15,TAYAK
131,174,12,68,52,273,35,308,56,-18,0.015020875798,15,TAYAK
63,44,39,162,29,277,35,68,30,176,0.0151789992889,15,TAYAK
40,18,17,129,49,275,34,62,52,-166,0.0154852542967,15,TAYAK
101,149,35,32,31,273,37,300,32,-2,0.0155279165625,15,TAYAK
74,68,49,175,13,276,37,174,84,76,0.0157738822296,15,TAYAK
62,47,41,164,27,277,36,68,28,174,0.0158826920893,15,TAYAK
36,13,10,118,53,275,34,60,58,-162,0.0159101943425,15,TAYAK
109,126,46,17,17,272,38,302,18,14,0.0159583481537,15,TAYAK
88,115,50,12,9,275,38,194,84,100,0.0160755929764,15,TAYAK
10,157,29,39,39,271,36,36,86,-130,0.0161092589169,15,TAYAK
159,105,51,9,4,276,38,334,8,54,0.0161455538742,15,TAYAK
57,55,44,168,21,276,37,68,22,170,0.0163116289325,15,TAYAK
145,10,7,111,53,275,35,318,72,-32,0.0164323163885,15,TAYAK
51,59,46,170,19,276,37,66,20,166,0.0166025238363,15,TAYAK
154,27,25,144,43,277,35,330,84,-46,0.0166897159845,15,TAYAK
126,170,16,60,49,273,36,306,52,-16,0.0168024338655,15,TAYAK
15,85,50,182,5,276,38,42,8,130,0.0169439380121,15,TAYAK
70,46,40,163,27,276,36,162,88,62,0.0174968776333,15,TAYAK
102,147,36,30,31,272,36,300,32,0,0.0175406418139,15,TAYAK
143,7,4,103,56,274,33,316,70,-28,0.0175835810072,15,TAYAK
108,128,45,19,17,274,38,302,18,12,0.0177551734168,15,TAYAK
103,151,33,34,33,273,37,300,34,-4,0.0179124786979,15,TAYAK
132,175,9,72,52,272,35,308,58,-20,0.0179549420527,15,TAYAK
150,106,50,9,5,275,39,326,8,46,0.0181394211199,15,TAYAK
107,155,30,37,37,271,37,300,38,-6,0.0182146581357,15,TAYAK
47,21,19,135,48,276,34,64,50,-168,0.0185297703199,15,TAYAK
135,177,8,76,54,273,34,310,60,-20,0.0188042242713,15,TAYAK
134,178,7,78,53,273,35,310,60,-22,0.0189320880706,15,TAYAK
39,67,48,174,14,276,37,62,16,158,0.0189428909802,15,TAYAK
59,52,43,166,23,276,37,68,24,172,0.0189674422565,15,TAYAK
46,21,21,136,46,275,35,64,48,-168,0.0190491771866,15,TAYAK
128,171,14,62,51,272,34,306,54,-16,0.0190968408081,15,TAYAK
117,122,47,15,15,272,38,304,16,18,0.0192437498984,15,TAYAK
157,30,29,148,39,276,36,332,86,-50,0.0192881874989,15,TAYAK
160,103,51,7,4,274,38,334,8,56,0.0196524681864,15,TAYAK
5,87,51,182,3,275,37,32,8,120,0.0197385268657,15,TAYAK
55,59,45,170,19,276,37,68,20,168,0.0198021095404,15,TAYAK
138,116,49,13,10,275,38,314,12,30,0.01985239989,15,TAYAK
26,182,2,89,54,274,34,54,68,-152,0.0198931361892,15,TAYAK
25,76,50,178,9,276,37,54,12,146,0.0201884422852,15,TAYAK
94,130,44,19,19,272,38,300,20,10,0.0202686561883,15,TAYAK
6,150,34,33,33,272,37,32,88,-124,0.0203074514716,15,TAYAK
85,104,50,9,3,276,38,190,84,94,0.0207493814136,15,TAYAK
83,100,50,7,1,276,38,188,84,92,0.0209097884194,15,TAYAK
127,169,17,58,49,272,34,306,52,-14,0.0209705298128,15,TAYAK
71,52,43,167,23,276,36,166,86,66,0.0211200916367,15,TAYAK
78,81,50,180,7,277,38,180,84,82,0.0211381082724,15,TAYAK
48,65,47,174,17,278,37,66,18,162,0.0213691399906,15,TAYAK
119,126,47,17,17,273,37,304,18,16,0.0214112598815,15,TAYAK
122,167,18,55,48,271,35,304,50,-14,0.0216473445567,15,TAYAK
113,158,29,39,39,272,36,302,40,-6,0.0216943255491,15,TAYAK
54,61,46,172,19,278,37,68,20,166,0.0217782148367,15,TAYAK
31,9,5,107,54,275,34,58,62,-158,0.0218143713318,15,TAYAK
140,5,2,98,54,273,34,314,68,-28,0.0219257506325,15,TAYAK
84,102,50,7,3,274,38,188,84,94,0.0219765810419,15,TAYAK
2,96,50,5,0,275,39,4,6,88,0.0220071777507,15,TAYAK
100,145,38,27,29,272,36,300,30,2,0.0220835640264,15,TAYAK
161,33,32,152,37,276,35,334,88,-52,0.0221339141511,15,TAYAK
120,167,20,54,46,273,36,304,48,-14,0.0221602798727,15,TAYAK
110,132,44,21,19,274,38,302,20,10,0.0222595036567,15,TAYAK
3,96,51,6,0,276,39,6,6,90,0.0223950279281,15,TAYAK
82,96,50,186,0,276,39,186,84,90,0.0223950279281,15,TAYAK
50,61,46,172,19,278,36,66,20,164,0.0224079872406,15,TAYAK
130,118,49,13,12,273,38,308,14,24,0.0224253978252,15,TAYAK
8,153,33,35,35,272,36,34,88,-126,0.0224520545553,15,TAYAK
22,180,4,84,56,273,33,52,70,-152,0.022728062699,15,TAYAK
24,80,50,180,8,276,38,54,10,144,0.0227889108368,15,TAYAK
79,83,50,180,5,275,38,180,84,84,0.0228178267113,15,TAYAK
34,14,13,122,52,275,33,60,56,-164,0.0229211959937,15,TAYAK
139,184,0,94,55,274,34,314,66,-26,0.0229374639689,15,TAYAK
153,103,51,7,4,273,38,330,8,52,0.02296995933,15,TAYAK
146,9,6,109,55,275,33,318,72,-30,0.0230322211232,15,TAYAK
61,48,41,164,25,276,37,68,26,174,0.0230721956224,15,TAYAK
118,128,46,19,17,274,38,304,18,14,0.0231514306725,15,TAYAK
149,19,18,132,48,275,34,324,80,-40,0.0231891807794,15,TAYAK
105,154,31,37,35,273,37,300,36,-6,0.0231986524398,15,TAYAK
35,13,12,119,52,274,35,60,56,-162,0.0232474654893,15,TAYAK
80,87,50,182,3,275,38,182,84,86,0.0233300120749,15,TAYAK
112,134,44,21,21,273,37,302,22,10,0.0233303728622,15,TAYAK
68,47,40,164,27,278,36,70,28,176,0.0233334035432,15,TAYAK
4,95,50,186,0,276,39,8,6,92,0.0233491364659,15,TAYAK
81,91,50,184,1,275,38,184,84,88,0.0233687943558,15,TAYAK
125,122,48,15,15,273,37,306,16,20,0.0234278013585,15,TAYAK
92,138,42,25,23,274,38,206,88,114,0.0234371220084,15,TAYAK
77,79,50,178,7,275,38,178,84,82,0.0234608028152,15,TAYAK
90,132,45,20,19,274,37,202,86,110,0.0236697603109,15,TAYAK
41,17,16,129,51,276,33,62,54,-166,0.0237721204698,15,TAYAK
32,75,49,178,10,277,38,60,12,152,0.023837953914,15,TAYAK
17,171,16,60,50,273,34,46,78,-142,0.0238945603791,15,TAYAK
73,66,48,175,15,278,37,174,84,74,0.0239568818602,15,TAYAK
91,136,42,23,23,272,38,204,88,114,0.0239843222178,15,TAYAK
37,12,9,115,52,275,35,60,58,-160,0.024000202052,15,TAYAK
90,140,41,25,25,272,37,206,88,116,0.00213263315176,35,TAYAK
109,159,27,42,41,272,36,302,42,-8,0.00252002399828,35,TAYAK
68,41,37,160,31,277,35,68,32,178,0.00273591282976,35,TAYAK
21,81,51,180,7,276,37,48,10,138,0.00343403169516,35,TAYAK
116,166,21,51,46,272,35,304,48,-12,0.00356655045548,35,TAYAK
60,29,28,147,41,276,35,66,42,-174,0.00369666228096,35,TAYAK
67,44,39,162,29,277,35,68,30,176,0.0042196422825,35,TAYAK
51,22,22,139,47,276,34,64,48,-170,0.00446076723457,35,TAYAK
66,47,41,164,27,277,36,68,28,174,0.00458405516452,35,TAYAK
65,50,42,166,25,277,36,68,26,172,0.00502302246203,35,TAYAK
132,181,2,87,55,273,34,312,64,-24,0.00524223948446,35,TAYAK
69,38,35,158,34,277,35,68,34,-180,0.00553675984333,35,TAYAK
37,71,49,176,12,276,37,60,14,154,0.00598640110992,35,TAYAK
84,115,50,12,9,275,38,194,84,100,0.00681686096201,35,TAYAK
31,76,50,178,10,276,37,56,12,148,0.00713882824933,35,TAYAK
105,130,45,19,19,273,37,302,20,12,0.00719909510656,35,TAYAK
79,68,49,175,13,276,37,174,84,76,0.00795966736226,35,TAYAK
93,140,41,25,25,273,37,300,26,4,0.00797352458571,35,TAYAK
142,111,50,11,7,275,38,320,10,38,0.00812012853167,35,TAYAK
28,76,50,178,9,276,37,54,12,146,0.00848715882293,35,TAYAK
33,6,2,100,55,274,34,56,64,-156,0.00895058992186,35,TAYAK
63,53,44,168,23,277,36,68,24,170,0.00933144856687,35,TAYAK
8,86,51,182,4,275,38,34,8,122,0.00962642667617,35,TAYAK
71,44,39,163,29,277,35,162,88,60,0.00965168777528,35,TAYAK
42,67,48,174,14,276,37,62,16,158,0.0099224154768,35,TAYAK
92,137,42,23,23,273,38,300,24,6,0.0100871492222,35,TAYAK
101,150,34,32,33,272,36,300,34,-2,0.0103611730991,35,TAYAK
74,52,43,167,23,276,36,166,86,66,0.0106894804753,35,TAYAK
83,110,50,11,7,274,38,192,84,98,0.0107322402214,35,TAYAK
156,29,28,148,41,277,34,332,86,-48,0.0107641511173,35,TAYAK
95,143,39,27,27,273,37,300,28,2,0.0109528809166,35,TAYAK
133,116,49,13,10,275,38,314,12,30,0.011061152542,35,TAYAK
27,179,5,82,54,273,35,52,70,-150,0.0111193189844,35,TAYAK
131,116,49,13,10,274,38,312,12,28,0.0112160001602,35,TAYAK
138,7,4,103,56,274,33,316,70,-28,0.0115151997946,35,TAYAK
100,147,36,30,31,272,36,300,32,0,0.0115814506174,35,TAYAK
106,134,44,21,21,273,37,302,22,10,0.0117108764635,35,TAYAK
122,120,48,15,12,274,38,308,14,22,0.0119888486187,35,TAYAK
80,72,49,177,11,276,37,176,84,78,0.0120644725288,35,TAYAK
114,126,47,17,17,273,37,304,18,16,0.0120715628045,35,TAYAK
6,87,51,182,3,275,37,32,8,120,0.0124603228815,35,TAYAK
36,10,8,111,54,274,34,58,60,-160,0.0125250236644,35,TAYAK
22,80,50,180,7,276,38,50,10,140,0.0125455379701,35,TAYAK
108,158,29,39,39,272,36,302,40,-6,0.0125652480908,35,TAYAK
49,63,47,172,17,276,37,64,18,162,0.0132492675421,35,TAYAK
70,36,33,155,35,277,35,68,36,-178,0.0132576435173,35,TAYAK
130,177,8,76,54,273,34,310,60,-20,0.013334218622,35,TAYAK
120,169,17,58,49,272,34,306,52,-14,0.0134469445354,35,TAYAK
11,157,29,39,39,271,36,36,86,-130,0.0134645819066,35,TAYAK
9,153,33,35,35,272,36,34,88,-126,0.0135888008305,35,TAYAK
157,105,51,9,4,276,38,334,8,54,0.0137174705663,35,TAYAK
164,102,51,7,3,274,37,338,8,60,0.0137740429243,35,TAYAK
162,103,51,7,4,274,38,336,8,58,0.0140579421147,35,TAYAK
124,174,12,68,52,273,35,308,56,-18,0.0140690092081,35,TAYAK
88,132,45,20,19,274,37,202,86,110,0.0141093566042,35,TAYAK
154,105,51,9,4,275,38,332,8,52,0.0141540631914,35,TAYAK
44,18,17,129,49,275,34,62,52,-166,0.0146620997992,35,TAYAK
56,59,46,170,19,276,37,66,20,166,0.0146670345667,35,TAYAK
87,128,46,18,17,273,38,200,86,108,0.0146698726016,35,TAYAK
97,146,37,30,29,273,37,300,30,0,0.0147767265244,35,TAYAK
139,111,50,11,8,275,38,318,10,36,0.0148305511897,35,TAYAK
35,71,50,176,12,276,37,58,14,152,0.0150925403127,35,TAYAK
55,61,46,172,19,278,36,66,20,164,0.0151461514356,35,TAYAK
117,124,47,17,15,274,38,306,16,18,0.0152920012203,35,TAYAK
98,145,38,27,29,272,36,300,30,2,0.0152926294031,35,TAYAK
102,152,32,34,35,271,36,300,36,-4,0.0155551860707,35,TAYAK
118,122,48,15,15,273,37,306,16,20,0.0156437157498,35,TAYAK
59,31,30,150,39,276,34,66,40,-176,0.0158169986182,35,TAYAK
39,13,10,118,53,275,34,60,58,-162,0.0160754578385,35,TAYAK
12,156,30,39,37,272,37,36,86,-128,0.0164027953022,35,TAYAK
61,27,26,144,43,276,35,66,44,-172,0.0164585450777,35,TAYAK
75,56,44,169,21,277,37,168,86,68,0.0164836587038,35,TAYAK
26,180,4,84,56,273,33,52,70,-152,0.0165628279663,35,TAYAK
23,177,7,76,53,272,35,50,72,-148,0.0167173770928,35,TAYAK
47,67,48,174,15,276,37,64,16,160,0.0168089759288,35,TAYAK
38,14,13,122,52,275,33,60,56,-164,0.0168307253024,35,TAYAK
127,120,49,15,12,275,38,310,14,24,0.0170648495589,35,TAYAK
159,33,32,152,37,276,35,334,88,-52,0.0172268287892,35,TAYAK
160,31,31,152,39,277,34,334,88,-50,0.0172851902537,35,TAYAK
137,8,5,105,54,274,35,316,70,-30,0.0176055341156,35,TAYAK
62,57,45,170,21,278,36,68,22,168,0.0176166769945,35,TAYAK
153,106,50,9,5,275,38,330,8,50,0.0179760040356,35,TAYAK
3,89,52,184,3,276,37,30,8,116,0.0181118837073,35,TAYAK
91,133,43,21,21,273,38,300,22,8,0.018313863369,35,TAYAK
20,171,16,60,50,273,34,46,78,-142,0.0184113964669,35,TAYAK
115,164,23,48,45,272,35,304,46,-10,0.0184608578196,35,TAYAK
5,89,51,184,3,277,37,32,8,118,0.0185059525513,35,TAYAK
147,15,15,126,52,275,33,322,78,-36,0.0186052007231,35,TAYAK
99,149,35,32,31,273,37,300,32,-2,0.0188534090136,35,TAYAK
78,66,48,175,15,278,37,174,84,74,0.0188848089849,35,TAYAK
96,142,40,25,27,271,36,300,28,4,0.0191508412348,35,TAYAK
166,102,52,7,3,275,37,342,8,64,0.0193277688147,35,TAYAK
72,46,40,163,27,276,36,162,88,62,0.0193523762787,35,TAYAK
1,90,52,184,3,276,37,28,8,114,0.0193861792234,35,TAYAK
18,168,18,55,48,272,34,44,80,-140,0.0194093702461,35,TAYAK
113,128,46,19,17,274,38,304,18,14,0.019534364898,35,TAYAK
151,21,21,137,47,275,34,326,82,-42,0.0196051663217,35,TAYAK
121,171,14,62,51,272,34,306,54,-16,0.019614053339,35,TAYAK
110,161,25,45,43,271,36,302,44,-10,0.0197298354107,35,TAYAK
57,57,46,171,21,277,36,66,22,166,0.0198947680569,35,TAYAK
119,170,16,60,49,273,36,306,52,-16,0.0202359972345,35,TAYAK
85,117,49,12,11,273,37,194,84,102,0.0202869233659,35,TAYAK
17,81,51,180,6,275,37,44,10,134,0.0203853404908,35,TAYAK
123,118,49,13,12,273,38,308,14,24,0.0204109243841,35,TAYAK
48,64,48,174,16,278,36,64,18,160,0.0205197689251,35,TAYAK
150,18,17,131,50,275,33,324,80,-38,0.0205301976403,35,TAYAK
149,19,18,132,48,275,34,324,80,-40,0.0208202519593,35,TAYAK
141,9,6,109,55,275,33,318,72,-30,0.0208367764373,35,TAYAK
135,4,1,96,56,273,33,314,68,-26,0.0209922935136,35,TAYAK
45,17,16,129,51,276,33,62,54,-166,0.0211991209766,35,TAYAK
146,108,51,9,7,273,37,322,10,42,0.0212763198133,35,TAYAK
34,75,49,178,10,276,38,58,12,150,0.021383016579,35,TAYAK
128,118,49,13,12,273,37,310,14,26,0.0214724481951,35,TAYAK
134,113,50,11,10,273,37,314,12,32,0.0214970648638,35,TAYAK
89,133,44,20,21,272,37,202,86,112,0.0215672226454,35,TAYAK
29,183,1,91,56,274,33,54,68,-154,0.0216165189688,35,TAYAK
46,16,14,125,51,275,34,62,54,-164,0.0217869452948,35,TAYAK
0,90,52,184,2,276,37,26,8,112,0.0218138460203,35,TAYAK
43,18,18,132,50,276,33,62,52,-168,0.0218837398842,35,TAYAK
40,71,49,176,12,276,38,62,14,156,0.0219004771308,35,TAYAK
16,165,22,50,45,273,35,42,82,-136,0.021966304027,35,TAYAK
14,159,26,43,41,271,36,38,84,-132,0.0219689797,35,TAYAK
148,110,51,11,7,275,37,324,10,42,0.0220956475424,35,TAYAK
30,182,2,89,54,274,34,54,68,-152,0.0222653389867,35,TAYAK
25,76,51,178,9,276,37,52,12,144,0.0222784295454,35,TAYAK
76,62,47,173,17,277,36,172,84,72,0.0222974545474,35,TAYAK
58,55,45,168,21,276,36,66,22,168,0.0224185946426,35,TAYAK
15,86,51,182,4,276,38,40,8,128,0.0224386036377,35,TAYAK
103,126,46,17,17,272,38,302,18,14,0.0224411934631,35,TAYAK
52,21,19,135,48,276,34,64,50,-168,0.0224879907432,35,TAYAK
82,106,50,9,5,274,38,190,84,96,0.0225658596019,35,TAYAK
144,13,12,120,53,274,33,320,76,-34,0.0225861542671,35,TAYAK
50,24,24,142,45,276,34,64,46,-172,0.0226024591351,35,TAYAK
2,87,52,182,3,274,37,28,8,116,0.0226503668565,35,TAYAK
143,109,50,9,7,273,38,320,10,40,0.022699574925,35,TAYAK
77,64,48,173,15,276,37,172,84,74,0.0227189685531,35,TAYAK
107,137,43,23,23,273,37,302,24,8,0.0227403789569,35,TAYAK
140,10,7,111,53,275,35,318,72,-32,0.022797105096,35,TAYAK
125,175,9,72,52,272,35,308,58,-20,0.0229100999155,35,TAYAK
64,52,43,166,23,276,37,68,24,172,0.0230042346517,35,TAYAK
41,69,49,176,14,278,36,62,16,156,0.0230172367752,35,TAYAK
86,119,49,14,11,275,37,196,84,102,0.0230483792243,35,TAYAK
136,115,50,13,10,275,37,316,12,32,0.0231707866115,35,TAYAK
81,76,50,179,9,276,38,178,84,80,0.023174009378,35,TAYAK
94,139,41,23,25,271,37,300,26,6,0.0232911832794,35,TAYAK
73,50,43,167,25,278,35,166,86,64,0.0233271714102,35,TAYAK
167,101,52,7,3,275,37,344,8,66,0.0233429606441,35,TAYAK
104,132,44,21,19,274,38,302,20,10,0.0235022479176,35,TAYAK
112,122,47,15,15,272,38,304,16,18,0.0237566178487,35,TAYAK
129,178,7,78,53,273,35,310,60,-22,0.0238680818829,35,TAYAK
53,65,47,174,17,278,37,66,18,162,0.0239919402686,35,TAYAK
107,134,44,21,21,273,37,302,22,10,0.000677815982762,55,TAYAK
111,158,29,39,39,272,36,302,40,-6,0.00421730301693,55,TAYAK
60,22,22,139,47,276,34,64,48,-170,0.00536671241893,55,TAYAK
121,169,17,58,49,272,34,306,52,-14,0.00597578720791,55,TAYAK
143,7,4,103,56,274,33,316,70,-28,0.00633922561146,55,TAYAK
72,47,41,164,27,277,36,68,28,174,0.00694030360307,55,TAYAK
73,44,39,162,29,277,35,68,30,176,0.00723834415131,55,TAYAK
169,102,51,7,3,274,37,340,8,62,0.00743734215919,55,TAYAK
170,102,52,7,3,275,37,342,8,64,0.00743877936804,55,TAYAK
35,76,50,178,9,276,37,54,12,146,0.00748668197695,55,TAYAK
25,81,51,180,7,276,37,46,10,136,0.00753425919191,55,TAYAK
82,52,43,167,23,276,36,166,86,66,0.00764606762936,55,TAYAK
14,153,33,35,35,272,36,34,88,-126,0.00767715209113,55,TAYAK
42,71,50,176,12,276,37,58,14,152,0.00806482221579,55,TAYAK
131,177,8,76,54,273,34,310,60,-20,0.00946931095697,55,TAYAK
117,166,21,51,46,272,35,304,48,-12,0.00959012835617,55,TAYAK
63,57,46,171,21,277,36,66,22,166,0.00996939527557,55,TAYAK
67,31,30,150,39,276,34,66,40,-176,0.0100901400514,55,TAYAK
75,41,37,160,31,277,35,68,32,178,0.0103487623848,55,TAYAK
71,50,42,166,25,277,36,68,26,172,0.010384710103,55,TAYAK
163,31,31,152,39,277,34,334,88,-50,0.0104354420104,55,TAYAK
92,132,45,20,19,274,37,202,86,110,0.0106734341455,55,TAYAK
171,101,52,7,3,275,37,344,8,66,0.0106831144106,55,TAYAK
69,29,28,147,41,276,35,66,42,-174,0.0106891258208,55,TAYAK
33,180,4,84,56,273,33,52,70,-152,0.0107198277625,55,TAYAK
112,159,27,42,41,272,36,302,42,-8,0.010726279228,55,TAYAK
22,81,51,180,6,275,37,44,10,134,0.0108592208418,55,TAYAK
114,126,47,17,17,273,37,304,18,16,0.0110619656475,55,TAYAK
4,90,52,184,2,276,37,26,8,112,0.0112355744378,55,TAYAK
116,164,23,48,45,272,35,304,46,-10,0.0114810521146,55,TAYAK
135,181,2,87,55,273,34,312,64,-24,0.0115810108468,55,TAYAK
32,76,51,178,9,276,37,52,12,144,0.0117018552987,55,TAYAK
149,15,15,126,52,275,33,322,78,-36,0.0118042604752,55,TAYAK
6,90,52,184,3,276,37,28,8,114,0.0119419338636,55,TAYAK
88,115,50,12,9,275,38,194,84,100,0.01202357574,55,TAYAK
50,67,48,174,14,276,37,62,16,158,0.0120855012397,55,TAYAK
47,14,13,122,52,275,33,60,56,-164,0.0121126226987,55,TAYAK
147,111,50,11,7,275,38,322,10,40,0.0121959200558,55,TAYAK
23,168,18,55,48,272,34,44,80,-140,0.0122386101122,55,TAYAK
137,116,49,13,10,275,38,314,12,30,0.0126285934909,55,TAYAK
94,140,41,25,25,272,37,206,88,116,0.0126605926197,55,TAYAK
108,137,43,23,23,273,37,302,24,8,0.01273961074,55,TAYAK
153,18,17,131,50,275,33,324,80,-38,0.0127870995704,55,TAYAK
115,130,46,19,19,273,37,304,20,14,0.0133354849388,55,TAYAK
103,147,36,30,31,272,36,300,32,0,0.0133959768026,55,TAYAK
83,62,47,173,17,277,36,172,84,72,0.0134273296819,55,TAYAK
44,10,8,111,54,274,34,58,60,-160,0.0135262437797,55,TAYAK
86,68,49,175,13,276,37,174,84,76,0.0137084318561,55,TAYAK
52,18,18,132,50,276,33,62,52,-168,0.0140456166554,55,TAYAK
129,120,49,15,12,275,38,310,14,24,0.0140688259769,55,TAYAK
102,145,38,27,29,272,36,300,30,2,0.014529790518,55,TAYAK
106,130,45,19,19,273,37,302,20,12,0.0145436608247,55,TAYAK
56,63,47,172,17,276,37,64,18,162,0.014595847792,55,TAYAK
26,171,16,60,50,273,34,46,78,-142,0.0146765048752,55,TAYAK
91,121,49,14,13,273,37,196,84,104,0.0148147985055,55,TAYAK
8,89,52,184,3,276,37,30,8,116,0.0148474864657,55,TAYAK
172,101,52,7,2,275,37,346,8,68,0.0149120574359,55,TAYAK
150,110,51,11,7,275,37,324,10,42,0.0149461008136,55,TAYAK
59,24,24,142,45,276,34,64,46,-172,0.0150620754988,55,TAYAK
40,6,2,100,55,274,34,56,64,-156,0.0152367213207,55,TAYAK
140,115,50,13,10,275,37,316,12,32,0.0152488771101,55,TAYAK
110,155,31,37,37,272,35,302,38,-4,0.0153750468707,55,TAYAK
119,122,48,15,15,273,37,306,16,20,0.0154419404393,55,TAYAK
93,133,44,20,21,272,37,202,86,112,0.0154463141301,55,TAYAK
90,119,49,14,11,275,37,196,84,102,0.0156571620395,55,TAYAK
11,87,51,182,3,275,37,32,8,120,0.0156920448509,55,TAYAK
76,38,35,158,34,277,35,68,34,-180,0.0157023125116,55,TAYAK
84,64,48,173,15,276,37,172,84,74,0.01576150816,55,TAYAK
61,61,46,172,19,278,36,66,20,164,0.0159310145203,55,TAYAK
130,118,49,13,12,273,37,310,14,26,0.0160148150036,55,TAYAK
126,174,12,68,52,273,35,308,56,-18,0.0163187002182,55,TAYAK
55,64,48,174,16,278,36,64,18,160,0.0163762656449,55,TAYAK
165,103,51,7,4,274,38,336,8,58,0.0164688390576,55,TAYAK
104,150,34,32,33,272,36,300,34,-2,0.0164705559139,55,TAYAK
16,157,29,39,39,271,36,36,86,-130,0.0166036932391,55,TAYAK
80,44,39,163,29,277,35,162,88,60,0.0166823832873,55,TAYAK
156,21,21,137,47,275,34,326,82,-42,0.0167538806801,55,TAYAK
139,4,1,96,56,273,33,314,68,-26,0.0168593746345,55,TAYAK
151,108,51,9,7,273,37,324,10,44,0.0169538968197,55,TAYAK
125,122,48,15,14,273,37,308,16,22,0.0170387910507,55,TAYAK
70,53,44,168,23,277,36,68,24,170,0.0170949598447,55,TAYAK
65,53,44,169,23,277,35,66,24,168,0.0171100338761,55,TAYAK
162,33,32,152,37,276,35,334,88,-52,0.017364262289,55,TAYAK
45,71,49,176,12,276,37,60,14,154,0.0173883342938,55,TAYAK
34,179,5,82,54,273,35,52,70,-150,0.0174322035998,55,TAYAK
36,183,1,91,56,274,33,54,68,-154,0.0175563398653,55,TAYAK
53,18,17,129,49,275,34,62,52,-166,0.0175996558069,55,TAYAK
146,13,12,120,53,274,33,320,76,-34,0.0178128383003,55,TAYAK
97,140,41,25,25,273,37,300,26,4,0.0178441177032,55,TAYAK
46,67,49,174,14,276,36,60,16,156,0.0181388849118,55,TAYAK
12,86,51,182,4,275,38,34,8,122,0.0182027136773,55,TAYAK
159,29,28,148,41,277,34,332,86,-48,0.018249103668,55,TAYAK
100,142,40,25,27,271,36,300,28,4,0.0182526837462,55,TAYAK
7,87,52,182,3,274,37,28,8,116,0.0183015384805,55,TAYAK
99,143,39,27,27,273,37,300,28,2,0.0184095961011,55,TAYAK
141,113,50,11,9,273,37,316,12,34,0.018483482877,55,TAYAK
158,24,24,141,45,275,34,328,84,-44,0.018652795277,55,TAYAK
1,91,52,184,2,275,37,20,8,106,0.0188554420308,55,TAYAK
118,124,47,17,15,274,38,306,16,18,0.0189806993382,55,TAYAK
48,13,10,118,53,275,34,60,58,-162,0.0190071486264,55,TAYAK
20,165,22,50,45,273,35,42,82,-136,0.0191546480343,55,TAYAK
79,41,38,161,31,277,35,160,88,58,0.0191638135158,55,TAYAK
66,33,32,153,37,276,34,66,38,-178,0.0192120284838,55,TAYAK
10,89,51,184,3,277,37,32,8,118,0.0192234577616,55,TAYAK
164,105,51,9,4,276,38,336,8,56,0.0192454619461,55,TAYAK
157,20,20,136,49,276,33,326,82,-40,0.0193283716547,55,TAYAK
127,173,13,65,52,272,33,308,56,-16,0.0195966548619,55,TAYAK
37,76,50,178,10,276,37,56,12,148,0.0196498961654,55,TAYAK
19,166,21,50,47,272,34,42,82,-138,0.0196886891548,55,TAYAK
81,50,43,167,25,278,35,166,86,64,0.0199149585318,55,TAYAK
155,108,51,9,6,274,37,326,10,46,0.0200479863631,55,TAYAK
49,69,49,176,14,278,36,62,16,156,0.0201413790723,55,TAYAK
138,113,50,11,10,273,37,314,12,32,0.0202884028088,55,TAYAK
89,117,49,12,11,273,37,194,84,102,0.02044285119,55,TAYAK
68,30,29,150,41,277,33,66,42,-176,0.0206394793702,55,TAYAK
144,9,6,109,55,275,33,318,72,-30,0.0206424054242,55,TAYAK
13,154,32,35,37,271,35,34,88,-128,0.0207524126051,55,TAYAK
64,55,45,168,21,276,36,66,22,168,0.0207760548954,55,TAYAK
57,60,47,173,18,277,36,64,20,162,0.0208160384534,55,TAYAK
38,71,50,176,12,276,36,56,14,150,0.0210291417534,55,TAYAK
62,59,46,170,19,276,37,66,20,166,0.0211216965213,55,TAYAK
85,66,48,175,15,278,37,174,84,74,0.0211377878848,55,TAYAK
54,17,16,129,51,276,33,62,54,-166,0.0211961186299,55,TAYAK
17,162,25,45,43,272,35,40,84,-134,0.0212763701106,55,TAYAK
152,19,18,132,48,275,34,324,80,-40,0.0213304583547,55,TAYAK
96,137,42,23,23,273,38,300,24,6,0.0214244173769,55,TAYAK
101,146,37,30,29,273,37,300,30,0,0.0215138515421,55,TAYAK
123,120,48,15,12,274,38,308,14,22,0.0217525212275,55,TAYAK
31,177,7,76,53,272,35,50,72,-148,0.0219369863472,55,TAYAK
5,88,52,182,3,274,37,26,8,114,0.0220898380565,55,TAYAK
134,118,50,13,12,273,37,312,14,28,0.0221289098254,55,TAYAK
41,73,50,178,12,278,36,58,14,150,0.0221452924702,55,TAYAK
124,124,48,17,15,275,37,308,16,20,0.0221969846578,55,TAYAK
109,141,41,25,25,273,37,302,26,6,0.0222600968652,55,TAYAK
21,83,51,182,6,277,37,44,10,132,0.0222841438724,55,TAYAK
0,91,52,184,1,275,37,18,8,104,0.0223066183228,55,TAYAK
128,174,10,69,53,272,34,308,58,-18,0.0223087596322,55,TAYAK
122,171,14,62,51,272,34,306,54,-16,0.0225794187431,55,TAYAK
113,128,46,19,17,274,38,304,18,14,0.0226043137024,55,TAYAK
132,116,49,13,10,274,38,312,12,28,0.0226191539665,55,TAYAK
58,59,46,170,19,276,36,64,20,164,0.0226320997126,55,TAYAK
95,143,40,26,27,273,36,208,88,118,0.0226837314669,55,TAYAK
168,104,51,9,3,276,37,340,8,60,0.0227582288655,55,TAYAK
43,10,9,114,55,274,32,58,60,-162,0.0228586717368,55,TAYAK
77,40,36,160,33,278,34,68,34,178,0.0229458557514,55,TAYAK
87,110,50,11,7,274,38,192,84,98,0.0232125557628,55,TAYAK
51,62,48,172,16,276,36,62,18,160,0.0234777105453,55,TAYAK
78,36,33,155,35,277,35,68,36,-178,0.0234946646699,55,TAYAK
133,120,49,15,12,275,37,312,14,26,0.0235166654136,55,TAYAK
98,139,41,23,25,271,37,300,26,6,0.0236863735923,55,TAYAK
74,42,38,162,31,278,34,68,32,176,0.0236968062556,55,TAYAK
29,174,13,66,51,273,35,48,76,-144,0.023758651177,55,TAYAK
105,152,32,34,35,271,36,300,36,-4,0.023822516799,55,TAYAK
142,8,5,105,54,274,35,316,70,-30,0.0238534558527,55,TAYAK
28,174,12,67,53,273,33,48,76,-146,0.0239149146023,55,TAYAK
30,178,6,78,55,272,33,50,72,-150,0.0240093881435,55,TAYAK
45,51,32,158,24,277,46,88,26,-162,0.00244714479538,15,Combined
84,92,41,183,1,275,48,158,4,-116,0.00269957890229,15,Combined
183,27,19,132,38,276,45,326,74,-50,0.00357126660047,15,Combined
193,80,40,177,7,276,48,358,86,-82,0.00399562579903,15,Combined
31,17,11,118,42,275,45,68,50,-152,0.00405413910479,15,Combined
44,48,31,155,26,277,46,86,28,-162,0.00432390617485,15,Combined
129,104,40,10,4,275,48,238,6,-42,0.00432745893539,15,Combined
21,171,10,71,41,272,46,50,68,-136,0.00467212629499,15,Combined
169,173,9,75,43,272,45,302,52,-30,0.00518674899747,15,Combined
83,92,41,183,1,276,48,156,4,-118,0.00536470163731,15,Combined
130,104,40,10,4,274,48,240,6,-40,0.00572092814823,15,Combined
19,159,19,54,36,272,46,42,74,-128,0.0057695325154,15,Combined
46,54,33,160,22,277,47,90,24,-162,0.00587298047505,15,Combined
38,33,23,140,34,277,46,78,38,-158,0.00652168141379,15,Combined
16,144,29,37,27,272,47,32,80,-118,0.00733855758684,15,Combined
162,158,20,52,35,272,46,292,40,-24,0.00736421416798,15,Combined
47,57,35,162,20,277,47,92,22,-162,0.00743345022016,15,Combined
48,60,36,164,18,277,47,94,20,-162,0.00750069044613,15,Combined
6,103,40,10,3,275,48,10,86,-94,0.00782890002112,15,Combined
134,108,40,12,6,274,48,250,8,-32,0.00790847801194,15,Combined
49,63,37,167,17,276,47,96,18,-162,0.00811528290932,15,Combined
192,76,40,175,9,276,48,356,86,-80,0.00852682256375,15,Combined
17,150,26,43,31,272,47,36,78,-122,0.00854089866568,15,Combined
20,168,13,66,40,272,46,48,70,-134,0.0090932709154,15,Combined
30,14,9,112,43,275,45,66,52,-150,0.00934270894934,15,Combined
138,111,39,14,8,274,48,258,10,-26,0.0100235138189,15,Combined
36,30,21,138,36,276,45,76,40,-158,0.0101467272348,15,Combined
0,84,40,179,5,276,48,0,86,-84,0.0101537576071,15,Combined
170,176,6,80,43,273,45,304,54,-32,0.0102252360479,15,Combined
186,42,28,150,29,276,46,336,80,-60,0.010244065411,15,Combined
143,119,38,18,12,273,48,266,14,-22,0.0103718884225,15,Combined
185,36,25,144,33,276,46,332,78,-56,0.0104126591051,15,Combined
149,126,36,22,16,272,48,272,18,-20,0.0104593025704,15,Combined
54,70,38,171,13,276,48,102,14,-160,0.0104940334247,15,Combined
141,115,39,16,10,273,48,262,12,-24,0.0105125334661,15,Combined
128,103,40,10,4,275,48,236,6,-44,0.0106574707532,15,Combined
122,99,41,8,1,276,48,214,4,-64,0.0112538011955,15,Combined
8,107,40,12,5,275,48,12,86,-96,0.0114991445274,15,Combined
4,99,40,8,1,275,48,8,86,-92,0.0115531951344,15,Combined
150,129,35,25,18,272,48,274,20,-20,0.0117561922654,15,Combined
57,74,39,173,11,276,48,106,12,-158,0.0121355946554,15,Combined
81,92,41,183,2,276,48,152,4,-122,0.0123515076137,15,Combined
123,99,41,8,1,275,48,216,4,-62,0.0123849045581,15,Combined
43,45,30,153,28,277,46,84,30,-162,0.0124234701901,15,Combined
50,66,38,169,15,276,47,98,16,-162,0.012463090284,15,Combined
60,77,40,175,9,276,48,110,10,-156,0.0125381703062,15,Combined
131,104,41,10,4,274,48,242,6,-38,0.0127596760572,15,Combined
180,15,10,115,43,275,44,318,68,-42,0.0128908800812,15,Combined
159,148,27,41,29,273,47,286,32,-22,0.0130141097529,15,Combined
161,155,22,49,34,272,47,290,38,-24,0.0130641210657,15,Combined
147,122,37,20,15,273,48,270,16,-20,0.0131444175086,15,Combined
106,96,41,6,0,275,48,194,4,-82,0.0134913128674,15,Combined
151,132,34,27,20,272,48,276,22,-20,0.0135125172569,15,Combined
74,87,41,181,4,277,48,130,6,-142,0.0138500525075,15,Combined
22,174,8,76,42,272,46,52,66,-138,0.0138686035324,15,Combined
90,93,41,183,1,275,48,168,4,-106,0.0140938782257,15,Combined
152,135,33,29,22,272,48,278,24,-20,0.0143756871273,15,Combined
1,88,40,181,3,276,48,2,86,-86,0.0144673751409,15,Combined
110,96,41,6,0,274,48,200,4,-76,0.0145364054374,15,Combined
190,62,36,166,17,277,47,348,84,-72,0.0145377011129,15,Combined
76,87,40,181,4,277,48,132,6,-140,0.0145444276452,15,Combined
154,138,31,32,24,272,47,280,26,-20,0.0145764639881,15,Combined
3,95,41,186,0,276,49,6,86,-90,0.01498369208,15,Combined
102,96,41,5,0,276,49,186,4,-90,0.0149836920801,15,Combined
133,107,40,12,6,274,49,248,8,-34,0.0151744018338,15,Combined
189,58,35,163,19,276,47,346,84,-70,0.0152405888347,15,Combined
156,141,30,34,26,271,47,282,28,-20,0.0153758295714,15,Combined
65,81,40,177,7,275,48,116,8,-152,0.0154651020835,15,Combined
112,96,41,6,1,274,48,202,4,-74,0.0154684960017,15,Combined
157,145,28,39,27,273,48,284,30,-22,0.0155343276492,15,Combined
67,81,40,177,6,275,48,118,8,-150,0.0155896961811,15,Combined
101,95,41,185,0,276,48,184,4,-92,0.0156464687959,15,Combined
182,18,12,120,42,275,44,320,70,-44,0.0158467812008,15,Combined
2,92,40,183,1,276,48,4,86,-88,0.0160724875556,15,Combined
80,91,41,183,2,276,48,150,4,-124,0.0161422555462,15,Combined
114,97,41,6,1,274,48,204,4,-72,0.0167081344016,15,Combined
14,134,33,29,21,272,48,26,82,-112,0.0167231569981,15,Combined
92,93,41,183,0,275,48,170,4,-104,0.016745795406,15,Combined
10,124,37,21,15,272,48,20,84,-106,0.0167544339499,15,Combined
160,151,25,43,31,272,47,288,34,-22,0.0170373516503,15,Combined
55,74,39,173,11,276,47,104,12,-160,0.0171467718038,15,Combined
142,115,39,16,11,273,48,264,12,-22,0.0171604914655,15,Combined
163,161,18,57,36,273,47,294,42,-26,0.0171682797554,15,Combined
35,27,19,133,37,275,45,74,42,-156,0.0171988360277,15,Combined
125,99,41,8,2,275,48,220,4,-58,0.0173591054065,15,Combined
173,182,2,89,44,274,45,308,58,-34,0.017455418053,15,Combined
127,103,40,10,4,275,49,234,6,-46,0.0176006337408,15,Combined
62,78,39,175,8,275,48,112,10,-154,0.0177794365889,15,Combined
52,67,37,169,15,276,48,100,16,-160,0.0180273163618,15,Combined
12,127,36,23,17,272,47,22,84,-108,0.0180843099395,15,Combined
166,168,13,66,41,272,46,298,48,-28,0.0181636713883,15,Combined
77,87,40,181,4,276,48,134,6,-138,0.0183471938097,15,Combined
165,164,17,60,38,273,46,296,44,-26,0.0184070280445,15,Combined
178,12,7,110,44,275,44,316,66,-40,0.0184597256599,15,Combined
15,138,32,31,23,272,47,28,82,-114,0.0184722696361,15,Combined
145,122,37,20,14,273,48,268,16,-22,0.0184890080399,15,Combined
158,144,29,36,28,271,47,284,30,-20,0.0185753506287,15,Combined
187,48,32,156,25,276,46,340,82,-64,0.0185957062919,15,Combined
66,83,40,179,7,277,48,118,8,-152,0.0186923812321,15,Combined
73,85,41,179,4,275,48,128,6,-142,0.0186968928833,15,Combined
113,98,41,8,1,276,48,204,4,-74,0.0188257542408,15,Combined
172,178,4,84,44,273,44,306,56,-32,0.0189929135236,15,Combined
188,51,32,158,23,277,47,342,82,-66,0.0190185868749,15,Combined
174,5,0,95,44,274,45,310,60,-36,0.0191634082206,15,Combined
94,93,41,183,0,274,48,172,4,-102,0.0192891292465,15,Combined
32,20,14,123,41,276,44,70,48,-154,0.0193575033099,15,Combined
179,16,10,116,41,275,46,318,68,-44,0.0194992605398,15,Combined
27,9,4,103,44,274,44,62,56,-148,0.0197032230505,15,Combined
164,160,19,54,37,272,45,294,42,-24,0.019778219176,15,Combined
28,12,7,109,44,274,44,64,54,-150,0.0197841927467,15,Combined
33,19,13,121,41,275,46,70,48,-152,0.0198936140172,15,Combined
177,13,8,111,42,275,46,316,66,-42,0.0199135069652,15,Combined
23,176,5,81,43,272,45,54,64,-140,0.0199915326587,15,Combined
155,142,29,36,25,273,48,282,28,-22,0.0200261011186,15,Combined
68,83,40,179,6,277,48,120,8,-150,0.0200391490957,15,Combined
40,36,24,143,33,277,46,80,36,-158,0.0202405285916,15,Combined
139,112,40,14,9,273,48,260,10,-24,0.0204381394668,15,Combined
75,85,40,179,4,275,48,130,6,-140,0.0205961877742,15,Combined
34,23,15,126,40,276,45,72,46,-154,0.0206034654499,15,Combined
58,77,40,175,9,276,47,108,10,-158,0.0206063655045,15,Combined
29,11,6,107,43,274,45,64,54,-148,0.0206378628953,15,Combined
126,100,41,8,2,275,48,222,4,-56,0.0206993992581,15,Combined
175,8,3,100,44,274,45,312,62,-38,0.0208285198756,15,Combined
51,70,39,171,13,276,47,100,14,-162,0.0209846251782,15,Combined
176,11,5,106,43,275,45,314,64,-40,0.0210296646272,15,Combined
191,72,39,173,11,276,47,354,86,-78,0.0210535318067,15,Combined
61,79,40,177,9,278,48,112,10,-156,0.0211126995694,15,Combined
144,119,38,18,13,273,48,268,14,-20,0.021156313693,15,Combined
136,108,40,12,7,274,48,254,8,-28,0.0212666335112,15,Combined
93,95,41,185,0,277,48,172,4,-104,0.0213022065073,15,Combined
111,98,41,8,0,276,48,202,4,-76,0.021322980606,15,Combined
11,122,37,21,13,274,49,20,84,-104,0.0214060118632,15,Combined
42,40,28,148,29,276,46,82,32,-160,0.0216606536319,15,Combined
168,170,11,69,42,272,45,300,50,-28,0.0217718052566,15,Combined
26,5,2,98,44,273,45,60,58,-146,0.0218650037237,15,Combined
13,126,37,23,15,274,48,22,84,-106,0.0218821258945,15,Combined
18,156,22,49,34,272,46,40,76,-126,0.0219857623008,15,Combined
56,76,39,175,11,278,47,106,12,-160,0.022089040225,15,Combined
63,81,41,177,7,275,48,114,8,-154,0.022257803845,15,Combined
91,95,41,185,1,277,48,170,4,-106,0.0225897149362,15,Combined
171,180,3,86,43,274,46,306,56,-34,0.0226682787083,15,Combined
9,111,40,14,7,275,48,14,86,-98,0.0226956583327,15,Combined
59,79,40,177,9,278,47,110,10,-158,0.0228524379818,15,Combined
41,42,28,151,30,277,45,82,32,-162,0.022863925597,15,Combined
184,30,21,137,36,276,45,328,76,-52,0.0228805243527,15,Combined
7,109,40,12,7,273,48,12,86,-98,0.0229129474179,15,Combined
140,115,38,16,10,273,49,260,12,-26,0.0230393500979,15,Combined
24,179,3,87,44,273,45,56,62,-142,0.0230626401345,15,Combined
5,105,40,10,5,273,48,10,86,-96,0.0231757589497,15,Combined
64,83,41,179,7,277,48,116,8,-154,0.0232844624264,15,Combined
53,72,39,173,13,278,47,102,14,-162,0.0233838569023,15,Combined
25,182,0,92,44,273,45,58,60,-144,0.0234583473881,15,Combined
146,124,37,22,14,275,48,270,16,-22,0.0235319324728,15,Combined
78,88,40,181,4,276,48,136,6,-136,0.0236524191482,15,Combined
153,139,31,34,23,273,48,280,26,-22,0.0237625272234,15,Combined
37,29,20,135,35,275,46,76,40,-156,0.023802182214,15,Combined
181,19,13,121,40,275,46,320,70,-46,0.0238214664108,15,Combined
109,98,41,8,0,277,48,200,4,-78,0.0238326839477,15,Combined
39,37,25,145,33,278,45,80,36,-160,0.0238771223713,15,Combined
89,94,41,185,1,277,48,168,4,-108,0.0240074702649,15,Combined
148,127,36,25,16,274,48,272,18,-22,0.0240117910432,15,Combined
61,39,55,176,26,276,20,166,70,62,0.0030798715965,35,Combined
128,127,64,9,12,274,21,342,26,60,0.00523447122205,35,Combined
134,110,67,6,5,274,21,354,24,76,0.00561986022366,35,Combined
107,160,44,19,38,272,20,318,42,22,0.00573575567033,35,Combined
59,27,45,171,38,276,19,158,74,50,0.00594328889335,35,Combined
71,131,63,9,14,273,21,196,68,106,0.00694698635494,35,Combined
9,79,67,183,5,275,21,16,24,104,0.00777726281567,35,Combined
60,33,50,173,32,276,19,162,72,56,0.00781455581436,35,Combined
80,161,44,20,38,272,20,212,76,130,0.00808297216202,35,Combined
33,28,45,170,37,276,19,50,42,156,0.00853100112697,35,Combined
119,150,53,14,27,273,21,324,34,34,0.00894879662165,35,Combined
116,153,51,16,30,273,21,322,36,30,0.00905893407729,35,Combined
82,163,40,22,42,272,20,214,78,134,0.00925982378484,35,Combined
100,164,39,23,43,272,20,316,46,16,0.00935146744348,35,Combined
91,171,27,33,55,272,19,314,56,6,0.00970847350946,35,Combined
104,181,7,70,70,273,18,316,72,-8,0.00989256192867,35,Combined
92,173,24,36,57,272,19,314,58,4,0.009920214652,35,Combined
86,170,29,31,53,272,19,220,84,144,0.0101750038633,35,Combined
88,173,25,35,57,272,18,222,86,148,0.01075009188,35,Combined
123,141,59,11,21,273,21,330,30,44,0.0107933595136,35,Combined
135,109,68,6,4,275,21,356,24,78,0.0110997672215,35,Combined
63,51,61,179,18,276,20,172,68,70,0.0115940100949,35,Combined
126,135,62,10,16,273,21,336,28,52,0.0116243973105,35,Combined
117,9,15,137,65,274,18,322,88,-24,0.0120277558874,35,Combined
73,144,58,13,22,274,21,202,70,114,0.012028187276,35,Combined
53,14,23,152,59,275,17,146,86,30,0.0121257266328,35,Combined
36,183,1,89,71,273,18,50,78,-166,0.0121725057179,35,Combined
52,12,20,147,61,274,17,144,88,28,0.0123299239368,35,Combined
30,30,49,172,34,276,19,48,40,152,0.0124211578142,35,Combined
12,66,66,182,11,276,20,26,26,116,0.0126056989094,35,Combined
133,112,67,6,6,274,21,352,24,74,0.0126138568365,35,Combined
94,174,22,40,59,272,19,314,60,2,0.012702719502,35,Combined
75,152,53,15,28,273,21,206,72,120,0.0129037064942,35,Combined
105,181,4,78,71,273,18,316,74,-10,0.0129866428173,35,Combined
8,80,68,183,4,274,21,14,24,102,0.0130682502169,35,Combined
45,7,9,124,69,274,18,52,70,-174,0.0131958793454,35,Combined
40,21,38,165,45,275,19,52,48,164,0.0132304412514,35,Combined
5,86,68,184,3,275,21,12,24,98,0.0133557982338,35,Combined
90,170,29,30,53,272,19,314,54,8,0.013716204345,35,Combined
22,42,58,176,23,275,20,40,32,138,0.0137372966148,35,Combined
127,128,63,9,13,273,21,340,26,58,0.0137821134913,35,Combined
17,54,63,179,16,275,20,32,28,126,0.013826428345,35,Combined
121,146,57,13,23,273,21,328,32,40,0.013877127525,35,Combined
83,166,36,25,47,271,20,216,80,138,0.0139024923135,35,Combined
110,4,2,103,72,273,16,318,80,-14,0.0145888215367,35,Combined
115,7,8,122,71,274,16,320,84,-18,0.0146919486027,35,Combined
4,88,68,184,2,275,21,10,24,96,0.0148143840715,35,Combined
20,48,60,178,20,276,20,38,30,134,0.0149658691159,35,Combined
64,53,62,178,16,275,21,172,68,72,0.0150748539213,35,Combined
85,169,31,27,51,271,19,218,82,142,0.0151176401419,35,Combined
10,77,67,183,6,275,21,18,24,106,0.0151731391328,35,Combined
76,153,52,15,30,272,20,206,72,122,0.0152623105267,35,Combined
125,136,61,10,17,273,21,334,28,50,0.0152953930327,35,Combined
35,3,0,94,73,273,16,50,78,-168,0.0154281745464,35,Combined
114,7,9,123,69,274,18,320,84,-20,0.015567594587,35,Combined
39,22,39,167,44,276,18,52,48,162,0.0158696528441,35,Combined
47,6,7,117,70,274,18,52,72,-172,0.016317590019,35,Combined
102,166,36,25,46,272,20,316,48,14,0.0164013262507,35,Combined
28,178,15,50,65,273,18,46,88,-156,0.0166320629914,35,Combined
34,25,43,169,40,276,18,50,44,158,0.0167217734343,35,Combined
31,180,6,71,70,272,18,48,82,-162,0.0168456316657,35,Combined
130,117,66,8,7,275,22,350,24,70,0.0169223858379,35,Combined
96,175,19,44,62,272,19,314,62,0,0.0170610576869,35,Combined
7,84,68,184,4,276,21,14,24,100,0.0172292680616,35,Combined
87,171,27,31,55,271,18,220,84,146,0.0173585388349,35,Combined
13,63,65,180,11,275,21,26,26,118,0.0174749468708,35,Combined
111,156,48,18,33,273,21,320,38,26,0.0175977180556,35,Combined
46,7,8,123,71,274,16,52,72,-174,0.0176266124518,35,Combined
109,5,3,106,71,273,18,318,80,-16,0.0176309781612,35,Combined
68,124,64,9,11,274,22,194,68,102,0.0176377118093,35,Combined
97,174,20,39,61,272,18,314,62,2,0.0176523682084,35,Combined
118,9,13,137,67,275,16,322,88,-22,0.0176532159452,35,Combined
44,7,11,130,69,274,16,52,70,-176,0.0178536810106,35,Combined
18,54,62,179,16,276,21,34,28,128,0.017869540856,35,Combined
32,180,9,64,69,273,18,48,84,-160,0.0180608597123,35,Combined
25,36,53,175,29,277,19,46,36,146,0.0180953523017,35,Combined
132,115,66,8,7,275,21,352,24,72,0.0183601331867,35,Combined
81,162,42,19,40,271,19,212,76,132,0.0184611112042,35,Combined
99,175,18,44,64,272,18,314,64,0,0.0187650147355,35,Combined
74,146,57,12,24,272,20,202,70,116,0.0187934663031,35,Combined
57,24,41,169,42,277,18,156,76,46,0.0189874812291,35,Combined
19,48,61,178,19,275,20,36,30,132,0.0191155148319,35,Combined
62,47,60,178,20,276,20,170,68,68,0.0193692848025,35,Combined
15,62,64,180,12,275,21,28,26,120,0.0194134517192,35,Combined
95,173,23,36,59,271,18,314,60,4,0.0194659165538,35,Combined
16,57,64,181,15,277,20,32,28,124,0.0195097575891,35,Combined
3,90,68,184,1,274,21,8,24,94,0.0196343264007,35,Combined
69,127,64,8,12,273,21,194,68,104,0.0196487434692,35,Combined
136,107,68,7,4,275,21,358,24,80,0.0196579887159,35,Combined
65,58,63,180,14,276,21,174,68,74,0.0197475488951,35,Combined
11,67,66,182,10,276,20,24,26,114,0.0197905803183,35,Combined
120,146,56,13,24,272,21,326,32,38,0.019911809787,35,Combined
58,25,42,168,40,276,19,156,76,48,0.0202558827069,35,Combined
21,44,59,178,22,277,19,40,32,136,0.0203546627238,35,Combined
24,38,54,175,26,276,20,44,34,144,0.0203786849692,35,Combined
38,24,40,167,43,276,19,52,46,162,0.0204453747961,35,Combined
124,141,60,11,20,273,20,332,30,46,0.0204541643322,35,Combined
67,90,68,184,1,275,20,184,66,88,0.0204580019728,35,Combined
84,168,33,28,49,272,20,218,82,140,0.0205147484845,35,Combined
42,19,35,163,48,275,18,52,50,166,0.0205904343994,35,Combined
27,178,12,55,67,272,18,46,86,-158,0.0208079029656,35,Combined
49,15,25,155,57,276,18,54,58,174,0.0208650491373,35,Combined
72,141,59,12,20,273,21,200,70,112,0.0210242708493,35,Combined
1,99,68,5,1,275,21,2,24,86,0.0211892513342,35,Combined
0,101,68,5,2,274,21,0,24,84,0.0213089244479,35,Combined
29,33,50,174,32,277,19,48,38,150,0.0215544055195,35,Combined
89,168,32,28,50,271,19,314,52,10,0.021580232772,35,Combined
112,155,49,15,32,271,20,320,38,28,0.0216989045867,35,Combined
108,4,1,98,71,274,18,318,78,-14,0.0218448356482,35,Combined
50,14,23,151,59,276,18,54,60,176,0.0219429990514,35,Combined
41,20,37,166,47,276,17,52,50,164,0.0220414603587,35,Combined
23,40,56,177,26,277,20,44,34,142,0.0220900478031,35,Combined
26,35,52,173,29,276,20,46,36,148,0.0224319309723,35,Combined
106,181,5,73,72,273,16,316,74,-8,0.0224324670898,35,Combined
93,172,25,32,57,271,18,314,58,6,0.0224575182875,35,Combined
54,14,25,152,57,275,18,146,86,32,0.0224718929105,35,Combined
6,82,68,182,4,274,21,12,24,100,0.022487523478,35,Combined
48,16,28,158,55,276,18,54,56,172,0.0225461015929,35,Combined
70,129,64,10,12,275,21,196,68,104,0.0225983884603,35,Combined
43,8,12,131,67,274,18,52,68,-176,0.022670927976,35,Combined
103,166,38,22,45,272,19,316,48,16,0.0228331176073,35,Combined
2,97,68,5,0,275,21,4,24,88,0.0229173551195,35,Combined
101,163,40,20,43,271,19,316,46,18,0.0229537821831,35,Combined
129,126,65,9,11,274,21,344,26,62,0.0231109139025,35,Combined
98,176,16,48,63,272,19,314,64,-2,0.0232955856477,35,Combined
55,16,27,156,55,276,18,148,84,34,0.023400844625,35,Combined
56,18,33,162,50,275,17,150,80,38,0.0234629662513,35,Combined
66,84,68,183,3,275,20,182,66,86,0.0234911210804,35,Combined
51,11,19,148,63,275,16,144,88,26,0.0235577837518,35,Combined
137,103,68,5,3,274,21,358,24,82,0.0236031613845,35,Combined
131,113,66,6,7,273,21,350,24,72,0.0236943642394,35,Combined
79,159,46,17,36,272,19,210,74,128,0.0237598579233,35,Combined
78,158,48,18,34,273,20,210,74,126,0.0237664680813,35,Combined
77,155,49,17,32,272,21,208,74,124,0.0237699742794,35,Combined
14,65,65,182,11,277,21,28,26,118,0.0237852893977,35,Combined
113,158,47,17,35,272,20,320,40,26,0.0238321213189,35,Combined
122,143,58,13,21,274,22,330,30,42,0.023887462821,35,Combined
135,120,75,6,6,274,13,356,32,78,0.00207071903795,55,Combined
85,155,63,9,22,273,13,202,62,116,0.00305626495901,55,Combined
28,19,48,177,39,276,11,44,48,148,0.00471252982194,55,Combined
86,161,58,10,28,273,13,206,64,122,0.00484894111059,55,Combined
95,173,36,17,51,272,11,218,74,144,0.00536807122573,55,Combined
81,141,70,7,13,274,13,196,60,106,0.00568605208802,55,Combined
34,14,37,173,50,276,10,48,56,158,0.00618140558723,55,Combined
112,183,1,85,80,273,9,318,82,-6,0.00628811233556,55,Combined
62,20,50,178,37,276,11,158,66,48,0.00670781521689,55,Combined
36,182,7,57,77,273,9,48,88,-168,0.00745079226169,55,Combined
119,170,43,14,43,272,12,322,50,26,0.00756394142847,55,Combined
97,175,32,18,55,272,11,220,76,148,0.0079391638109,55,Combined
130,143,69,7,15,273,13,344,34,62,0.0082252642042,55,Combined
90,167,48,13,38,272,12,212,68,132,0.00828183592367,55,Combined
72,41,68,182,17,276,12,172,60,70,0.00843216512814,55,Combined
116,172,39,15,48,272,11,320,54,22,0.00884183780834,55,Combined
52,5,7,130,77,274,9,50,78,-178,0.008958158969,55,Combined
7,81,76,184,3,275,13,10,32,96,0.00952096608905,55,Combined
125,160,59,10,27,273,13,332,40,44,0.00953670908421,55,Combined
12,51,72,183,12,276,12,22,34,112,0.0106445034782,55,Combined
59,10,28,167,59,275,10,146,78,28,0.010731553405,55,Combined
56,7,15,154,71,275,9,142,86,18,0.0107880255669,55,Combined
92,169,44,14,42,272,12,214,70,136,0.0109936163217,55,Combined
40,10,26,165,61,275,10,50,64,168,0.0111502806373,55,Combined
10,69,75,183,6,275,13,14,32,102,0.0111723807113,55,Combined
94,171,40,15,46,272,12,216,72,140,0.0113493868158,55,Combined
134,123,74,5,7,274,13,354,32,76,0.011479921048,55,Combined
49,5,9,139,76,274,9,50,76,-180,0.0120417593374,55,Combined
136,117,75,6,5,275,13,358,32,80,0.012652140824,55,Combined
126,156,61,9,24,273,13,334,38,48,0.0130057685828,55,Combined
111,182,4,69,79,273,9,318,80,-4,0.013048013448,55,Combined
6,85,76,184,2,275,13,8,32,94,0.0132333726018,55,Combined
129,151,66,8,19,273,13,340,36,56,0.0137264065952,55,Combined
131,143,70,8,14,274,13,346,34,64,0.0138641612652,55,Combined
57,9,21,163,66,275,9,144,82,22,0.0138675109059,55,Combined
42,9,23,163,64,274,10,50,66,170,0.0139732335656,55,Combined
100,178,22,26,64,272,10,224,82,156,0.0140073999805,55,Combined
128,151,65,8,20,273,13,338,36,54,0.0140447638017,55,Combined
27,20,52,178,35,276,11,42,46,144,0.0142141563099,55,Combined
105,175,30,21,57,272,11,318,60,14,0.0143428790905,55,Combined
8,77,76,185,4,276,13,12,32,98,0.0144985258612,55,Combined
22,29,61,181,25,277,11,36,40,132,0.0146489223642,55,Combined
54,5,4,118,79,274,9,50,80,-176,0.0146995927087,55,Combined
23,28,60,179,26,275,12,36,40,134,0.0147470888988,55,Combined
38,11,28,167,58,275,10,50,62,166,0.015082365993,55,Combined
9,72,75,183,5,274,13,12,32,100,0.0150846441673,55,Combined
121,169,47,13,40,272,12,324,48,30,0.0152456125403,55,Combined
71,37,67,181,18,275,12,170,60,68,0.0155235659883,55,Combined
69,30,62,180,24,275,12,166,62,62,0.0161078452458,55,Combined
76,87,76,185,1,275,12,184,58,88,0.016126128961,55,Combined
102,180,15,33,71,272,9,226,86,162,0.0162357093542,55,Combined
108,176,28,20,58,272,10,318,62,14,0.0164192797443,55,Combined
17,38,67,181,18,275,12,28,36,122,0.0164970818861,55,Combined
48,6,12,147,73,274,9,50,74,178,0.0165057393856,55,Combined
2,104,76,5,2,274,13,2,32,86,0.016641271348,55,Combined
16,40,68,182,17,276,12,28,36,120,0.0168594390504,55,Combined
24,26,58,180,28,276,11,38,42,136,0.0170168952524,55,Combined
68,29,60,181,26,277,12,166,62,60,0.0172019023151,55,Combined
106,175,31,18,56,271,10,318,60,16,0.0174365338664,55,Combined
58,10,26,169,61,276,8,146,78,26,0.0174484780398,55,Combined
39,10,27,169,60,276,8,50,64,166,0.0174968990822,55,Combined
44,8,20,160,66,274,9,50,68,172,0.0176091080314,55,Combined
91,168,47,12,40,271,11,212,68,134,0.0176093031415,55,Combined
104,180,12,39,73,272,9,226,88,164,0.017700437698,55,Combined
107,176,27,23,59,272,11,318,62,12,0.017768560213,55,Combined
1,108,76,5,3,274,13,0,32,84,0.0177846226197,55,Combined
65,24,55,179,31,277,11,162,64,54,0.0179228088484,55,Combined
32,16,42,174,45,275,11,46,52,154,0.0184167782223,55,Combined
20,32,64,180,22,275,12,32,38,128,0.0185625703216,55,Combined
60,12,30,170,57,276,9,148,76,30,0.0186603744088,55,Combined
88,166,52,12,34,273,12,210,66,128,0.0186716937518,55,Combined
51,5,8,139,78,274,8,50,78,-180,0.0189182088759,55,Combined
26,23,55,179,32,276,11,40,44,140,0.0189433995849,55,Combined
3,100,76,5,1,275,13,4,32,88,0.0190003317337,55,Combined
14,49,71,183,13,276,13,24,34,114,0.0191474135763,55,Combined
46,7,15,152,71,274,9,50,72,176,0.0191803669483,55,Combined
80,136,71,6,12,273,13,194,60,104,0.0192830912171,55,Combined
114,3,1,101,80,273,9,318,84,-8,0.0194805562079,55,Combined
45,7,18,157,69,274,9,50,70,174,0.0195366940872,55,Combined
75,79,76,184,3,274,12,182,58,86,0.0195710415463,55,Combined
33,16,40,175,47,276,10,48,54,156,0.0195763553833,55,Combined
127,157,62,9,23,273,12,336,38,50,0.0197291585515,55,Combined
15,46,70,181,14,275,13,24,34,116,0.0197582503594,55,Combined
41,9,24,167,63,275,8,50,66,168,0.0199345202941,55,Combined
19,34,65,182,21,276,11,32,38,126,0.0199618685437,55,Combined
82,144,69,6,15,273,13,196,60,108,0.0200126631851,55,Combined
37,11,30,171,58,276,9,50,62,164,0.0200368024566,55,Combined
11,66,74,184,7,275,13,16,32,104,0.0200621433768,55,Combined
124,163,54,11,31,272,13,328,42,38,0.0202489166753,55,Combined
5,89,76,184,1,274,13,6,32,92,0.0204195609129,55,Combined
98,176,26,23,60,272,11,222,80,152,0.0204961933015,55,Combined
67,26,59,180,27,276,11,164,62,58,0.020584013552,55,Combined
63,21,51,176,35,275,11,158,66,50,0.0206284495149,55,Combined
31,16,44,176,44,276,10,46,52,152,0.0207654461101,55,Combined
87,162,56,9,30,272,12,206,64,124,0.0208915006443,55,Combined
132,130,72,7,9,275,14,352,32,72,0.0209062309718,55,Combined
99,176,25,22,62,271,10,222,80,154,0.0209214877751,55,Combined
50,6,11,148,75,274,8,50,76,178,0.0210178476358,55,Combined
117,174,36,16,51,272,11,320,56,20,0.0210368321775,55,Combined
78,102,76,4,1,274,12,186,58,92,0.0210657718196,55,Combined
30,18,45,175,42,276,11,46,50,152,0.0211266224193,55,Combined
73,66,75,184,6,275,12,180,58,82,0.0211849701828,55,Combined
70,35,65,182,20,277,11,170,60,66,0.0212573096369,55,Combined
53,5,5,128,79,274,8,50,80,-178,0.0212714116727,55,Combined
133,128,73,7,8,275,13,354,32,74,0.0213531148038,55,Combined
18,38,66,181,19,276,13,30,36,124,0.0217089024165,55,Combined
89,166,51,11,35,272,11,210,66,130,0.0217707753038,55,Combined
115,172,37,18,49,272,12,320,54,20,0.0218443427426,55,Combined
93,170,43,13,44,271,11,214,70,138,0.0219373015018,55,Combined
122,165,51,12,35,273,13,326,44,34,0.0221802395299,55,Combined
64,21,54,178,33,276,11,160,64,52,0.0223079204112,55,Combined
25,24,57,178,29,275,12,38,42,138,0.0225010124604,55,Combined
137,112,76,4,4,273,13,358,32,82,0.0225510136749,55,Combined
66,25,56,178,30,275,12,162,64,56,0.0226038328119,55,Combined
123,164,52,10,34,271,12,326,44,36,0.0227515805295,55,Combined
61,18,46,177,41,277,10,156,68,44,0.0227758204915,55,Combined
21,32,62,180,23,276,12,34,38,130,0.0228649070607,55,Combined
113,183,2,74,81,273,8,318,82,-4,0.0228725882766,55,Combined
13,47,71,181,13,274,13,22,34,114,0.0228864802814,55,Combined
0,114,76,6,4,275,13,0,32,82,0.0230247406588,55,Combined
74,73,76,185,5,276,12,182,58,84,0.023051214784,55,Combined
101,178,19,29,67,272,10,224,84,158,0.0232211131662,55,Combined
43,8,22,165,65,275,8,50,68,170,0.0232285983759,55,Combined
96,174,33,20,53,273,12,220,76,146,0.023244259204,55,Combined
120,169,45,12,42,271,11,322,50,28,0.0233579397205,55,Combined
109,177,26,22,61,272,10,318,64,12,0.0234503753357,55,Combined
77,95,77,185,0,276,12,186,58,90,0.0235876468655,55,Combined
103,179,14,39,71,272,11,226,88,162,0.0236202073029,55,Combined
84,153,64,10,21,274,13,202,62,114,0.023713842004,55,Combined
79,110,76,5,3,275,12,188,58,94,0.0237256463431,55,Combined
55,7,18,158,69,274,9,142,84,20,0.0237259082404,55,Combined
83,148,68,7,17,273,12,198,60,110,0.0238323871101,55,Combined
47,6,14,154,73,274,8,50,74,176,0.0238619599902,55,Combined
